date,tmax,precipitation,sunshine_s,daylight_s
1997-12-01,11.5,0.0,1750.72,33721.1
1997-12-02,13.3,2.2,30324.84,33643.68
1997-12-03,11.9,6.5,24704.37,33569.3
1997-12-04,11.1,0.0,30411.04,33498.06
1997-12-05,13.1,0.0,21286.71,33430.04
1997-12-06,12.5,0.0,29757.76,33365.36
1997-12-07,10.4,0.0,30893.71,33304.11
1997-12-08,10.9,0.0,30193.78,33246.39
1997-12-09,12.2,0.0,23749.63,33192.31
1997-12-10,13.9,0.0,29887.7,33141.96
1997-12-11,13.1,1.3,14400.0,33095.44
1997-12-12,14.4,3.0,0.0,33052.85
1997-12-13,14.2,0.0,30004.05,33014.27
1997-12-14,12.0,0.0,30000.83,32979.82
1997-12-15,10.6,0.0,21469.02,32949.58
1997-12-16,11.2,0.0,28828.06,32923.64
1997-12-17,14.7,0.0,29238.88,32902.1
1997-12-18,15.3,0.0,28800.0,32885.02
1997-12-19,15.4,1.7,23853.79,32872.52
1997-12-20,15.0,30.2,24167.9,32864.65
1997-12-21,12.5,11.5,17878.59,32861.29
1997-12-22,13.2,2.6,24374.95,32862.36
1997-12-23,14.0,0.0,25495.66,32867.83
1997-12-24,13.8,0.7,30640.9,32877.63
1997-12-25,13.0,0.0,29212.85,32891.72
1997-12-26,13.5,0.9,4009.18,32910.04
1997-12-27,12.1,12.1,12859.53,32932.55
1997-12-28,11.2,0.0,31255.87,32959.17
1997-12-29,11.8,0.0,31302.14,32989.85
1997-12-30,12.5,0.0,29388.54,33024.54
1997-12-31,14.5,0.0,31224.94,33063.16
1998-01-01,15.3,0.0,31451.56,33105.65
1998-01-02,12.8,5.3,16981.58,33151.95
1998-01-03,14.0,5.9,31507.86,33201.99
1998-01-04,13.6,0.0,0.0,33255.69
1998-01-05,14.1,0.2,19074.66,33313.01
1998-01-06,14.7,0.0,31728.58,33373.85
1998-01-07,14.1,0.0,31004.84,33438.15
1998-01-08,13.6,0.0,30600.74,33505.85
1998-01-09,13.3,0.0,31906.39,33576.95
1998-01-10,12.4,0.0,31968.42,33652.3
1998-01-11,12.7,0.0,32032.29,33731.9
1998-01-12,12.0,0.0,32097.86,33815.6
1998-01-13,12.7,0.0,25152.01,33903.19
1998-01-14,13.0,9.8,18.94,33994.52
1998-01-15,13.7,3.8,30041.89,34089.4
1998-01-16,13.3,0.0,32374.64,34187.66
1998-01-17,11.4,11.8,25206.54,34289.13
1998-01-18,13.1,0.0,32465.58,34393.64
1998-01-19,12.4,20.2,0.0,34501.02
1998-01-20,11.8,1.7,32425.86,34611.09
1998-01-21,9.0,0.0,20843.84,34723.7
1998-01-22,11.0,0.0,32400.0,34838.7
1998-01-23,10.7,0.0,32400.0,34955.9
1998-01-24,10.6,0.0,32682.19,35075.16
1998-01-25,12.1,0.3,32400.0,35196.32
1998-01-26,11.1,0.0,32629.17,35319.23
1998-01-27,8.4,1.1,19850.3,35443.76
1998-01-28,9.8,0.0,30813.02,35569.73
1998-01-29,10.6,0.0,32886.17,35697.18
1998-01-30,11.2,0.0,31900.72,35827.42
1998-01-31,12.5,12.1,30132.6,35960.58
1998-02-01,11.1,17.0,12817.48,36096.45
1998-02-02,11.5,0.0,33092.51,36234.87
1998-02-03,10.2,3.0,0.0,36375.64
1998-02-04,11.4,20.0,5713.25,36518.58
1998-02-05,12.6,0.0,33315.95,36663.5
1998-02-06,12.6,0.0,33825.66,36810.23
1998-02-07,12.7,0.0,34746.59,36958.61
1998-02-08,13.4,0.0,34657.43,37108.46
1998-02-09,11.9,0.0,35647.38,37259.62
1998-02-10,12.3,0.0,35679.78,37411.92
1998-02-11,14.8,0.0,35713.55,37565.21
1998-02-12,15.9,0.0,36077.03,37719.33
1998-02-13,17.1,0.0,36189.85,37874.14
1998-02-14,17.3,0.0,36802.97,38029.47
1998-02-15,15.5,0.0,37165.4,38185.18
1998-02-16,16.1,0.0,37202.03,38341.14
1998-02-17,14.7,0.0,26122.2,38497.2
1998-02-18,16.8,0.0,38107.9,38653.38
1998-02-19,15.3,0.0,38266.56,38811.06
1998-02-20,16.0,0.0,38426.88,38970.42
1998-02-21,16.0,0.0,38588.71,39131.3
1998-02-22,14.3,0.0,34386.55,39293.56
1998-02-23,10.8,21.1,1544.67,39457.06
1998-02-24,12.5,10.5,20943.0,39621.67
1998-02-25,15.9,0.0,38323.97,39787.22
1998-02-26,17.1,0.0,39090.1,39953.61
1998-02-27,15.5,0.0,39163.26,40120.68
1998-02-28,14.4,0.0,38405.88,40288.31
1998-03-01,14.7,0.1,37483.35,40456.36
1998-03-02,15.2,0.0,39380.99,40624.72
1998-03-03,14.8,0.0,39452.93,40793.24
1998-03-04,13.5,0.0,18503.44,40961.81
1998-03-05,14.6,0.0,38516.48,41130.31
1998-03-06,15.9,0.0,39600.0,41298.61
1998-03-07,15.0,0.0,39600.0,41466.59
1998-03-08,16.4,0.1,25165.23,41634.12
1998-03-09,17.0,3.7,37051.58,41801.09
1998-03-10,9.5,0.0,39600.0,41967.54
1998-03-11,10.4,0.0,38184.86,42134.71
1998-03-12,8.9,6.7,0.0,42302.8
1998-03-13,13.5,4.3,36000.0,42471.69
1998-03-14,14.2,0.0,40513.88,42641.28
1998-03-15,16.6,0.0,40461.91,42811.46
1998-03-16,15.3,0.0,41027.81,42982.11
1998-03-17,16.9,0.0,40975.2,43153.13
1998-03-18,17.8,0.0,41540.21,43324.41
1998-03-19,16.3,0.0,41796.14,43495.84
1998-03-20,14.7,0.0,42052.02,43667.33
1998-03-21,15.0,1.0,42207.88,43838.74
1998-03-22,10.8,0.0,42311.97,44009.98
1998-03-23,9.8,7.0,22001.63,44180.95
1998-03-24,8.9,35.4,12512.38,44351.53
1998-03-25,10.5,0.4,42622.92,44521.61
1998-03-26,12.3,0.0,42933.83,44691.08
1998-03-27,14.7,0.0,43003.26,44859.84
1998-03-28,14.8,0.0,43072.08,45027.76
1998-03-29,16.2,0.0,40775.32,45194.74
1998-03-30,17.4,0.0,43516.2,45360.81
1998-03-31,18.1,0.0,43200.0,45527.12
1998-04-01,16.6,0.0,43521.93,45693.87
1998-04-02,15.2,3.7,27342.95,45860.94
1998-04-03,17.7,0.0,43458.01,46028.24
1998-04-04,19.0,0.0,44045.76,46195.67
1998-04-05,19.7,0.0,39818.19,46363.12
1998-04-06,16.2,4.0,43673.21,46530.49
1998-04-07,17.7,0.0,43642.01,46697.67
1998-04-08,17.5,4.5,6089.15,46864.56
1998-04-09,15.8,1.4,37913.92,47031.03
1998-04-10,17.0,7.9,40869.1,47197.0
1998-04-11,16.4,12.4,42797.69,47362.33
1998-04-12,13.1,6.4,33190.02,47526.93
1998-04-13,12.5,11.2,37270.18,47690.66
1998-04-14,12.9,2.4,44994.22,47853.41
1998-04-15,16.7,0.0,45908.26,48015.07
1998-04-16,15.9,15.7,39654.95,48175.5
1998-04-17,16.1,14.0,32135.85,48334.58
1998-04-18,13.0,7.9,38966.12,48492.19
1998-04-19,15.4,0.2,45494.99,48648.33
1998-04-20,17.3,0.0,46553.89,48804.12
1998-04-21,17.5,0.0,46894.53,48959.75
1998-04-22,19.3,0.0,47236.67,49115.09
1998-04-23,20.2,0.1,35734.47,49270.03
1998-04-24,20.1,0.0,47606.5,49424.47
1998-04-25,21.4,0.0,47952.96,49578.27
1998-04-26,22.1,0.0,48301.07,49731.33
1998-04-27,20.0,2.7,35714.23,49883.51
1998-04-28,15.7,12.4,11837.31,50034.69
1998-04-29,16.0,0.8,46323.57,50184.74
1998-04-30,15.1,13.4,19911.98,50333.53
1998-05-01,16.9,13.2,27468.33,50480.93
1998-05-02,17.5,4.2,21908.75,50626.8
1998-05-03,23.3,4.8,38228.11,50771.0
1998-05-04,17.2,13.4,26324.02,50913.38
1998-05-05,19.8,3.1,35016.95,51053.8
1998-05-06,17.9,3.4,48094.38,51192.11
1998-05-07,19.9,0.0,47520.69,51328.17
1998-05-08,21.5,0.0,50243.31,51461.8
1998-05-09,24.3,0.0,50311.44,51592.99
1998-05-10,26.6,0.0,50378.08,51722.76
1998-05-11,26.5,0.0,50400.0,51851.26
1998-05-12,25.7,0.0,50400.0,51978.37
1998-05-13,25.9,0.0,50400.0,52103.98
1998-05-14,24.4,0.0,50400.0,52227.96
1998-05-15,24.1,0.4,27854.95,52350.19
1998-05-16,23.2,0.0,49197.13,52470.53
1998-05-17,20.3,7.1,39695.41,52588.87
1998-05-18,20.1,0.0,50400.0,52705.07
1998-05-19,21.3,0.0,50400.0,52818.99
1998-05-20,24.5,0.0,50400.0,52930.51
1998-05-21,23.7,0.0,50400.0,53039.48
1998-05-22,22.3,0.0,50400.0,53145.75
1998-05-23,21.2,1.1,49923.22,53249.21
1998-05-24,21.8,0.4,47499.08,53349.69
1998-05-25,17.7,4.7,247.02,53447.05
1998-05-26,21.3,0.2,50400.0,53541.14
1998-05-27,21.7,0.0,50400.0,53631.83
1998-05-28,24.2,0.3,41634.56,53718.96
1998-05-29,20.8,6.6,30619.18,53802.48
1998-05-30,21.8,0.0,41324.8,53883.06
1998-05-31,23.2,0.0,50111.64,53960.84
1998-06-01,24.3,0.0,48078.43,54035.71
1998-06-02,26.5,0.0,50400.0,54107.62
1998-06-03,29.4,0.0,50400.0,54176.46
1998-06-04,30.9,0.0,50402.07,54242.18
1998-06-05,32.3,0.0,48814.53,54304.68
1998-06-06,31.3,0.0,50400.0,54363.9
1998-06-07,27.5,0.0,38940.12,54419.74
1998-06-08,25.5,0.4,45791.44,54472.15
1998-06-09,25.8,0.0,47919.68,54521.05
1998-06-10,25.1,0.5,50400.0,54566.35
1998-06-11,21.7,2.3,32673.22,54607.98
1998-06-12,18.4,6.3,44427.44,54645.87
1998-06-13,22.4,1.4,50607.67,54679.96
1998-06-14,21.6,0.0,50595.24,54710.16
1998-06-15,21.3,2.8,22643.81,54736.42
1998-06-16,23.6,0.8,48283.64,54758.65
1998-06-17,24.6,0.0,50502.42,54776.81
1998-06-18,26.6,0.0,50400.0,54790.85
1998-06-19,26.5,0.0,50902.76,54800.83
1998-06-20,28.9,0.0,51251.15,54806.81
1998-06-21,30.1,0.0,51244.46,54808.83
1998-06-22,29.9,0.0,51238.49,54806.91
1998-06-23,27.7,0.0,50877.64,54801.09
1998-06-24,28.1,0.0,50873.15,54791.39
1998-06-25,28.5,0.0,51224.64,54777.86
1998-06-26,29.9,0.0,51221.51,54760.53
1998-06-27,30.8,0.0,51574.03,54739.44
1998-06-28,31.2,0.0,51572.31,54714.64
1998-06-29,32.1,0.0,51571.36,54686.16
1998-06-30,32.5,0.0,51217.19,54654.06
1998-07-01,34.7,0.0,51572.03,54618.38
1998-07-02,31.6,0.0,51220.26,54579.16
1998-07-03,29.6,0.0,51223.2,54536.46
1998-07-04,30.1,0.0,51199.86,54490.32
1998-07-05,28.5,0.0,51231.98,54440.8
1998-07-06,28.9,0.0,51237.85,54387.96
1998-07-07,28.8,0.0,48565.75,54331.82
1998-07-08,26.7,3.5,43997.13,54272.39
1998-07-09,27.7,0.0,51261.57,54209.1
1998-07-10,27.3,0.0,50921.51,54141.92
1998-07-11,26.8,0.0,50072.51,54071.0
1998-07-12,26.7,0.0,50778.97,53996.46
1998-07-13,28.1,0.0,50957.82,53918.44
1998-07-14,27.5,0.0,44808.18,53837.06
1998-07-15,27.3,0.0,50639.62,53752.46
1998-07-16,29.5,0.0,51002.16,53664.77
1998-07-17,29.3,0.0,50673.12,53574.12
1998-07-18,29.0,0.0,50691.18,53480.62
1998-07-19,30.7,0.0,50710.08,53384.43
1998-07-20,33.3,0.0,50400.0,53285.65
1998-07-21,33.3,0.0,50407.65,53184.42
1998-07-22,33.9,0.0,50429.82,53080.86
1998-07-23,33.5,0.0,50452.82,52975.09
1998-07-24,35.3,0.0,50439.05,52867.22
1998-07-25,33.7,0.0,50307.28,52757.39
1998-07-26,31.5,0.0,48038.75,52645.7
1998-07-27,32.7,0.0,50196.33,52532.26
1998-07-28,30.9,0.5,49821.55,52417.08
1998-07-29,32.0,0.0,49839.83,52299.19
1998-07-30,31.7,0.0,49858.37,52178.49
1998-07-31,30.8,0.0,49877.14,52055.15
1998-08-01,33.0,0.0,49896.16,51929.33
1998-08-02,34.1,0.0,49852.77,51801.17
1998-08-03,37.0,0.0,49273.22,51670.83
1998-08-04,34.0,0.0,49294.32,51538.46
1998-08-05,32.0,3.2,43431.92,51404.17
1998-08-06,35.2,0.7,43498.32,51268.14
1998-08-07,32.3,1.5,45120.48,51130.49
1998-08-08,30.5,0.0,39767.27,50991.35
1998-08-09,31.8,0.0,48096.83,50850.87
1998-08-10,34.9,0.0,48121.83,50709.16
1998-08-11,34.7,0.0,48146.88,50566.37
1998-08-12,34.2,0.5,46089.6,50422.6
1998-08-13,32.6,0.1,47549.94,50277.99
1998-08-14,31.1,0.0,47576.59,50132.64
1998-08-15,32.1,0.0,47280.88,49986.68
1998-08-16,33.6,0.0,47308.14,49840.23
1998-08-17,34.0,0.0,47335.36,49693.24
1998-08-18,31.5,0.6,46512.6,49544.67
1998-08-19,29.6,0.2,46796.4,49394.37
1998-08-20,29.7,0.7,44347.78,49242.46
1998-08-21,28.9,0.6,46615.62,49089.08
1998-08-22,27.3,0.0,45270.59,48934.37
1998-08-23,30.4,0.0,46324.99,48778.44
1998-08-24,27.6,0.0,42802.96,48621.41
1998-08-25,29.3,0.0,46089.83,48463.42
1998-08-26,29.0,0.1,45187.69,48304.56
1998-08-27,27.5,0.0,45231.02,48144.98
1998-08-28,27.0,0.7,43022.29,47984.76
1998-08-29,26.8,2.2,44147.19,47824.03
1998-08-30,25.2,0.0,45050.95,47662.9
1998-08-31,26.3,0.0,44159.41,47501.46
1998-09-01,27.9,0.0,44206.26,47339.83
1998-09-02,30.2,0.0,43941.78,47178.12
1998-09-03,30.0,1.1,39600.0,47016.41
1998-09-04,28.4,0.0,43200.0,46854.82
1998-09-05,26.8,3.5,36552.28,46693.44
1998-09-06,27.8,0.0,42758.39,46532.23
1998-09-07,26.0,0.0,39600.0,46370.11
1998-09-08,26.9,0.5,40387.31,46206.92
1998-09-09,29.5,0.0,43200.0,46042.76
1998-09-10,28.8,0.0,43200.0,45877.74
1998-09-11,27.7,0.2,38091.22,45711.99
1998-09-12,22.1,28.7,15260.57,45545.58
1998-09-13,21.1,5.1,38505.7,45378.64
1998-09-14,20.2,1.0,43075.46,45211.26
1998-09-15,21.3,0.0,43200.0,45043.55
1998-09-16,21.3,0.2,43200.0,44875.61
1998-09-17,21.2,1.9,41909.69,44707.54
1998-09-18,25.1,0.0,43200.0,44539.43
1998-09-19,24.4,0.0,43200.0,44371.39
1998-09-20,23.4,0.0,43200.0,44203.51
1998-09-21,24.0,0.0,43099.6,44035.9
1998-09-22,23.3,0.0,43120.03,43868.65
1998-09-23,23.2,0.2,43057.42,43701.85
1998-09-24,24.8,0.2,41939.1,43535.62
1998-09-25,21.3,20.6,490.98,43370.04
1998-09-26,24.8,0.6,39604.13,43205.06
1998-09-27,22.0,37.8,23459.09,43039.57
1998-09-28,21.2,2.4,41325.1,42873.38
1998-09-29,21.7,0.1,41888.82,42706.6
1998-09-30,21.8,0.0,38600.26,42539.33
1998-10-01,21.8,7.6,28158.25,42371.69
1998-10-02,20.0,16.5,33796.59,42203.78
1998-10-03,17.4,10.1,3746.43,42035.71
1998-10-04,19.0,1.3,37094.46,41867.59
1998-10-05,19.5,14.4,2433.84,41699.52
1998-10-06,20.8,41.1,379.66,41531.63
1998-10-07,20.3,33.0,23425.06,41364.01
1998-10-08,18.8,12.2,22952.24,41196.78
1998-10-09,20.8,0.0,36000.0,41030.05
1998-10-10,20.2,0.0,36719.53,40863.94
1998-10-11,19.7,0.0,36761.24,40698.56
1998-10-12,19.7,0.0,34292.13,40534.01
1998-10-13,19.7,0.0,36933.72,40370.44
1998-10-14,19.2,0.0,37336.15,40207.96
1998-10-15,19.8,0.0,36888.76,40046.68
1998-10-16,20.1,0.0,36609.09,39886.58
1998-10-17,19.7,0.0,24483.47,39726.39
1998-10-18,20.6,0.0,7588.99,39565.93
1998-10-19,21.4,4.7,31453.88,39405.33
1998-10-20,19.7,10.8,25387.75,39244.71
1998-10-21,20.6,0.0,36000.0,39084.2
1998-10-22,19.9,0.0,36000.0,38923.95
1998-10-23,18.7,0.0,36000.0,38764.08
1998-10-24,18.4,0.0,36000.0,38604.74
1998-10-25,19.2,4.5,3808.26,38446.05
1998-10-26,18.9,1.3,36000.0,38288.17
1998-10-27,18.6,0.0,36000.0,38131.23
1998-10-28,17.9,0.2,17834.97,37975.39
1998-10-29,18.8,0.4,31884.57,37820.8
1998-10-30,18.9,1.1,35713.79,37667.6
1998-10-31,17.0,0.0,25675.09,37515.96
1998-11-01,18.4,0.6,32864.47,37366.04
1998-11-02,18.6,0.0,32627.91,37218.0
1998-11-03,18.9,3.2,34055.61,37072.0
1998-11-04,20.1,2.3,34677.2,36928.22
1998-11-05,19.8,2.1,35694.88,36786.65
1998-11-06,16.4,3.0,86.83,36645.95
1998-11-07,17.8,0.0,35559.26,36505.95
1998-11-08,15.7,0.0,35493.32,36366.78
1998-11-09,15.5,0.0,35428.72,36228.59
1998-11-10,15.1,1.7,32400.0,36091.54
1998-11-11,15.2,17.4,18259.12,35955.8
1998-11-12,14.5,0.0,34766.03,35821.51
1998-11-13,14.1,0.0,35095.7,35688.85
1998-11-14,13.3,2.7,4603.47,35557.98
1998-11-15,14.3,0.9,33263.23,35429.07
1998-11-16,14.2,0.1,33571.29,35302.3
1998-11-17,12.6,0.0,34579.47,35177.84
1998-11-18,11.6,0.0,29778.3,35055.88
1998-11-19,10.7,0.0,2150.72,34936.6
1998-11-20,9.3,0.0,34218.04,34820.18
1998-11-21,7.4,0.0,33361.42,34706.82
1998-11-22,9.9,0.3,27269.51,34596.7
1998-11-23,9.3,0.4,31251.54,34490.03
1998-11-24,9.8,0.0,31679.16,34386.99
1998-11-25,11.0,0.0,27048.01,34287.64
1998-11-26,12.5,0.0,29670.87,34190.87
1998-11-27,11.3,6.3,15749.13,34096.52
1998-11-28,13.0,1.2,23045.68,34004.71
1998-11-29,11.8,0.0,30869.09,33915.56
1998-11-30,10.1,8.8,728.2,33829.2
1998-12-01,13.0,0.1,28547.22,33745.75
1998-12-02,12.1,0.7,16278.24,33665.35
1998-12-03,14.7,0.0,29993.07,33588.11
1998-12-04,13.0,26.9,15396.34,33514.17
1998-12-05,11.0,9.9,25405.0,33443.65
1998-12-06,9.5,0.0,30117.91,33376.69
1998-12-07,8.8,0.0,30520.89,33313.42
1998-12-08,7.3,0.0,30557.41,33253.95
1998-12-09,7.3,0.0,30222.21,33198.43
1998-12-10,7.8,0.8,13898.63,33146.98
1998-12-11,11.1,9.2,15541.96,33099.73
1998-12-12,13.4,0.0,29638.34,33056.8
1998-12-13,12.3,0.0,28564.51,33018.32
1998-12-14,13.3,0.0,29633.85,32984.4
1998-12-15,14.5,0.0,30000.97,32955.13
1998-12-16,13.9,0.0,30014.59,32930.13
1998-12-17,14.1,0.0,29988.15,32909.29
1998-12-18,12.2,0.0,29979.34,32892.63
1998-12-19,11.3,0.0,29968.97,32880.13
1998-12-20,11.7,2.3,12463.02,32871.77
1998-12-21,10.7,21.5,5974.06,32867.57
1998-12-22,9.3,0.0,30675.36,32867.5
1998-12-23,7.8,0.0,30659.47,32871.55
1998-12-24,9.0,0.0,25200.0,32879.7
1998-12-25,10.6,0.0,24343.4,32891.95
1998-12-26,9.1,0.0,30976.91,32908.27
1998-12-27,9.7,0.0,28800.0,32928.63
1998-12-28,10.8,0.0,30186.99,32953.01
1998-12-29,11.3,0.0,30909.67,32981.38
1998-12-30,11.9,0.0,31257.77,33013.74
1998-12-31,12.5,0.0,29368.71,33050.03
1999-01-01,14.2,0.0,29342.92,33090.22
1999-01-02,13.3,5.1,16518.12,33134.3
1999-01-03,12.4,0.0,31539.06,33182.22
1999-01-04,14.1,0.0,31591.62,33234.03
1999-01-05,15.0,0.0,31646.42,33290.31
1999-01-06,14.5,0.0,31703.39,33351.06
1999-01-07,13.4,0.0,31762.42,33416.14
1999-01-08,12.1,0.0,1543.46,33485.38
1999-01-09,13.7,0.0,28999.73,33558.64
1999-01-10,12.6,0.1,0.0,33635.76
1999-01-11,12.7,10.7,21891.52,33716.58
1999-01-12,10.6,0.2,27154.87,33800.95
1999-01-13,10.1,14.9,0.0,33888.72
1999-01-14,9.8,0.0,32221.25,33979.72
1999-01-15,12.5,0.0,32291.68,34073.83
1999-01-16,12.1,0.0,32362.93,34170.87
1999-01-17,11.8,0.0,32400.0,34270.71
1999-01-18,13.4,0.0,32400.0,34373.19
1999-01-19,13.4,0.0,32400.0,34478.18
1999-01-20,13.1,0.0,32400.0,34585.52
1999-01-21,12.3,0.0,32411.3,34695.09
1999-01-22,11.7,0.0,32400.0,34806.73
1999-01-23,11.4,0.0,32400.0,34920.31
1999-01-24,11.0,0.0,32400.0,35035.86
1999-01-25,11.4,0.0,32665.5,35154.6
1999-01-26,10.3,0.1,26908.97,35276.63
1999-01-27,12.4,9.5,30127.81,35401.78
1999-01-28,11.0,2.2,32925.14,35529.83
1999-01-29,10.8,0.0,32400.0,35660.59
1999-01-30,3.9,0.0,33203.74,35793.88
1999-01-31,4.7,0.0,33169.45,35929.52
1999-02-01,5.6,0.0,33474.77,36067.31
1999-02-02,7.9,0.0,33437.77,36207.08
1999-02-03,10.7,0.0,33412.33,36348.65
1999-02-04,12.1,0.0,32400.0,36491.85
1999-02-05,11.1,0.0,56.11,36636.52
1999-02-06,12.6,0.0,32833.46,36782.49
1999-02-07,12.2,1.3,34582.35,36929.59
1999-02-08,9.2,4.9,32375.79,37077.67
1999-02-09,11.1,8.4,14400.0,37226.57
1999-02-10,11.0,23.8,0.0,37376.14
1999-02-11,4.8,6.7,23283.12,37526.22
1999-02-12,4.9,1.7,34659.01,37676.69
1999-02-13,6.5,0.3,36217.9,37827.56
1999-02-14,6.9,0.3,35257.56,37980.2
1999-02-15,7.6,0.0,36171.92,38134.8
1999-02-16,8.5,0.0,35885.6,38291.18
1999-02-17,8.8,1.7,1858.87,38449.21
1999-02-18,11.5,0.0,37916.11,38608.71
1999-02-19,13.3,0.0,35074.59,38769.54
1999-02-20,11.4,2.3,7209.3,38931.54
1999-02-21,13.5,0.1,31093.98,39094.59
1999-02-22,14.6,1.3,33571.22,39258.51
1999-02-23,10.6,0.1,27418.01,39423.18
1999-02-24,11.3,0.7,37098.45,39588.46
1999-02-25,13.9,10.2,29656.59,39754.21
1999-02-26,12.7,0.0,39072.31,39920.3
1999-02-27,14.2,0.0,39145.61,40086.59
1999-02-28,14.9,0.0,39218.51,40252.96
1999-03-01,15.3,0.0,39291.02,40419.28
1999-03-02,14.4,0.0,39363.11,40585.41
1999-03-03,14.5,0.0,27014.14,40751.24
1999-03-04,13.5,9.1,35635.28,40916.64
1999-03-05,11.6,17.7,33148.84,41081.64
1999-03-06,11.2,10.4,33044.24,41247.52
1999-03-07,11.0,4.2,30776.4,41414.49
1999-03-08,11.8,0.1,39600.0,41582.42
1999-03-09,14.2,0.0,36668.96,41751.18
1999-03-10,16.1,0.0,39600.0,41920.68
1999-03-11,16.5,0.0,39750.95,42090.8
1999-03-12,18.2,0.0,39699.43,42261.4
1999-03-13,17.8,0.0,39957.29,42432.39
1999-03-14,19.2,0.0,40214.59,42603.65
1999-03-15,19.5,0.0,39600.0,42775.07
1999-03-16,19.2,1.0,40109.78,42946.54
1999-03-17,13.6,0.2,39349.35,43117.94
1999-03-18,11.7,0.0,41858.21,43289.17
1999-03-19,12.2,0.0,40879.29,43460.11
1999-03-20,13.4,0.0,41753.18,43630.65
1999-03-21,14.4,0.0,37543.46,43800.69
1999-03-22,11.1,24.3,10851.77,43970.1
1999-03-23,13.9,2.5,39574.0,44138.78
1999-03-24,16.2,0.0,42492.3,44306.62
1999-03-25,15.4,2.2,29864.05,44473.64
1999-03-26,15.2,4.4,24337.26,44641.02
1999-03-27,14.2,5.8,39600.0,44808.95
1999-03-28,11.9,7.4,15645.28,44977.33
1999-03-29,13.4,2.5,42998.21,45146.06
1999-03-30,17.8,0.2,43100.59,45315.05
1999-03-31,17.9,0.4,43253.31,45484.18
1999-04-01,17.8,0.0,43220.94,45653.35
1999-04-02,18.2,0.0,43807.08,45822.46
1999-04-03,19.8,0.0,44084.82,45991.39
1999-04-04,20.3,0.0,44053.55,46160.06
1999-04-05,20.1,0.0,43402.39,46328.35
1999-04-06,19.2,0.0,43991.41,46496.14
1999-04-07,17.1,0.0,43200.0,46663.33
1999-04-08,13.5,26.5,33927.75,46829.81
1999-04-09,14.9,9.2,36872.4,46995.48
1999-04-10,14.8,0.7,40929.74,47160.19
1999-04-11,16.3,0.0,44774.85,47323.84
1999-04-12,13.9,3.3,43495.76,47486.31
1999-04-13,14.1,13.1,30176.0,47647.48
1999-04-14,14.9,0.0,43972.99,47807.36
1999-04-15,18.9,0.7,44032.21,47967.08
1999-04-16,15.4,17.1,0.0,48126.83
1999-04-17,13.2,18.6,19582.73,48286.48
1999-04-18,14.6,5.2,44633.2,48445.95
1999-04-19,15.6,0.0,46462.07,48605.1
1999-04-20,14.6,3.9,18000.0,48763.84
1999-04-21,16.6,0.0,18547.26,48922.04
1999-04-22,19.8,1.4,45939.15,49079.58
1999-04-23,18.0,2.4,42468.26,49236.35
1999-04-24,15.3,6.8,6359.67,49392.23
1999-04-25,18.5,0.6,47305.76,49547.08
1999-04-26,16.9,0.9,42787.01,49700.78
1999-04-27,16.0,3.6,12535.83,49853.19
1999-04-28,23.3,0.0,44849.9,50004.2
1999-04-29,22.4,0.0,49230.06,50153.65
1999-04-30,21.3,0.0,47004.14,50301.41
1999-05-01,24.3,0.0,49556.41,50447.33
1999-05-02,23.0,0.0,39569.73,50591.28
1999-05-03,27.0,0.0,43736.62,50733.08
1999-05-04,21.1,0.5,43193.63,50872.76
1999-05-05,19.7,2.8,38899.47,51011.34
1999-05-06,21.7,1.0,48103.58,51149.01
1999-05-07,20.8,0.3,48073.97,51285.65
1999-05-08,21.3,0.1,47716.6,51421.12
1999-05-09,20.6,1.2,38858.45,51555.31
1999-05-10,22.8,0.0,48522.35,51688.09
1999-05-11,22.3,0.0,49888.35,51819.33
1999-05-12,21.5,0.0,50400.0,51948.9
1999-05-13,22.2,0.0,46833.6,52076.66
1999-05-14,25.7,0.0,49451.2,52202.48
1999-05-15,22.8,0.0,49686.42,52326.23
1999-05-16,23.2,0.0,28926.09,52447.75
1999-05-17,26.3,0.6,30212.37,52566.9
1999-05-18,25.7,0.0,37253.58,52683.55
1999-05-19,23.3,0.0,44632.86,52797.53
1999-05-20,20.7,1.6,49111.17,52908.69
1999-05-21,18.6,7.8,32989.94,53016.89
1999-05-22,20.0,1.9,39337.6,53121.96
1999-05-23,21.7,0.0,50400.0,53223.74
1999-05-24,24.3,0.0,50400.0,53322.21
1999-05-25,24.1,0.0,50400.0,53418.15
1999-05-26,23.8,0.5,50273.62,53511.68
1999-05-27,25.4,0.0,50400.0,53602.72
1999-05-28,26.9,0.0,49282.75,53691.16
1999-05-29,26.4,0.0,50400.0,53776.91
1999-05-30,27.2,0.0,50400.0,53859.87
1999-05-31,27.7,0.0,50400.0,53939.94
1999-06-01,27.9,0.1,44900.31,54017.02
1999-06-02,29.5,0.0,45322.05,54091.02
1999-06-03,28.3,0.0,50424.51,54161.83
1999-06-04,27.3,0.0,50404.4,54229.37
1999-06-05,25.3,0.0,50400.0,54293.51
1999-06-06,26.8,0.0,50400.0,54354.18
1999-06-07,29.3,0.0,43042.3,54411.27
1999-06-08,29.0,1.0,50400.0,54464.67
1999-06-09,29.6,0.0,50668.41,54514.31
1999-06-10,31.6,0.0,46536.44,54560.08
1999-06-11,25.4,0.3,50400.0,54601.87
1999-06-12,25.3,0.2,48521.96,54639.6
1999-06-13,28.2,0.0,50967.87,54673.23
1999-06-14,27.9,0.0,50600.85,54702.99
1999-06-15,25.6,0.0,50944.73,54728.97
1999-06-16,26.4,2.2,46315.89,54751.15
1999-06-17,27.1,0.0,49937.75,54769.54
1999-06-18,27.4,0.2,50332.51,54784.13
1999-06-19,26.8,0.0,50549.86,54794.92
1999-06-20,24.5,23.6,47828.18,54801.93
1999-06-21,23.3,0.8,46665.33,54805.14
1999-06-22,24.0,1.3,51238.98,54804.58
1999-06-23,25.5,0.0,51233.05,54800.25
1999-06-24,26.6,0.0,51227.94,54792.16
1999-06-25,27.1,0.0,51578.93,54780.32
1999-06-26,27.2,0.0,51220.25,54764.76
1999-06-27,28.0,0.0,51572.6,54745.48
1999-06-28,26.5,0.3,50508.57,54722.5
1999-06-29,29.1,0.0,50506.64,54695.85
1999-06-30,29.4,0.0,51215.8,54665.54
1999-07-01,30.5,0.0,51217.15,54631.6
1999-07-02,31.3,0.0,51219.56,54594.05
1999-07-03,31.5,0.0,50869.76,54552.87
1999-07-04,32.3,0.0,51227.16,54507.65
1999-07-05,31.9,0.0,51584.6,54458.38
1999-07-06,30.9,0.0,50886.24,54405.19
1999-07-07,27.9,0.2,47611.55,54348.17
1999-07-08,27.5,9.3,25843.22,54287.44
1999-07-09,25.3,3.4,30281.75,54223.12
1999-07-10,24.6,2.7,48293.78,54155.33
1999-07-11,26.0,0.0,50053.18,54084.15
1999-07-12,28.6,0.0,50942.75,54009.74
1999-07-13,30.6,0.0,50607.03,53932.18
1999-07-14,27.7,0.6,47656.64,53851.6
1999-07-15,29.3,0.0,50635.87,53768.1
1999-07-16,29.0,3.1,50047.67,53681.8
1999-07-17,30.1,0.0,50400.0,53592.82
1999-07-18,28.7,0.0,50400.0,53501.25
1999-07-19,29.4,0.0,50400.0,53407.21
1999-07-20,30.2,0.0,50400.0,53310.82
1999-07-21,30.2,0.0,50400.75,53212.17
1999-07-22,29.1,0.0,50422.52,53111.37
1999-07-23,28.0,0.4,45793.64,53008.41
1999-07-24,25.8,10.5,33235.33,52902.41
1999-07-25,24.6,4.3,16920.88,52793.3
1999-07-26,27.1,0.0,49707.74,52681.21
1999-07-27,28.8,0.0,50132.94,52566.33
1999-07-28,27.4,0.4,39600.0,52448.8
1999-07-29,27.7,6.0,45524.91,52328.78
1999-07-30,27.9,0.0,49519.03,52206.4
1999-07-31,28.1,0.0,49872.05,52081.81
1999-08-01,27.1,0.0,48561.66,51955.17
1999-08-02,29.2,0.0,49247.49,51826.62
1999-08-03,29.6,0.0,48937.69,51696.28
1999-08-04,30.4,0.0,44494.42,51564.3
1999-08-05,30.7,0.0,48322.89,51430.81
1999-08-06,30.1,0.0,48346.65,51295.94
1999-08-07,31.5,0.0,48370.49,51159.82
1999-08-08,31.7,0.0,48394.39,51022.57
1999-08-09,35.4,0.0,41902.19,50884.32
1999-08-10,35.6,0.0,48116.42,50745.18
1999-08-11,31.3,0.0,47815.89,50605.28
1999-08-12,29.2,0.0,46359.24,50464.6
1999-08-13,27.1,0.1,46766.28,50322.06
1999-08-14,27.6,0.0,47245.94,50177.56
1999-08-15,27.8,0.0,46950.54,50031.22
1999-08-16,29.7,0.0,46978.44,49883.19
1999-08-17,30.5,0.0,47327.67,49733.6
1999-08-18,30.6,0.0,47034.59,49582.58
1999-08-19,33.2,0.0,46800.0,49430.26
1999-08-20,34.7,0.0,46724.62,49276.78
1999-08-21,31.4,0.0,46632.87,49122.24
1999-08-22,31.4,0.7,45979.83,48966.78
1999-08-23,30.4,0.0,46318.13,48810.51
1999-08-24,30.9,0.0,46352.68,48653.55
1999-08-25,31.9,0.0,46257.95,48496.01
1999-08-26,31.7,0.0,45808.53,48338.01
1999-08-27,30.0,0.3,40993.74,48179.65
1999-08-28,30.2,0.0,44951.35,48021.04
1999-08-29,28.7,5.3,42087.46,47862.28
1999-08-30,25.1,8.5,33161.94,47703.49
1999-08-31,27.7,0.0,44458.42,47544.76
1999-09-01,28.2,0.0,44191.7,47386.06
1999-09-02,27.9,0.6,43926.47,47226.3
1999-09-03,23.7,0.0,40620.02,47065.33
1999-09-04,23.7,0.3,28531.75,46903.26
1999-09-05,25.2,6.1,41867.55,46740.21
1999-09-06,26.6,0.0,43200.0,46576.29
1999-09-07,25.2,4.7,14187.63,46411.6
1999-09-08,26.9,2.2,43200.0,46246.26
1999-09-09,28.0,0.0,43200.0,46080.37
1999-09-10,28.7,0.0,43200.0,45914.03
1999-09-11,27.2,0.0,41324.79,45747.35
1999-09-12,27.5,0.0,43200.0,45580.43
1999-09-13,27.2,0.0,43200.0,45413.37
1999-09-14,28.3,0.0,43200.0,45246.27
1999-09-15,27.3,6.0,28175.46,45079.23
1999-09-16,23.6,11.6,15865.6,44912.34
1999-09-17,26.0,0.3,43200.0,44745.71
1999-09-18,25.3,0.3,42565.72,44579.43
1999-09-19,25.5,0.5,37851.18,44413.6
1999-09-20,28.0,17.2,36044.92,44248.31
1999-09-21,23.0,11.6,43057.06,44083.52
1999-09-22,25.2,0.0,43136.01,43918.12
1999-09-23,26.0,0.0,43073.42,43751.94
1999-09-24,27.3,0.0,43010.66,43585.07
1999-09-25,27.4,0.0,42860.46,43417.63
1999-09-26,26.8,0.0,42692.44,43249.72
1999-09-27,24.8,4.3,42340.42,43081.44
1999-09-28,21.5,25.3,14789.94,42912.9
1999-09-29,24.7,0.0,41889.64,42744.21
1999-09-30,23.6,0.0,40952.81,42575.47
1999-10-01,23.0,3.8,38359.45,42406.78
1999-10-02,23.4,0.0,39372.66,42238.26
1999-10-03,23.3,0.0,38848.18,42069.99
1999-10-04,22.4,8.8,30941.68,41902.1
1999-10-05,18.9,0.5,38091.24,41734.68
1999-10-06,19.0,0.0,39116.68,41567.86
1999-10-07,20.0,0.0,39831.92,41401.73
1999-10-08,19.9,0.0,39296.2,41236.4
1999-10-09,20.3,0.0,38758.84,41072.0
1999-10-10,21.7,0.0,37905.36,40908.63
1999-10-11,22.6,0.0,36735.42,40746.25
1999-10-12,21.6,0.0,37765.74,40583.64
1999-10-13,21.7,0.0,33520.08,40420.62
1999-10-14,21.5,0.0,36525.91,40257.31
1999-10-15,22.4,0.5,29362.83,40093.83
1999-10-16,20.6,2.3,30280.08,39930.31
1999-10-17,19.5,4.7,27315.4,39766.86
1999-10-18,18.6,19.8,4484.89,39603.61
1999-10-19,16.8,20.4,29663.76,39440.7
1999-10-20,19.5,0.1,27989.41,39278.25
1999-10-21,19.9,11.7,8406.08,39116.39
1999-10-22,18.9,7.1,29765.18,38955.26
1999-10-23,20.8,7.2,26127.46,38794.99
1999-10-24,20.7,2.5,36000.0,38635.74
1999-10-25,23.9,0.0,36000.0,38477.61
1999-10-26,25.9,0.0,36000.0,38320.78
1999-10-27,25.2,0.0,36000.0,38165.39
1999-10-28,23.9,0.0,36000.0,38011.58
1999-10-29,23.2,0.0,35001.01,37859.52
1999-10-30,21.6,0.0,32683.92,37709.34
1999-10-31,21.8,0.0,32400.0,37561.05
1999-11-01,21.6,0.0,36000.0,37413.31
1999-11-02,21.0,0.0,35935.66,37265.92
1999-11-03,20.3,0.0,34903.1,37119.03
1999-11-04,19.6,13.4,27375.06,36972.79
1999-11-05,18.7,10.3,33081.21,36827.35
1999-11-06,17.7,6.9,27523.34,36682.87
1999-11-07,17.3,2.3,35576.8,36539.5
1999-11-08,17.6,5.7,28308.92,36397.4
1999-11-09,16.1,0.0,35442.56,36256.74
1999-11-10,15.3,0.0,35377.77,36117.68
1999-11-11,14.9,4.1,32066.79,35980.4
1999-11-12,17.6,0.1,35253.23,35845.07
1999-11-13,18.6,0.0,33352.81,35711.86
1999-11-14,16.6,2.3,33313.63,35580.97
1999-11-15,14.9,8.3,9908.64,35452.56
1999-11-16,15.6,12.6,19658.58,35326.83
1999-11-17,12.9,18.0,33978.23,35203.97
1999-11-18,10.3,4.2,33706.39,35084.18
1999-11-19,12.7,15.3,16873.52,34967.64
1999-11-20,11.4,2.4,23756.94,34854.4
1999-11-21,13.0,25.1,3428.33,34743.25
1999-11-22,12.4,1.9,25796.05,34634.0
1999-11-23,10.6,0.0,33290.02,34526.8
1999-11-24,13.6,0.0,32174.62,34421.78
1999-11-25,14.0,0.0,33198.34,34319.08
1999-11-26,12.9,0.0,32792.86,34218.86
1999-11-27,13.2,0.0,32562.64,34121.25
1999-11-28,13.7,0.0,32623.91,34026.41
1999-11-29,14.2,0.0,30876.67,33934.48
1999-11-30,16.3,0.0,24334.01,33845.62
1999-12-01,15.8,0.0,30618.87,33759.97
1999-12-02,15.3,0.2,24019.99,33677.69
1999-12-03,13.8,0.0,28568.43,33598.94
1999-12-04,14.6,1.8,21672.88,33523.86
1999-12-05,13.0,12.2,13377.57,33452.63
1999-12-06,11.3,1.5,30844.78,33385.38
1999-12-07,10.4,0.0,30882.97,33322.27
1999-12-08,11.5,0.0,28897.18,33263.47
1999-12-09,11.7,0.2,19878.99,33209.13
1999-12-10,12.3,36.6,0.0,33159.31
1999-12-11,12.0,3.7,24738.76,33113.4
1999-12-12,12.6,1.0,22729.7,33071.3
1999-12-13,12.5,0.3,30008.35,33033.04
1999-12-14,13.9,9.1,3234.5,32998.65
1999-12-15,14.6,27.5,0.0,32968.17
1999-12-16,12.5,5.9,10731.61,32941.64
1999-12-17,8.5,9.7,8368.6,32919.08
1999-12-18,11.9,0.0,29978.35,32900.53
1999-12-19,13.2,0.0,29295.84,32886.02
1999-12-20,12.2,6.3,16850.63,32875.56
1999-12-21,6.2,7.9,28802.22,32869.2
1999-12-22,6.4,0.0,30676.07,32866.94
1999-12-23,7.1,0.0,30660.97,32868.81
1999-12-24,7.0,0.4,27969.64,32874.83
1999-12-25,10.5,0.7,1323.59,32885.01
1999-12-26,14.3,1.5,20700.95,32899.37
1999-12-27,15.7,0.2,26979.76,32917.92
1999-12-28,13.3,13.9,26776.99,32940.66
1999-12-29,8.7,6.4,28581.56,32967.61
1999-12-30,9.1,0.0,28263.9,32998.82
1999-12-31,8.3,0.0,31368.3,33034.63
2000-01-01,8.4,0.0,31416.86,33075.02
2000-01-02,9.0,0.0,31467.75,33119.87
2000-01-03,10.0,0.0,31520.84,33169.06
2000-01-04,10.6,0.0,31575.99,33222.45
2000-01-05,11.3,0.0,31633.06,33279.92
2000-01-06,11.9,0.0,31691.92,33341.36
2000-01-07,10.9,0.0,31752.43,33406.63
2000-01-08,11.5,0.0,27563.57,33475.6
2000-01-09,12.0,0.0,31877.86,33548.16
2000-01-10,12.4,0.0,31942.49,33624.17
2000-01-11,11.4,0.2,32008.24,33703.5
2000-01-12,11.3,0.5,32074.94,33786.03
2000-01-13,12.1,1.1,28596.18,33871.63
2000-01-14,11.2,4.3,12441.23,33960.18
2000-01-15,12.3,0.0,32279.49,34051.56
2000-01-16,11.5,0.0,32348.7,34145.64
2000-01-17,8.9,0.0,32400.0,34242.29
2000-01-18,11.3,0.0,32400.0,34341.41
2000-01-19,10.4,0.0,32459.01,34443.01
2000-01-20,9.7,0.0,32439.49,34548.2
2000-01-21,10.5,3.4,25197.68,34657.08
2000-01-22,10.7,2.9,27666.82,34769.44
2000-01-23,8.5,9.1,21544.54,34885.08
2000-01-24,8.3,0.0,32697.27,35003.82
2000-01-25,6.0,0.0,32670.9,35125.45
2000-01-26,6.9,0.0,32643.48,35249.8
2000-01-27,7.6,0.0,32615.09,35376.68
2000-01-28,10.4,0.0,27426.74,35505.9
2000-01-29,11.2,4.7,27006.47,35637.29
2000-01-30,13.6,0.0,31282.32,35770.67
2000-01-31,13.1,0.0,18453.59,35905.86
2000-02-01,13.7,0.0,30341.45,36042.71
2000-02-02,12.9,0.6,18088.97,36181.04
2000-02-03,15.1,2.3,23159.21,36320.69
2000-02-04,13.3,0.0,33708.89,36461.51
2000-02-05,11.6,0.0,34006.9,36603.33
2000-02-06,13.3,0.0,34198.04,36746.0
2000-02-07,12.2,0.0,33235.85,36889.37
2000-02-08,12.6,0.0,16784.59,37033.48
2000-02-09,14.0,0.1,15108.76,37179.68
2000-02-10,12.3,0.0,34861.1,37328.15
2000-02-11,12.8,0.0,35029.29,37478.71
2000-02-12,11.8,0.0,33098.55,37631.19
2000-02-13,12.6,0.0,36087.73,37785.43
2000-02-14,14.0,0.0,35488.63,37941.26
2000-02-15,12.8,0.0,25095.23,38098.53
2000-02-16,13.7,1.1,15368.58,38257.06
2000-02-17,9.8,3.9,26236.25,38416.72
2000-02-18,10.6,0.0,38031.24,38577.34
2000-02-19,14.2,5.2,30864.13,38738.79
2000-02-20,14.4,0.0,37024.41,38900.91
2000-02-21,12.7,0.0,38520.64,39063.56
2000-02-22,10.8,0.0,38252.24,39226.61
2000-02-23,10.6,0.0,38111.95,39389.91
2000-02-24,11.8,0.0,38909.39,39553.33
2000-02-25,12.3,0.0,38983.07,39716.74
2000-02-26,13.6,0.0,34082.5,39880.0
2000-02-27,15.2,0.0,37714.01,40042.99
2000-02-28,14.5,0.1,39201.17,40205.73
2000-02-29,13.5,0.0,38806.49,40369.54
2000-03-01,13.8,10.7,16332.79,40534.61
2000-03-02,11.9,4.5,31227.42,40700.83
2000-03-03,13.5,0.0,39487.91,40868.05
2000-03-04,13.2,1.0,5274.02,41036.15
2000-03-05,16.5,0.0,39600.0,41205.02
2000-03-06,11.8,0.0,36543.35,41374.53
2000-03-07,13.5,0.0,39600.0,41544.55
2000-03-08,14.4,0.0,39600.0,41714.97
2000-03-09,13.9,0.0,39600.0,41885.68
2000-03-10,14.9,0.0,39296.35,42056.56
2000-03-11,14.8,0.0,34428.14,42227.49
2000-03-12,16.0,0.0,29239.72,42398.35
2000-03-13,17.1,0.0,39605.23,42569.04
2000-03-14,15.6,0.3,39862.97,42739.43
2000-03-15,14.5,3.3,26461.52,42909.41
2000-03-16,15.5,0.0,41304.99,43078.88
2000-03-17,15.2,0.0,41562.19,43247.71
2000-03-18,16.1,0.5,41510.92,43415.79
2000-03-19,12.6,2.0,39555.0,43583.15
2000-03-20,8.5,19.7,0.0,43751.01
2000-03-21,13.2,0.0,41049.66,43919.53
2000-03-22,14.2,0.0,42357.29,44088.64
2000-03-23,14.8,0.0,42459.81,44258.21
2000-03-24,14.7,0.0,31495.68,44428.15
2000-03-25,15.1,2.5,34789.56,44598.35
2000-03-26,14.2,19.9,8172.58,44768.71
2000-03-27,14.4,10.1,29559.64,44939.13
2000-03-28,15.9,7.9,28550.26,45109.5
2000-03-29,13.9,18.6,23976.73,45279.71
2000-03-30,13.8,0.5,43432.87,45449.66
2000-03-31,16.5,0.0,43537.51,45619.25
2000-04-01,14.6,19.0,32883.0,45788.35
2000-04-02,16.2,0.9,39903.9,45956.87
2000-04-03,17.7,1.2,33920.77,46124.69
2000-04-04,15.5,13.8,16829.86,46291.7
2000-04-05,16.0,0.6,43688.69,46457.78
2000-04-06,15.7,2.6,43968.09,46622.82
2000-04-07,17.4,0.0,44870.06,46786.69
2000-04-08,15.3,0.0,44529.32,46949.44
2000-04-09,14.9,4.3,16117.1,47112.18
2000-04-10,13.1,24.5,0.0,47275.1
2000-04-11,15.7,13.6,26941.64,47438.1
2000-04-12,16.1,3.0,41195.09,47601.08
2000-04-13,17.2,1.5,44760.54,47763.91
2000-04-14,19.8,0.0,31694.42,47926.51
2000-04-15,18.9,0.2,44693.96,48088.74
2000-04-16,19.8,0.0,33607.24,48250.51
2000-04-17,20.8,0.0,44896.28,48411.71
2000-04-18,18.3,2.0,22361.26,48572.19
2000-04-19,18.2,1.2,44315.1,48731.87
2000-04-20,22.7,1.1,40029.1,48890.6
2000-04-21,25.1,0.0,47223.64,49048.27
2000-04-22,23.3,0.0,47565.96,49204.75
2000-04-23,22.5,0.0,47590.89,49359.91
2000-04-24,15.6,3.2,46071.72,49513.62
2000-04-25,17.7,0.2,33868.62,49665.73
2000-04-26,20.2,0.0,47990.03,49816.13
2000-04-27,22.7,0.0,45591.83,49964.65
2000-04-28,22.3,0.0,33002.13,50111.31
2000-04-29,16.2,13.2,872.33,50257.18
2000-04-30,20.7,0.4,44916.26,50402.44
2000-05-01,20.2,0.7,37439.29,50546.97
2000-05-02,20.1,9.2,39696.26,50690.64
2000-05-03,21.3,2.4,38174.86,50833.34
2000-05-04,22.1,1.9,48795.02,50974.94
2000-05-05,22.0,0.0,44206.48,51115.32
2000-05-06,22.5,0.0,48408.98,51254.34
2000-05-07,23.4,3.2,24216.38,51391.86
2000-05-08,24.3,2.8,49996.53,51527.77
2000-05-09,25.6,2.8,44994.69,51661.9
2000-05-10,27.3,0.0,50400.0,51794.13
2000-05-11,24.7,0.0,50400.0,51924.31
2000-05-12,25.0,0.0,50400.0,52052.3
2000-05-13,24.5,0.0,50400.0,52177.93
2000-05-14,24.8,0.7,48189.08,52301.06
2000-05-15,25.6,0.1,41774.39,52421.55
2000-05-16,25.6,0.0,50400.0,52539.21
2000-05-17,25.6,0.0,50400.0,52653.9
2000-05-18,23.8,0.0,50400.0,52765.58
2000-05-19,21.7,0.3,49905.19,52875.15
2000-05-20,20.9,0.0,48799.13,52982.73
2000-05-21,21.6,0.0,34502.51,53088.23
2000-05-22,22.6,0.0,43667.27,53191.53
2000-05-23,24.5,0.0,50400.0,53292.53
2000-05-24,24.8,0.0,50400.0,53391.11
2000-05-25,25.3,0.0,47805.93,53487.15
2000-05-26,25.8,0.0,50400.0,53580.55
2000-05-27,24.8,0.5,49331.16,53671.19
2000-05-28,23.6,0.0,43774.17,53758.94
2000-05-29,23.7,0.0,48121.53,53843.7
2000-05-30,25.8,0.0,48532.33,53925.34
2000-05-31,25.2,0.0,49910.92,54003.75
2000-06-01,27.5,0.0,50400.0,54078.81
2000-06-02,26.9,0.0,50428.15,54150.39
2000-06-03,28.1,0.0,50408.42,54218.37
2000-06-04,28.1,0.0,50400.0,54282.64
2000-06-05,28.2,0.0,50400.0,54343.08
2000-06-06,28.1,0.2,44414.46,54399.56
2000-06-07,26.2,1.5,50400.0,54452.04
2000-06-08,29.9,1.1,41936.24,54500.93
2000-06-09,29.8,1.0,37813.31,54546.33
2000-06-10,29.4,0.3,50400.0,54588.17
2000-06-11,26.4,10.2,30905.8,54626.47
2000-06-12,24.4,4.6,45857.31,54661.15
2000-06-13,25.5,0.0,50959.72,54692.21
2000-06-14,27.7,0.0,50947.55,54719.61
2000-06-15,28.2,0.0,49869.95,54743.32
2000-06-16,28.5,2.4,50925.23,54763.33
2000-06-17,29.3,0.0,50915.17,54779.6
2000-06-18,26.1,0.0,51261.52,54792.12
2000-06-19,27.2,0.0,51253.06,54800.87
2000-06-20,28.3,0.0,51245.42,54805.83
2000-06-21,29.4,0.0,51238.64,54806.98
2000-06-22,29.0,0.0,51588.27,54804.3
2000-06-23,28.3,0.0,51227.74,54797.8
2000-06-24,26.7,0.0,51223.71,54787.46
2000-06-25,24.4,0.1,25087.04,54773.26
2000-06-26,27.1,0.0,51027.49,54755.19
2000-06-27,29.0,0.0,51572.49,54733.24
2000-06-28,27.4,0.0,50862.89,54707.17
2000-06-29,27.8,5.8,50795.76,54676.97
2000-06-30,27.4,0.4,50865.29,54642.73
2000-07-01,27.7,0.0,51221.3,54604.56
2000-07-02,30.4,0.0,51577.4,54562.53
2000-07-03,32.7,0.0,51580.71,54516.73
2000-07-04,32.9,0.0,51232.39,54467.25
2000-07-05,30.0,0.0,51589.74,54414.18
2000-07-06,32.5,0.0,51595.47,54357.62
2000-07-07,33.7,0.0,51602.06,54297.65
2000-07-08,29.8,0.0,50908.38,54234.38
2000-07-09,28.5,0.0,49273.76,54167.89
2000-07-10,25.1,0.0,46319.56,54098.27
2000-07-11,23.9,32.7,35714.12,54025.63
2000-07-12,23.0,9.3,42638.97,53950.05
2000-07-13,23.0,0.0,50964.19,53871.62
2000-07-14,23.2,0.2,45695.43,53790.44
2000-07-15,24.0,6.6,38579.92,53706.6
2000-07-16,23.6,0.0,48980.17,53620.2
2000-07-17,24.2,0.0,50680.51,53531.22
2000-07-18,25.7,0.0,50699.01,53438.87
2000-07-19,28.2,0.0,50718.51,53343.09
2000-07-20,27.7,0.0,49922.14,53244.05
2000-07-21,27.6,0.0,50417.86,53141.89
2000-07-22,27.9,0.0,50440.89,53036.76
2000-07-23,28.3,0.0,50461.81,52928.81
2000-07-24,29.1,0.0,50431.19,52818.2
2000-07-25,28.1,0.0,50285.37,52705.06
2000-07-26,28.9,0.0,50228.51,52589.54
2000-07-27,30.3,0.0,50146.41,52471.78
2000-07-28,31.1,0.0,50113.08,52351.92
2000-07-29,30.4,0.0,50054.67,52230.1
2000-07-30,30.9,0.0,49868.27,52106.46
2000-07-31,30.8,0.0,49936.82,51981.1
2000-08-01,29.5,0.0,49575.33,51854.19
2000-08-02,31.6,0.0,49595.65,51725.83
2000-08-03,31.1,0.0,49616.03,51596.15
2000-08-04,31.8,0.0,49306.74,51465.28
2000-08-05,26.2,3.1,47002.13,51333.33
2000-08-06,24.4,0.0,47379.45,51200.29
2000-08-07,25.6,0.0,43917.75,51065.12
2000-08-08,30.3,0.0,48411.27,50927.7
2000-08-09,30.5,0.0,48108.88,50788.18
2000-08-10,31.9,0.0,48133.55,50646.71
2000-08-11,32.0,0.0,47833.67,50503.43
2000-08-12,31.1,0.3,47535.31,50358.48
2000-08-13,31.9,0.0,47561.84,50211.99
2000-08-14,31.3,0.0,46303.15,50064.11
2000-08-15,33.5,0.0,45740.81,49914.95
2000-08-16,34.0,0.0,47642.2,49764.65
2000-08-17,34.0,0.0,47348.48,49613.33
2000-08-18,33.6,0.0,47376.17,49461.11
2000-08-19,33.2,0.0,47026.4,49308.12
2000-08-20,33.9,0.0,46964.17,49154.46
2000-08-21,33.7,0.0,46901.36,49000.27
2000-08-22,34.7,0.0,46520.45,48845.64
2000-08-23,35.2,0.0,46457.28,48690.69
2000-08-24,35.0,0.0,44495.33,48535.53
2000-08-25,34.9,0.0,46190.38,48380.26
2000-08-26,33.0,0.0,45837.06,48224.86
2000-08-27,31.9,0.0,45250.94,48068.23
2000-08-28,29.7,0.5,44690.04,47910.24
2000-08-29,30.1,0.0,44712.23,47751.0
2000-08-30,30.4,0.0,43200.0,47590.63
2000-08-31,29.1,0.6,29208.3,47429.24
2000-09-01,27.8,0.0,43915.24,47266.96
2000-09-02,27.7,0.0,43652.18,47103.89
2000-09-03,26.8,0.0,42492.43,46940.13
2000-09-04,25.7,0.2,40155.88,46775.81
2000-09-05,27.1,0.0,43490.12,46611.02
2000-09-06,24.8,0.0,43230.38,46445.87
2000-09-07,24.2,7.6,26138.82,46280.46
2000-09-08,25.9,0.3,39765.75,46114.89
2000-09-09,28.6,0.0,43200.0,45949.27
2000-09-10,27.8,0.0,39376.61,45783.69
2000-09-11,27.1,0.0,43200.0,45618.24
2000-09-12,27.2,0.0,43200.0,45453.04
2000-09-13,27.2,0.0,43200.0,45288.17
2000-09-14,27.3,0.0,43200.0,45123.74
2000-09-15,27.2,0.0,43200.0,44959.69
2000-09-16,26.2,0.0,43200.0,44794.92
2000-09-17,27.7,0.0,43200.0,44629.28
2000-09-18,26.1,0.6,38200.31,44462.86
2000-09-19,28.2,0.0,40201.16,44295.76
2000-09-20,29.5,0.0,42400.81,44128.11
2000-09-21,23.0,5.7,42372.28,43959.99
2000-09-22,26.7,0.0,43089.39,43791.52
2000-09-23,24.6,0.0,43026.62,43622.8
2000-09-24,25.0,0.0,42896.41,43453.91
2000-09-25,26.1,0.0,42727.49,43284.99
2000-09-26,25.3,0.0,42558.61,43116.11
2000-09-27,25.5,0.0,42389.88,42947.39
2000-09-28,25.3,0.0,40347.84,42778.92
2000-09-29,21.9,11.9,18960.66,42610.81
2000-09-30,21.0,14.1,512.83,42443.18
2000-10-01,20.3,31.4,18465.72,42276.1
2000-10-02,19.1,9.5,11505.31,42109.7
2000-10-03,21.1,0.7,38506.29,41944.08
2000-10-04,22.5,0.1,28486.04,41779.34
2000-10-05,22.3,0.3,34199.02,41615.44
2000-10-06,21.5,4.6,35017.83,41451.2
2000-10-07,19.4,5.2,26504.27,41286.43
2000-10-08,19.0,0.0,33877.35,41121.26
2000-10-09,19.1,0.0,24149.2,40955.78
2000-10-10,19.6,2.3,26049.75,40790.13
2000-10-11,20.0,9.6,26617.23,40624.42
2000-10-12,23.6,0.0,36572.51,40458.75
2000-10-13,27.4,0.0,37149.09,40293.27
2000-10-14,26.9,0.0,36238.17,40128.08
2000-10-15,22.3,44.1,5971.26,39963.31
2000-10-16,19.6,3.7,32202.54,39799.08
2000-10-17,19.3,6.5,33661.57,39635.52
2000-10-18,19.5,0.0,36000.0,39472.77
2000-10-19,20.1,0.0,36104.14,39310.93
2000-10-20,20.6,0.0,36141.11,39150.16
2000-10-21,21.3,0.0,36000.0,38990.58
2000-10-22,21.3,0.0,36000.0,38832.34
2000-10-23,20.5,0.0,36000.0,38675.57
2000-10-24,20.0,0.0,36000.0,38520.42
2000-10-25,18.5,0.0,26478.35,38366.85
2000-10-26,18.9,2.2,30569.82,38213.58
2000-10-27,20.2,0.0,29524.73,38060.39
2000-10-28,20.5,0.0,36000.0,37907.43
2000-10-29,19.2,0.4,33616.97,37754.84
2000-10-30,18.8,2.3,34343.38,37602.76
2000-10-31,20.0,7.2,17752.8,37451.35
2000-11-01,18.6,6.7,35954.33,37300.75
2000-11-02,18.2,0.2,28768.87,37151.12
2000-11-03,20.6,2.9,30702.89,37002.61
2000-11-04,17.5,13.2,32426.8,36855.38
2000-11-05,16.7,0.0,33281.85,36709.6
2000-11-06,17.5,10.1,0.0,36565.43
2000-11-07,16.5,33.3,30861.13,36423.04
2000-11-08,15.9,9.1,31760.86,36282.6
2000-11-09,15.8,5.9,29841.96,36144.29
2000-11-10,16.2,0.1,35324.32,36008.3
2000-11-11,16.4,0.0,35263.59,35874.79
2000-11-12,17.0,0.0,28798.97,35743.97
2000-11-13,18.9,0.0,1796.71,35616.02
2000-11-14,20.0,1.6,28988.62,35490.95
2000-11-15,19.2,2.9,18196.9,35367.49
2000-11-16,20.8,0.0,33558.11,35245.46
2000-11-17,17.4,16.7,25190.82,35124.99
2000-11-18,14.3,0.3,31642.33,35006.24
2000-11-19,12.7,5.5,0.0,34889.36
2000-11-20,15.2,7.1,16299.31,34774.51
2000-11-21,15.4,16.9,6338.18,34661.84
2000-11-22,15.0,0.0,30862.26,34551.52
2000-11-23,15.5,0.0,29106.04,34443.7
2000-11-24,14.7,19.6,1368.02,34338.55
2000-11-25,14.6,0.6,32130.25,34236.25
2000-11-26,14.3,10.7,1463.01,34136.95
2000-11-27,14.3,0.0,31531.93,34040.83
2000-11-28,14.0,0.0,31590.55,33948.06
2000-11-29,15.5,0.0,32007.99,33858.82
2000-11-30,15.9,0.0,22599.1,33773.29
2000-12-01,16.9,0.0,31387.06,33691.63
2000-12-02,16.5,0.0,25950.29,33614.04
2000-12-03,15.5,0.8,9975.67,33540.68
2000-12-04,15.9,0.0,30427.3,33471.62
2000-12-05,15.6,0.0,30465.88,33406.05
2000-12-06,15.1,0.0,29769.68,33343.84
2000-12-07,15.5,0.0,28841.83,33285.04
2000-12-08,16.4,0.0,25608.38,33229.74
2000-12-09,17.1,0.0,28900.09,33178.01
2000-12-10,15.8,2.0,26038.45,33129.92
2000-12-11,15.5,0.0,29920.55,33085.55
2000-12-12,15.8,0.0,29944.2,33044.96
2000-12-13,14.5,0.0,22835.54,33008.23
2000-12-14,15.4,0.0,12283.04,32975.42
2000-12-15,15.3,1.7,28879.18,32946.6
2000-12-16,13.5,0.1,30019.49,32921.83
2000-12-17,12.7,0.2,28402.38,32901.19
2000-12-18,12.6,2.0,29597.47,32884.71
2000-12-19,12.5,0.0,29586.72,32872.49
2000-12-20,13.7,0.0,29574.75,32864.55
2000-12-21,12.6,0.0,14676.44,32860.96
2000-12-22,11.4,0.0,29547.44,32861.77
2000-12-23,9.9,0.0,29905.51,32867.04
2000-12-24,9.7,5.6,10125.64,32876.83
2000-12-25,14.8,11.1,975.38,32891.21
2000-12-26,14.9,11.3,20657.75,32910.15
2000-12-27,14.1,37.0,1532.98,32933.56
2000-12-28,13.2,12.8,15077.05,32961.36
2000-12-29,12.0,10.0,12056.43,32993.45
2000-12-30,12.7,1.0,29757.74,33029.77
2000-12-31,11.3,6.0,20332.99,33070.2
2001-01-01,10.8,0.0,31459.27,33114.67
2001-01-02,12.6,0.0,28800.0,33163.08
2001-01-03,14.1,10.0,22082.15,33215.33
2001-01-04,12.4,12.3,9472.95,33271.35
2001-01-05,13.0,0.5,31684.33,33331.01
2001-01-06,15.5,0.0,26625.19,33394.24
2001-01-07,17.6,0.0,31804.93,33460.94
2001-01-08,13.6,25.5,1469.45,33531.0
2001-01-09,11.7,1.7,31929.52,33604.35
2001-01-10,13.6,0.0,30147.24,33680.86
2001-01-11,14.6,0.0,23928.42,33760.45
2001-01-12,14.6,0.3,27172.62,33843.02
2001-01-13,14.5,0.0,11152.92,33928.61
2001-01-14,11.1,0.0,32253.52,34018.17
2001-01-15,9.0,0.0,11846.29,34111.76
2001-01-16,9.4,0.4,2212.18,34209.18
2001-01-17,12.2,1.0,20574.78,34310.25
2001-01-18,12.0,3.8,32400.0,34414.78
2001-01-19,11.9,0.9,4283.37,34522.58
2001-01-20,13.5,0.0,31805.61,34633.47
2001-01-21,13.4,0.0,32400.0,34747.26
2001-01-22,12.1,0.0,26330.96,34863.79
2001-01-23,12.9,0.0,2931.69,34982.86
2001-01-24,15.0,0.0,32400.0,35104.31
2001-01-25,16.4,0.1,30904.27,35227.97
2001-01-26,13.7,3.0,695.62,35353.66
2001-01-27,11.8,8.6,6265.42,35481.23
2001-01-28,12.9,3.8,24094.87,35610.51
2001-01-29,11.6,14.6,0.0,35741.35
2001-01-30,11.9,2.4,4181.76,35873.58
2001-01-31,11.9,0.4,32931.14,36007.05
2001-02-01,9.7,0.0,32437.04,36141.61
2001-02-02,7.7,0.0,33791.25,36277.31
2001-02-03,8.4,0.0,13481.37,36415.45
2001-02-04,13.0,0.3,3350.32,36556.22
2001-02-05,14.3,1.1,32277.42,36699.41
2001-02-06,15.2,0.0,32931.76,36844.85
2001-02-07,15.1,0.0,33226.38,36992.36
2001-02-08,15.6,0.0,35288.39,37141.77
2001-02-09,13.5,14.4,19313.33,37292.91
2001-02-10,16.2,1.3,33430.94,37445.59
2001-02-11,15.3,0.0,35032.58,37599.67
2001-02-12,14.9,0.0,36084.29,37754.97
2001-02-13,14.0,0.0,30653.1,37911.35
2001-02-14,14.8,0.0,36075.39,38068.65
2001-02-15,14.2,0.0,36850.63,38226.71
2001-02-16,13.4,0.0,35588.86,38385.38
2001-02-17,12.9,0.0,34443.06,38544.53
2001-02-18,14.2,0.0,38158.89,38704.0
2001-02-19,14.7,0.0,38319.58,38863.66
2001-02-20,13.4,0.0,36734.21,39023.36
2001-02-21,12.9,0.0,38640.83,39182.97
2001-02-22,12.7,0.0,28841.58,39342.53
2001-02-23,12.4,0.0,3123.53,39503.37
2001-02-24,14.0,0.1,34931.91,39665.68
2001-02-25,11.4,1.0,25002.4,39829.33
2001-02-26,8.5,2.2,38085.54,39994.17
2001-02-27,8.7,0.0,39181.76,40160.08
2001-02-28,9.4,13.5,1039.75,40326.92
2001-03-01,10.8,2.9,39090.97,40494.56
2001-03-02,12.4,15.2,0.0,40662.87
2001-03-03,18.5,2.3,35688.22,40831.74
2001-03-04,17.2,0.4,37383.72,41001.02
2001-03-05,19.0,0.2,36000.0,41170.62
2001-03-06,19.1,0.4,39600.0,41340.39
2001-03-07,17.4,0.0,25340.54,41510.23
2001-03-08,16.2,5.3,12346.68,41680.01
2001-03-09,16.6,2.7,39600.0,41849.61
2001-03-10,15.6,0.8,35490.63,42018.91
2001-03-11,17.1,0.1,34303.45,42187.8
2001-03-12,15.8,0.1,6989.27,42356.17
2001-03-13,15.2,8.4,26738.9,42523.89
2001-03-14,15.9,0.0,40187.61,42691.0
2001-03-15,16.4,0.0,40446.16,42858.73
2001-03-16,17.0,0.0,39777.0,43027.27
2001-03-17,17.3,3.6,19137.78,43196.51
2001-03-18,15.7,0.0,35297.76,43366.35
2001-03-19,16.1,0.3,37568.52,43536.67
2001-03-20,16.1,0.0,14351.45,43707.38
2001-03-21,18.3,0.0,37323.51,43878.37
2001-03-22,19.2,0.0,40392.4,44049.52
2001-03-23,20.9,0.0,42439.42,44220.74
2001-03-24,22.8,0.0,42543.61,44391.92
2001-03-25,21.0,0.0,19455.54,44562.94
2001-03-26,16.7,0.0,22040.79,44733.71
2001-03-27,16.5,6.3,33357.7,44904.1
2001-03-28,16.5,1.9,34526.93,45074.03
2001-03-29,16.4,4.5,39196.61,45243.37
2001-03-30,13.9,26.9,26449.16,45412.01
2001-03-31,18.6,0.0,26747.82,45579.85
2001-04-01,19.0,0.0,43822.93,45746.76
2001-04-02,17.3,0.0,44100.61,45912.63
2001-04-03,17.4,0.0,44069.32,46077.5
2001-04-04,16.3,0.0,43728.28,46242.5
2001-04-05,16.2,5.1,36304.66,46407.83
2001-04-06,17.8,0.0,44597.01,46573.37
2001-04-07,17.3,9.7,32982.84,46739.03
2001-04-08,14.2,7.9,41448.23,46904.72
2001-04-09,18.1,0.0,45129.94,47070.31
2001-04-10,18.5,0.0,41788.83,47235.7
2001-04-11,14.0,18.7,28770.21,47400.79
2001-04-12,16.6,3.4,44730.89,47565.46
2001-04-13,18.1,0.1,45641.62,47729.6
2001-04-14,12.5,16.9,17690.82,47893.1
2001-04-15,12.8,0.0,44644.87,48055.85
2001-04-16,14.7,5.5,26255.01,48217.72
2001-04-17,15.7,16.5,46095.58,48378.58
2001-04-18,15.5,0.0,45860.03,48538.33
2001-04-19,15.6,1.0,40910.99,48696.83
2001-04-20,15.0,2.3,16269.87,48853.96
2001-04-21,13.3,0.0,46579.22,49009.58
2001-04-22,12.4,0.7,43624.31,49163.56
2001-04-23,14.9,5.4,28693.92,49315.91
2001-04-24,18.0,0.0,46650.6,49467.73
2001-04-25,20.8,0.0,46675.56,49619.19
2001-04-26,20.7,0.0,47663.04,49770.18
2001-04-27,20.1,0.6,32400.0,49920.58
2001-04-28,20.0,0.0,46520.33,50070.27
2001-04-29,21.1,0.0,47993.41,50219.14
2001-04-30,22.3,0.0,47564.35,50367.06
2001-05-01,24.6,0.0,49542.94,50513.9
2001-05-02,25.6,0.0,49815.84,50659.53
2001-05-03,24.2,0.1,40421.99,50803.82
2001-05-04,21.4,1.6,41600.63,50946.64
2001-05-05,18.6,9.0,26207.74,51087.86
2001-05-06,17.0,5.7,27867.02,51227.31
2001-05-07,16.4,3.1,10324.46,51364.88
2001-05-08,20.4,0.6,48184.66,51500.4
2001-05-09,22.4,0.0,50333.69,51633.73
2001-05-10,21.0,2.0,49588.2,51764.71
2001-05-11,22.7,0.0,50400.0,51893.21
2001-05-12,23.9,0.2,50400.0,52019.03
2001-05-13,23.7,0.0,48296.67,52142.17
2001-05-14,21.7,0.0,50400.0,52263.6
2001-05-15,20.4,0.0,24028.22,52383.45
2001-05-16,22.2,0.0,46462.14,52501.63
2001-05-17,27.3,0.0,38712.51,52618.0
2001-05-18,25.6,0.0,45757.26,52732.45
2001-05-19,27.2,0.0,46626.6,52844.86
2001-05-20,26.4,0.0,13442.13,52955.1
2001-05-21,25.7,0.6,26985.3,53063.05
2001-05-22,26.3,1.3,50400.0,53168.58
2001-05-23,23.7,1.0,49546.08,53271.56
2001-05-24,23.6,7.8,32332.53,53371.87
2001-05-25,22.7,10.9,45903.9,53469.37
2001-05-26,26.3,0.0,49858.02,53563.92
2001-05-27,27.1,0.0,50400.0,53655.39
2001-05-28,27.7,0.0,50400.0,53743.64
2001-05-29,28.1,0.0,50400.0,53828.55
2001-05-30,27.4,0.0,50400.0,53909.97
2001-05-31,26.4,0.0,50400.0,53987.76
2001-06-01,26.0,0.9,50201.3,54061.78
2001-06-02,24.3,2.1,50400.0,54131.98
2001-06-03,23.0,0.7,49062.57,54198.94
2001-06-04,22.6,0.0,50749.78,54262.75
2001-06-05,24.5,0.0,50400.0,54323.35
2001-06-06,23.5,0.0,50400.0,54380.7
2001-06-07,26.9,0.0,50696.66,54434.71
2001-06-08,25.5,0.0,50679.95,54485.33
2001-06-09,26.6,0.0,50663.81,54532.52
2001-06-10,28.3,0.0,43861.39,54576.21
2001-06-11,25.0,0.0,34191.08,54616.35
2001-06-12,27.1,0.1,45897.29,54652.89
2001-06-13,27.3,0.2,43294.74,54685.76
2001-06-14,25.6,0.5,46782.43,54714.93
2001-06-15,28.0,0.0,50936.58,54740.33
2001-06-16,28.5,0.0,51281.21,54761.93
2001-06-17,26.1,0.0,51271.26,54779.67
2001-06-18,23.8,2.8,44417.78,54793.52
2001-06-19,26.7,0.1,50400.0,54803.42
2001-06-20,26.8,0.0,51246.95,54809.35
2001-06-21,27.7,0.0,51240.79,54811.25
2001-06-22,26.5,0.0,51235.51,54809.09
2001-06-23,26.6,0.0,51230.92,54802.8
2001-06-24,29.2,0.0,51227.05,54792.42
2001-06-25,31.1,0.0,50868.61,54777.99
2001-06-26,31.1,0.0,51221.36,54759.6
2001-06-27,31.7,0.0,51574.48,54737.28
2001-06-28,30.4,0.0,33852.27,54711.08
2001-06-29,28.5,1.4,49899.31,54681.1
2001-06-30,30.0,0.0,51219.14,54647.37
2001-07-01,30.6,1.5,49184.58,54609.97
2001-07-02,30.7,0.0,51576.2,54568.96
2001-07-03,28.6,0.0,51226.06,54524.41
2001-07-04,28.2,0.0,50861.4,54476.39
2001-07-05,29.7,0.0,51587.05,54424.97
2001-07-06,33.6,0.0,50889.21,54370.22
2001-07-07,29.5,0.0,51247.58,54312.2
2001-07-08,28.7,0.0,50549.92,54250.99
2001-07-09,29.7,0.0,50913.84,54186.67
2001-07-10,27.8,1.3,26489.27,54119.3
2001-07-11,29.4,0.0,50935.25,54048.96
2001-07-12,30.2,0.0,50947.45,53975.62
2001-07-13,29.5,0.0,50960.65,53898.63
2001-07-14,31.0,0.0,50974.81,53817.94
2001-07-15,31.0,0.0,50989.88,53733.69
2001-07-16,27.0,0.6,45913.73,53646.03
2001-07-17,26.7,0.0,49045.8,53555.11
2001-07-18,27.6,0.0,50695.84,53461.06
2001-07-19,29.6,0.0,50715.22,53364.03
2001-07-20,23.5,6.8,48732.28,53264.16
2001-07-21,28.3,0.0,50413.91,53161.57
2001-07-22,29.5,0.0,50436.57,53056.43
2001-07-23,29.7,0.0,50460.05,52948.84
2001-07-24,29.0,0.0,50435.41,52838.95
2001-07-25,29.8,0.0,50294.78,52726.89
2001-07-26,31.5,0.0,50238.07,52612.79
2001-07-27,33.4,0.0,50181.0,52496.77
2001-07-28,33.2,0.0,50123.64,52378.97
2001-07-29,33.4,0.0,50066.1,52259.49
2001-07-30,33.8,0.0,49864.65,52138.46
2001-07-31,34.0,0.0,49950.75,52016.01
2001-08-01,33.1,0.0,49893.08,51892.11
2001-08-02,33.5,0.0,49835.01,51765.77
2001-08-03,34.4,0.0,49610.11,51636.88
2001-08-04,32.4,0.0,49300.4,51505.6
2001-08-05,30.5,0.0,48663.15,51372.08
2001-08-06,30.4,0.0,48685.97,51236.46
2001-08-07,30.4,0.0,48381.23,51098.9
2001-08-08,31.4,0.0,48405.17,50959.53
2001-08-09,32.1,0.0,48102.94,50818.51
2001-08-10,32.6,0.0,48127.89,50675.96
2001-08-11,30.4,0.4,47503.23,50532.01
2001-08-12,30.4,0.0,47854.03,50386.8
2001-08-13,29.3,0.0,47880.05,50240.47
2001-08-14,29.5,0.0,47583.34,50093.13
2001-08-15,31.1,0.0,47288.12,49944.9
2001-08-16,32.0,0.0,47315.66,49795.92
2001-08-17,32.4,0.0,47022.46,49646.29
2001-08-18,30.5,0.2,44971.99,49496.14
2001-08-19,30.8,0.0,46767.21,49345.56
2001-08-20,30.8,0.0,46678.81,49194.69
2001-08-21,30.7,0.0,43137.02,49043.49
2001-08-22,31.1,0.8,46341.92,48890.88
2001-08-23,30.1,0.0,46018.66,48736.71
2001-08-24,31.1,0.0,46058.39,48581.12
2001-08-25,30.1,0.1,45469.15,48424.24
2001-08-26,30.6,0.0,44882.59,48266.17
2001-08-27,31.5,0.0,44926.41,48107.04
2001-08-28,32.4,0.0,45597.73,47946.97
2001-08-29,30.4,0.0,45015.75,47786.07
2001-08-30,29.5,0.3,43810.73,47624.45
2001-08-31,27.3,0.5,43914.32,47462.23
2001-09-01,25.8,1.6,43000.74,47299.51
2001-09-02,24.7,0.0,40549.57,47136.4
2001-09-03,26.8,0.0,43691.71,46972.99
2001-09-04,25.5,2.1,41700.31,46809.41
2001-09-05,21.8,9.5,43479.4,46645.74
2001-09-06,25.2,0.0,43218.79,46482.09
2001-09-07,25.7,0.0,43268.63,46318.55
2001-09-08,25.2,0.0,43200.0,46155.23
2001-09-09,23.9,0.4,37083.38,45992.22
2001-09-10,21.9,3.5,43200.0,45829.48
2001-09-11,22.2,0.1,43200.0,45665.92
2001-09-12,22.8,0.0,43200.0,45501.37
2001-09-13,22.8,0.0,43200.0,45335.96
2001-09-14,23.4,1.4,33002.49,45169.76
2001-09-15,21.6,9.6,43005.74,45002.91
2001-09-16,20.8,1.1,37000.21,44835.49
2001-09-17,20.1,0.5,39583.24,44667.62
2001-09-18,20.3,0.1,43200.0,44499.4
2001-09-19,21.6,0.0,43200.0,44330.92
2001-09-20,22.4,0.0,38260.62,44162.31
2001-09-21,24.2,0.0,43165.88,43993.63
2001-09-22,25.7,0.0,43103.33,43825.0
2001-09-23,24.7,6.2,14269.31,43656.53
2001-09-24,24.0,5.3,37405.13,43488.31
2001-09-25,22.4,8.5,40578.11,43320.44
2001-09-26,21.9,0.0,42056.12,43153.02
2001-09-27,23.2,0.0,42429.26,42986.15
2001-09-28,23.5,0.0,42263.14,42819.93
2001-09-29,24.1,0.3,35958.34,42654.47
2001-09-30,21.1,11.8,6659.8,42489.72
2001-10-01,24.0,0.4,35065.55,42324.51
2001-10-02,24.7,0.0,38800.88,42158.68
2001-10-03,24.3,0.0,40758.12,41992.34
2001-10-04,24.2,0.0,39913.86,41825.58
2001-10-05,23.7,0.9,26819.05,41658.53
2001-10-06,25.4,0.0,28494.66,41491.31
2001-10-07,25.9,0.0,38623.06,41324.01
2001-10-08,24.4,8.4,35507.22,41156.75
2001-10-09,24.6,0.0,37235.63,40989.65
2001-10-10,25.0,0.1,35962.03,40822.82
2001-10-11,26.4,0.0,37727.2,40656.38
2001-10-12,26.0,0.0,37500.93,40490.45
2001-10-13,25.3,0.0,37274.08,40325.14
2001-10-14,25.0,0.0,37361.7,40160.58
2001-10-15,23.6,0.0,36900.24,39996.88
2001-10-16,23.0,0.0,36000.0,39834.18
2001-10-17,23.1,0.0,34890.77,39672.61
2001-10-18,23.0,0.0,36058.67,39512.27
2001-10-19,23.7,0.0,36095.18,39353.33
2001-10-20,24.3,0.0,36000.0,39195.73
2001-10-21,22.6,15.7,22248.13,39038.21
2001-10-22,22.2,0.0,36000.0,38880.56
2001-10-23,22.0,0.0,36000.0,38722.92
2001-10-24,20.9,2.4,27322.48,38565.43
2001-10-25,21.8,0.0,36000.0,38408.22
2001-10-26,20.6,0.0,36000.0,38251.43
2001-10-27,20.1,0.0,36000.0,38095.21
2001-10-28,20.8,0.0,36000.0,37939.68
2001-10-29,20.9,0.0,36000.0,37785.02
2001-10-30,21.1,0.0,36000.0,37631.36
2001-10-31,21.3,0.0,36000.0,37478.85
2001-11-01,20.2,0.0,18881.01,37327.65
2001-11-02,20.4,0.0,35890.73,37177.93
2001-11-03,16.9,0.0,35815.65,37029.83
2001-11-04,16.4,0.0,35742.33,36883.53
2001-11-05,18.6,0.0,35670.9,36739.2
2001-11-06,16.7,4.3,11793.68,36597.0
2001-11-07,17.2,0.0,34560.9,36457.12
2001-11-08,18.6,0.0,28329.85,36319.73
2001-11-09,16.8,3.0,27450.04,36184.84
2001-11-10,14.5,12.5,0.0,36051.13
2001-11-11,21.2,4.7,27671.01,35918.41
2001-11-12,17.8,3.1,33030.83,35786.83
2001-11-13,13.3,16.7,214.89,35656.53
2001-11-14,14.7,0.1,29683.43,35527.69
2001-11-15,16.2,1.1,32450.4,35400.46
2001-11-16,17.9,0.0,34677.85,35274.99
2001-11-17,17.3,0.0,33521.54,35151.45
2001-11-18,16.7,13.2,24281.37,35030.02
2001-11-19,14.7,4.6,27804.08,34910.87
2001-11-20,15.3,0.1,34099.48,34794.16
2001-11-21,13.4,0.0,32639.44,34680.08
2001-11-22,13.7,3.4,15820.52,34568.8
2001-11-23,14.4,3.4,28554.37,34460.51
2001-11-24,9.7,0.0,33571.28,34355.39
2001-11-25,11.4,0.0,31761.22,34253.63
2001-11-26,14.2,0.2,27242.87,34155.42
2001-11-27,14.4,15.3,24058.74,34060.94
2001-11-28,14.5,13.6,27599.33,33970.4
2001-11-29,13.9,0.0,32354.28,33883.84
2001-11-30,13.2,0.0,31319.92,33800.28
2001-12-01,12.8,0.0,32096.18,33719.56
2001-12-02,12.7,0.0,31417.62,33641.79
2001-12-03,12.3,0.0,31463.8,33567.06
2001-12-04,13.0,0.0,29604.31,33495.5
2001-12-05,15.1,0.0,27264.75,33427.2
2001-12-06,13.5,0.0,29302.76,33362.26
2001-12-07,12.7,0.0,30529.22,33300.79
2001-12-08,10.2,0.0,30563.91,33242.9
2001-12-09,9.5,0.0,30596.45,33188.7
2001-12-10,9.9,0.0,30626.75,33138.27
2001-12-11,8.9,0.0,30286.8,33091.74
2001-12-12,9.6,0.0,29941.9,33049.2
2001-12-13,8.7,0.0,30335.19,33010.76
2001-12-14,7.1,2.6,4302.69,32976.5
2001-12-15,10.6,0.7,26795.28,32946.54
2001-12-16,8.1,0.0,26051.45,32920.96
2001-12-17,4.8,0.0,30405.2,32899.87
2001-12-18,7.4,0.0,30042.94,32883.36
2001-12-19,7.4,0.0,30338.68,32871.48
2001-12-20,9.2,0.1,24977.57,32864.08
2001-12-21,10.4,1.2,29195.29,32861.08
2001-12-22,11.0,0.8,26344.29,32862.43
2001-12-23,11.5,0.0,16431.89,32868.1
2001-12-24,6.6,5.0,120.54,32878.04
2001-12-25,5.9,0.0,30994.39,32892.22
2001-12-26,9.8,4.8,22040.06,32910.56
2001-12-27,6.8,1.9,30952.08,32933.05
2001-12-28,8.6,0.0,30928.85,32959.6
2001-12-29,11.6,0.3,2813.05,32990.19
2001-12-30,14.3,1.2,24881.85,33024.74
2001-12-31,12.4,9.0,4960.26,33063.2
2002-01-01,6.5,0.0,31452.84,33105.52
2002-01-02,6.1,0.0,31505.38,33151.63
2002-01-03,8.7,0.0,31559.22,33201.49
2002-01-04,5.6,0.0,31614.24,33255.0
2002-01-05,6.9,0.0,31670.31,33312.13
2002-01-06,8.6,0.0,31727.31,33372.79
2002-01-07,9.8,0.0,31785.12,33436.95
2002-01-08,11.5,0.0,31843.94,33504.61
2002-01-09,10.7,0.0,31904.73,33576.55
2002-01-10,10.3,0.0,31967.44,33652.8
2002-01-11,10.0,0.0,32031.93,33733.19
2002-01-12,10.1,0.0,32098.06,33817.54
2002-01-13,10.0,0.0,32165.71,33905.68
2002-01-14,8.9,0.0,29944.23,33997.43
2002-01-15,7.2,0.0,31788.82,34092.63
2002-01-16,8.0,0.0,32376.39,34191.1
2002-01-17,8.4,0.0,32482.97,34292.68
2002-01-18,8.2,0.0,32464.76,34397.2
2002-01-19,9.0,0.0,32445.49,34504.49
2002-01-20,11.9,0.0,32027.81,34614.4
2002-01-21,11.2,0.0,22440.54,34726.76
2002-01-22,12.1,0.0,17130.56,34841.41
2002-01-23,13.1,0.0,32400.0,34958.2
2002-01-24,12.0,11.4,2362.44,35076.99
2002-01-25,14.5,1.1,32400.0,35197.6
2002-01-26,13.0,0.0,18484.71,35319.91
2002-01-27,11.9,0.0,0.0,35443.76
2002-01-28,14.4,0.0,32400.0,35569.18
2002-01-29,14.9,0.0,32885.97,35697.45
2002-01-30,12.1,0.0,3093.72,35828.72
2002-01-31,11.8,0.0,3368.1,35962.79
2002-02-01,13.9,0.2,19961.38,36099.47
2002-02-02,14.5,0.0,33091.24,36238.56
2002-02-03,16.4,0.0,33394.99,36379.89
2002-02-04,15.3,0.0,33691.45,36523.27
2002-02-05,13.0,0.0,33650.99,36668.52
2002-02-06,11.7,14.6,7584.1,36815.47
2002-02-07,13.5,0.4,33902.68,36963.96
2002-02-08,15.7,0.0,34656.55,37113.8
2002-02-09,14.4,0.0,34567.0,37264.85
2002-02-10,14.7,0.0,16838.38,37416.93
2002-02-11,14.9,0.0,35383.48,37569.9
2002-02-12,13.1,0.0,35128.18,37723.59
2002-02-13,12.8,0.0,11705.12,37877.86
2002-02-14,13.6,0.0,31282.64,38032.56
2002-02-15,15.9,3.6,32765.22,38187.54
2002-02-16,14.3,4.5,26135.06,38342.67
2002-02-17,16.0,6.5,32334.75,38497.96
2002-02-18,13.2,29.8,0.0,38654.78
2002-02-19,12.8,0.0,34654.35,38813.33
2002-02-20,12.6,0.0,27598.5,38973.44
2002-02-21,12.5,12.0,17733.35,39134.97
2002-02-22,14.0,3.2,38756.08,39297.78
2002-02-23,12.4,0.0,16538.18,39461.72
2002-02-24,14.3,0.1,38944.33,39626.65
2002-02-25,13.7,0.0,28887.72,39792.44
2002-02-26,13.7,0.2,34471.45,39958.96
2002-02-27,14.8,0.0,39164.36,40126.06
2002-02-28,15.3,0.1,37807.11,40293.62
2002-03-01,16.8,0.0,35187.17,40461.51
2002-03-02,18.8,0.0,39226.33,40629.61
2002-03-03,15.7,0.0,39453.51,40797.78
2002-03-04,20.0,0.0,39524.95,40965.91
2002-03-05,21.6,0.1,31355.77,41133.87
2002-03-06,18.0,7.2,32400.0,41301.53
2002-03-07,18.9,0.0,39600.0,41468.79
2002-03-08,19.2,1.0,29082.81,41635.51
2002-03-09,14.7,4.6,162.73,41801.73
2002-03-10,17.5,1.7,32400.0,41968.71
2002-03-11,19.6,0.0,40046.85,42136.64
2002-03-12,17.1,0.0,40305.72,42305.41
2002-03-13,17.5,0.0,39600.0,42474.9
2002-03-14,18.7,0.0,40511.8,42645.01
2002-03-15,17.1,0.0,37731.99,42815.62
2002-03-16,18.0,0.0,35390.76,42986.63
2002-03-17,19.4,0.0,33420.5,43157.92
2002-03-18,18.4,0.0,40611.08,43329.39
2002-03-19,15.6,0.2,19287.25,43500.92
2002-03-20,19.0,0.0,40197.35,43672.42
2002-03-21,18.0,0.0,34951.19,43843.76
2002-03-22,20.5,0.0,38446.95,44014.85
2002-03-23,15.2,0.1,42420.84,44185.56
2002-03-24,10.6,0.4,42524.18,44355.8
2002-03-25,13.6,0.0,42627.07,44525.45
2002-03-26,14.5,0.0,41368.47,44694.4
2002-03-27,13.3,0.0,42831.01,44862.53
2002-03-28,13.5,0.0,42931.83,45029.74
2002-03-29,15.7,0.0,43450.39,45196.06
2002-03-30,16.4,0.0,43518.12,45362.65
2002-03-31,17.4,0.0,43554.06,45529.7
2002-04-01,17.7,0.0,43830.94,45697.1
2002-04-02,17.9,0.0,43799.12,45864.75
2002-04-03,15.9,0.2,35575.4,46032.56
2002-04-04,13.3,9.7,6191.95,46200.42
2002-04-05,17.7,0.1,44324.54,46368.22
2002-04-06,16.8,0.0,44604.2,46535.86
2002-04-07,19.0,0.0,43641.78,46703.22
2002-04-08,21.7,0.0,44543.88,46870.21
2002-04-09,16.6,3.6,14162.32,47036.7
2002-04-10,15.8,5.1,36944.41,47202.59
2002-04-11,20.5,4.0,19236.74,47367.76
2002-04-12,21.0,3.4,45050.55,47532.11
2002-04-13,17.9,1.7,41527.83,47695.5
2002-04-14,16.7,2.8,44147.74,47857.81
2002-04-15,16.1,0.0,44452.43,48018.94
2002-04-16,15.8,0.0,44930.26,48178.74
2002-04-17,16.1,3.5,43412.06,48337.09
2002-04-18,18.0,0.0,46508.97,48494.01
2002-04-19,19.1,0.0,46531.15,48650.61
2002-04-20,17.9,0.0,45741.03,48807.07
2002-04-21,20.0,3.8,37116.0,48963.28
2002-04-22,22.2,0.0,47236.25,49119.12
2002-04-23,22.2,0.3,45856.11,49274.49
2002-04-24,21.0,0.0,39859.29,49429.27
2002-04-25,19.9,0.2,48271.85,49583.33
2002-04-26,19.6,0.0,48299.82,49736.56
2002-04-27,17.2,7.4,27875.97,49888.84
2002-04-28,19.5,0.0,45850.42,50040.03
2002-04-29,20.1,0.1,43673.76,50190.01
2002-04-30,20.6,0.0,46800.0,50338.64
2002-05-01,22.0,0.0,49548.42,50485.8
2002-05-02,24.7,0.0,48002.76,50631.33
2002-05-03,24.0,1.0,37522.09,50775.1
2002-05-04,17.9,8.9,26738.82,50916.98
2002-05-05,17.5,0.0,45928.67,51056.79
2002-05-06,21.1,0.0,46944.94,51194.41
2002-05-07,23.2,0.1,21600.0,51329.67
2002-05-08,18.0,26.3,0.0,51462.56
2002-05-09,19.5,3.1,36981.08,51594.1
2002-05-10,22.7,0.3,38160.42,51724.44
2002-05-11,22.5,2.9,46156.3,51853.48
2002-05-12,19.2,1.4,38083.22,51981.08
2002-05-13,21.4,0.0,50400.0,52107.11
2002-05-14,22.5,0.0,50400.0,52231.47
2002-05-15,25.1,0.0,50400.0,52354.02
2002-05-16,24.8,0.0,50400.0,52474.62
2002-05-17,23.9,0.4,50400.0,52593.15
2002-05-18,24.3,0.2,43200.0,52709.47
2002-05-19,21.5,9.5,36107.12,52823.45
2002-05-20,23.1,0.4,46749.03,52934.94
2002-05-21,22.8,1.1,49264.22,53043.8
2002-05-22,24.0,0.0,50400.0,53149.89
2002-05-23,25.8,0.9,44938.23,53253.07
2002-05-24,22.3,2.6,36418.43,53353.18
2002-05-25,25.0,0.0,50400.0,53450.08
2002-05-26,22.6,0.0,48708.29,53543.62
2002-05-27,22.6,3.5,43539.74,53633.65
2002-05-28,19.5,13.7,50400.0,53720.11
2002-05-29,22.7,0.0,50400.0,53803.72
2002-05-30,25.4,0.0,50400.0,53884.59
2002-05-31,26.1,0.0,50400.0,53962.63
2002-06-01,25.7,0.0,50400.0,54037.77
2002-06-02,26.6,0.0,50442.03,54109.92
2002-06-03,25.3,0.0,49154.27,54179.0
2002-06-04,26.1,0.0,46298.67,54244.92
2002-06-05,26.4,0.0,40481.84,54307.62
2002-06-06,22.7,13.5,37040.61,54366.99
2002-06-07,19.9,1.0,45057.09,54422.96
2002-06-08,21.6,0.0,35011.55,54475.45
2002-06-09,20.1,12.3,35656.47,54524.39
2002-06-10,21.9,0.0,50400.0,54569.68
2002-06-11,23.7,0.0,50400.0,54611.25
2002-06-12,26.1,0.0,47421.12,54649.04
2002-06-13,28.1,0.0,50607.3,54682.95
2002-06-14,29.1,0.0,50950.26,54712.91
2002-06-15,31.5,0.0,51294.51,54738.86
2002-06-16,31.7,0.0,51284.45,54760.72
2002-06-17,32.5,0.0,50919.65,54778.44
2002-06-18,32.8,0.0,51266.58,54792.14
2002-06-19,32.4,0.0,51258.56,54801.87
2002-06-20,33.0,0.0,51251.15,54807.65
2002-06-21,34.0,0.0,51244.4,54809.51
2002-06-22,35.3,0.0,51238.27,54807.48
2002-06-23,32.8,0.0,51232.91,54801.57
2002-06-24,33.5,0.0,50400.0,54791.83
2002-06-25,33.1,1.9,40440.79,54778.28
2002-06-26,30.5,0.0,50511.1,54760.97
2002-06-27,30.4,0.0,51218.89,54739.92
2002-06-28,30.1,0.0,50508.18,54715.17
2002-06-29,31.7,0.1,45090.71,54686.77
2002-06-30,26.7,3.3,47476.5,54654.75
2002-07-01,28.2,0.0,41973.69,54619.16
2002-07-02,32.2,0.0,36997.15,54580.04
2002-07-03,28.1,0.9,48701.99,54537.43
2002-07-04,28.3,0.0,44575.62,54491.38
2002-07-05,27.1,0.0,50085.71,54441.95
2002-07-06,27.0,0.0,50886.73,54389.16
2002-07-07,29.8,0.0,51245.6,54333.02
2002-07-08,30.9,0.0,51253.6,54272.98
2002-07-09,32.1,0.0,50400.0,54209.01
2002-07-10,30.0,0.0,51272.27,54141.26
2002-07-11,31.3,0.0,51282.94,54069.85
2002-07-12,33.1,0.0,51294.45,53994.92
2002-07-13,31.3,0.3,50958.75,53916.58
2002-07-14,24.6,6.9,43631.92,53834.96
2002-07-15,24.1,27.4,32400.0,53750.2
2002-07-16,21.9,13.2,11751.46,53662.42
2002-07-17,24.3,1.3,48176.3,53571.74
2002-07-18,26.4,1.0,49725.13,53478.31
2002-07-19,25.6,1.8,47720.93,53382.22
2002-07-20,28.2,0.0,50400.0,53283.6
2002-07-21,29.1,0.0,50408.26,53182.59
2002-07-22,29.8,0.0,50772.46,53079.3
2002-07-23,30.8,0.0,50453.3,52973.84
2002-07-24,27.9,1.0,49749.05,52866.34
2002-07-25,28.7,2.0,50104.17,52756.9
2002-07-26,27.3,0.1,50121.46,52645.65
2002-07-27,28.1,0.0,50197.42,52532.56
2002-07-28,31.3,0.0,49150.79,52416.69
2002-07-29,30.7,3.5,45774.35,52297.97
2002-07-30,29.4,5.8,38724.38,52176.53
2002-07-31,26.7,5.4,37895.08,52052.55
2002-08-01,27.9,0.2,46905.8,51926.17
2002-08-02,30.0,0.0,47926.35,51797.55
2002-08-03,31.2,0.0,48611.93,51666.83
2002-08-04,30.7,0.0,47314.39,51534.15
2002-08-05,28.9,0.0,43281.85,51399.66
2002-08-06,28.1,3.1,43200.0,51263.5
2002-08-07,27.4,3.3,48048.17,51125.81
2002-08-08,27.4,0.5,48072.96,50986.72
2002-08-09,24.4,2.6,47118.59,50846.36
2002-08-10,22.9,34.1,10029.19,50704.86
2002-08-11,22.7,15.5,34438.17,50562.34
2002-08-12,23.9,0.4,46875.88,50418.94
2002-08-13,26.1,0.0,46903.82,50274.76
2002-08-14,26.3,0.0,47254.73,50129.92
2002-08-15,27.1,0.1,47281.94,49984.55
2002-08-16,29.4,0.0,47309.12,49838.62
2002-08-17,28.6,0.2,46309.8,49691.05
2002-08-18,28.8,0.0,46211.35,49541.71
2002-08-19,29.0,0.0,46764.13,49390.74
2002-08-20,28.4,2.0,46211.33,49238.26
2002-08-21,27.1,0.4,45931.84,49084.41
2002-08-22,27.2,0.1,45654.17,48929.31
2002-08-23,27.1,1.0,40393.12,48773.08
2002-08-24,26.4,1.7,43842.11,48615.85
2002-08-25,27.7,2.0,26170.76,48457.73
2002-08-26,27.0,5.5,27845.8,48298.84
2002-08-27,26.2,6.3,43655.23,48139.3
2002-08-28,22.0,18.0,4223.65,47979.21
2002-08-29,23.1,9.3,26211.0,47818.69
2002-08-30,27.1,0.2,43801.37,47657.83
2002-08-31,26.2,0.5,43223.66,47496.76
2002-09-01,26.8,0.0,43583.42,47335.56
2002-09-02,26.8,0.0,43319.48,47174.35
2002-09-03,25.5,0.3,43367.53,47013.22
2002-09-04,25.5,2.8,43200.0,46852.27
2002-09-05,23.8,3.8,31472.96,46691.47
2002-09-06,21.8,9.7,40603.63,46529.73
2002-09-07,23.7,0.1,43081.53,46366.89
2002-09-08,24.3,0.5,43200.0,46203.07
2002-09-09,25.5,0.0,43200.0,46038.37
2002-09-10,22.8,2.2,5328.53,45872.9
2002-09-11,25.9,1.3,43200.0,45706.77
2002-09-12,24.9,8.7,42021.09,45540.08
2002-09-13,23.5,5.2,38948.42,45372.93
2002-09-14,23.0,0.4,43200.0,45205.43
2002-09-15,23.5,0.0,43200.0,45037.68
2002-09-16,23.6,0.0,43200.0,44869.77
2002-09-17,22.1,0.6,43200.0,44701.81
2002-09-18,24.7,0.0,43200.0,44533.89
2002-09-19,24.9,0.0,43200.0,44366.12
2002-09-20,23.2,2.1,10443.13,44198.58
2002-09-21,25.6,0.3,40666.52,44031.39
2002-09-22,22.0,52.6,5217.18,43864.63
2002-09-23,21.4,2.4,39600.0,43698.4
2002-09-24,19.6,3.1,30659.82,43532.8
2002-09-25,18.4,4.6,32766.1,43367.79
2002-09-26,19.1,0.3,40532.56,43202.23
2002-09-27,20.0,0.0,42218.04,43035.95
2002-09-28,21.1,0.2,42208.55,42869.06
2002-09-29,18.3,0.0,42144.28,42701.65
2002-09-30,21.1,0.0,41976.22,42533.85
2002-10-01,20.9,0.0,41807.86,42365.76
2002-10-02,21.0,0.0,41549.63,42197.49
2002-10-03,20.7,0.0,25571.0,42029.15
2002-10-04,20.3,2.8,21188.53,41860.84
2002-10-05,20.4,7.4,36648.81,41692.68
2002-10-06,20.2,3.2,39323.74,41524.77
2002-10-07,21.3,3.3,39230.72,41357.23
2002-10-08,19.5,2.9,37261.14,41190.16
2002-10-09,20.8,11.8,24383.02,41023.69
2002-10-10,19.6,32.8,9742.79,40857.93
2002-10-11,18.8,21.3,27197.72,40692.98
2002-10-12,19.1,0.3,36779.36,40528.98
2002-10-13,21.4,0.0,37251.97,40366.04
2002-10-14,20.4,0.0,36853.1,40204.28
2002-10-15,20.8,0.0,36573.72,40043.67
2002-10-16,21.4,0.0,36293.6,39882.94
2002-10-17,22.1,0.4,32885.47,39721.93
2002-10-18,19.7,1.5,36367.5,39560.76
2002-10-19,19.1,0.0,31864.94,39399.54
2002-10-20,18.9,0.0,36000.0,39238.42
2002-10-21,19.3,0.5,25949.38,39077.51
2002-10-22,22.4,2.5,26392.44,38916.95
2002-10-23,20.4,4.7,36000.0,38756.88
2002-10-24,19.6,1.6,36000.0,38597.44
2002-10-25,18.8,0.0,34251.18,38438.76
2002-10-26,19.9,0.3,16849.98,38280.98
2002-10-27,20.4,0.0,36000.0,38124.26
2002-10-28,20.2,0.0,18844.67,37968.73
2002-10-29,19.0,0.0,36000.0,37814.56
2002-10-30,19.2,0.0,33699.93,37661.88
2002-10-31,19.2,6.4,15040.04,37510.86
2002-11-01,19.6,25.6,17508.29,37361.67
2002-11-02,19.8,1.6,27887.58,37214.45
2002-11-03,18.8,0.7,20405.64,37069.39
2002-11-04,18.2,3.7,32682.65,36926.47
2002-11-05,17.3,0.0,34822.57,36784.36
2002-11-06,14.2,0.0,35625.33,36642.86
2002-11-07,13.1,0.0,34230.61,36502.15
2002-11-08,11.1,9.6,0.0,36362.34
2002-11-09,12.7,0.0,27929.1,36223.61
2002-11-10,15.9,0.0,35363.03,36086.11
2002-11-11,15.7,0.6,14400.0,35950.0
2002-11-12,17.3,1.0,32396.6,35815.45
2002-11-13,17.8,1.4,31916.21,35682.62
2002-11-14,19.8,0.0,25032.29,35551.69
2002-11-15,20.7,0.0,27663.81,35422.81
2002-11-16,20.8,5.9,22532.0,35296.19
2002-11-17,18.0,5.3,12276.93,35171.99
2002-11-18,17.6,29.0,0.0,35050.39
2002-11-19,15.8,6.6,23765.32,34931.59
2002-11-20,16.9,1.3,29787.7,34815.77
2002-11-21,18.5,0.5,31121.43,34703.12
2002-11-22,15.8,5.7,30705.09,34593.85
2002-11-23,16.6,0.2,31614.62,34488.14
2002-11-24,18.8,0.0,28397.64,34386.04
2002-11-25,19.5,0.0,23993.97,34286.43
2002-11-26,19.7,1.0,8338.96,34189.13
2002-11-27,19.8,0.4,29220.56,34094.27
2002-11-28,18.1,0.1,30108.46,34001.99
2002-11-29,15.0,11.8,0.0,33912.4
2002-11-30,13.6,7.2,22729.79,33825.64
2002-12-01,15.3,0.0,31355.8,33741.85
2002-12-02,12.3,0.5,28069.37,33661.14
2002-12-03,12.5,4.1,22228.22,33583.67
2002-12-04,12.3,0.4,27815.16,33509.56
2002-12-05,13.9,0.0,29348.79,33438.94
2002-12-06,13.2,2.7,18821.16,33371.96
2002-12-07,13.1,1.7,3835.56,33308.74
2002-12-08,13.9,0.0,24721.63,33249.43
2002-12-09,9.9,2.1,1020.29,33194.15
2002-12-10,12.0,0.0,24217.56,33143.04
2002-12-11,13.4,0.0,25314.56,33096.24
2002-12-12,11.4,30.0,0.0,33053.87
2002-12-13,13.3,10.0,28895.98,33016.07
2002-12-14,12.7,0.0,23773.97,32982.9
2002-12-15,12.0,2.6,5190.23,32953.95
2002-12-16,12.8,0.0,27375.49,32929.12
2002-12-17,13.7,0.1,2948.94,32908.4
2002-12-18,11.6,10.7,0.0,32891.81
2002-12-19,11.4,0.0,30417.68,32879.34
2002-12-20,10.5,0.0,27537.55,32870.99
2002-12-21,11.2,0.2,21064.74,32866.76
2002-12-22,13.3,0.0,29554.71,32866.64
2002-12-23,13.8,0.3,1517.76,32870.62
2002-12-24,15.0,0.1,11266.55,32878.7
2002-12-25,14.5,6.0,14151.19,32890.85
2002-12-26,14.8,0.3,28800.0,32907.08
2002-12-27,13.6,0.0,1761.17,32927.36
2002-12-28,14.4,15.6,7925.92,32951.66
2002-12-29,13.7,0.5,31282.19,32979.99
2002-12-30,14.2,0.0,10175.1,33012.3
2002-12-31,12.5,11.4,5945.49,33048.58
2003-01-01,14.0,0.0,31437.71,33088.81
2003-01-02,13.2,0.6,7930.62,33132.94
2003-01-03,15.4,1.8,7227.38,33181.04
2003-01-04,14.9,1.1,29260.92,33233.64
2003-01-05,11.5,1.8,31085.65,33290.74
2003-01-06,11.3,16.9,10800.0,33352.19
2003-01-07,11.3,12.2,31757.42,33417.85
2003-01-08,11.0,27.6,5670.78,33487.56
2003-01-09,11.9,25.4,24991.59,33561.18
2003-01-10,11.1,0.0,31953.24,33638.56
2003-01-11,11.7,0.0,24830.43,33719.54
2003-01-12,8.0,0.0,24701.99,33803.98
2003-01-13,7.3,0.0,31884.32,33891.73
2003-01-14,9.4,0.0,32224.43,33982.65
2003-01-15,11.6,0.0,32294.74,34076.58
2003-01-16,11.7,0.0,23890.82,34173.38
2003-01-17,12.2,0.0,20934.32,34272.92
2003-01-18,11.3,1.1,30759.18,34375.04
2003-01-19,11.5,0.0,32451.69,34479.61
2003-01-20,11.5,0.0,26829.58,34586.5
2003-01-21,12.0,9.7,14476.13,34695.55
2003-01-22,13.7,7.2,32107.83,34806.65
2003-01-23,12.2,4.6,24626.56,34919.81
2003-01-24,11.3,1.6,0.0,35036.24
2003-01-25,10.2,1.3,9784.08,35156.05
2003-01-26,12.9,0.0,32637.8,35279.04
2003-01-27,12.5,0.0,32609.38,35405.02
2003-01-28,12.3,0.0,32579.88,35533.78
2003-01-29,11.7,2.9,29713.91,35665.15
2003-01-30,7.6,3.7,19705.42,35798.92
2003-01-31,8.6,3.2,23245.61,35934.92
2003-02-01,9.3,4.1,24673.77,36072.96
2003-02-02,6.7,0.0,33487.83,36212.87
2003-02-03,9.0,0.0,33167.27,36354.47
2003-02-04,11.4,19.5,0.0,36497.61
2003-02-05,8.1,0.7,32984.69,36642.1
2003-02-06,8.2,0.0,32602.67,36787.78
2003-02-07,9.3,0.0,35093.24,36934.49
2003-02-08,9.4,0.0,34807.75,37082.09
2003-02-09,9.1,1.1,31055.37,37230.41
2003-02-10,9.7,0.0,35668.67,37379.3
2003-02-11,9.8,0.0,35700.55,37528.61
2003-02-12,9.1,0.0,35404.92,37678.39
2003-02-13,7.8,0.7,35768.47,37829.98
2003-02-14,8.3,0.7,35462.47,37983.58
2003-02-15,9.8,0.0,37149.64,38139.02
2003-02-16,8.7,1.0,36535.88,38296.15
2003-02-17,11.3,0.0,37226.42,38454.8
2003-02-18,8.7,0.0,36619.03,38614.83
2003-02-19,9.0,0.0,38231.23,38776.07
2003-02-20,10.4,0.0,37999.27,38938.38
2003-02-21,11.8,0.0,35695.82,39101.62
2003-02-22,11.0,1.3,38723.83,39265.65
2003-02-23,11.6,0.0,38854.89,39430.31
2003-02-24,11.2,0.0,38929.17,39595.49
2003-02-25,12.0,0.0,39003.1,39761.02
2003-02-26,12.7,0.0,39076.68,39926.8
2003-02-27,13.8,0.0,38244.29,40092.68
2003-02-28,15.4,0.0,39222.65,40258.54
2003-03-01,16.0,0.0,39295.0,40424.25
2003-03-02,12.9,3.2,17882.11,40589.67
2003-03-03,12.0,9.5,38706.97,40754.68
2003-03-04,16.4,0.0,39509.33,40919.33
2003-03-05,15.8,0.0,39580.09,41084.88
2003-03-06,14.1,0.0,39600.0,41251.54
2003-03-07,15.5,0.4,32952.95,41419.19
2003-03-08,15.4,0.0,39600.0,41587.7
2003-03-09,15.8,0.0,39600.0,41756.97
2003-03-10,18.0,0.0,39600.0,41926.88
2003-03-11,19.4,0.0,39749.24,42097.3
2003-03-12,16.5,0.0,40007.38,42268.13
2003-03-13,16.9,0.0,39955.3,42439.26
2003-03-14,11.4,4.7,39600.0,42610.56
2003-03-15,11.3,0.0,40778.6,42781.94
2003-03-16,11.6,0.0,39600.0,42953.27
2003-03-17,14.2,0.0,41291.22,43124.46
2003-03-18,15.6,0.0,41547.47,43295.37
2003-03-19,14.4,0.0,41803.76,43465.92
2003-03-20,14.4,0.0,42060.31,43635.98
2003-03-21,16.0,0.0,42189.78,43805.44
2003-03-22,15.4,4.6,42265.85,43974.2
2003-03-23,12.3,0.0,42392.58,44142.14
2003-03-24,15.4,0.0,42492.95,44309.28
2003-03-25,17.6,0.0,42593.6,44476.83
2003-03-26,16.6,0.0,42694.87,44644.95
2003-03-27,17.4,0.0,42979.28,44813.56
2003-03-28,17.6,0.0,40671.29,44982.55
2003-03-29,17.2,0.0,40679.4,45151.81
2003-03-30,17.9,0.0,43104.21,45321.25
2003-03-31,18.0,2.8,38069.99,45490.76
2003-04-01,19.0,0.0,43528.57,45660.23
2003-04-02,16.2,10.2,34709.24,45829.55
2003-04-03,16.1,7.2,25893.17,45998.63
2003-04-04,20.3,1.3,44052.13,46167.35
2003-04-05,17.7,0.0,44330.96,46335.6
2003-04-06,16.5,4.0,43200.0,46503.27
2003-04-07,9.8,0.3,44269.68,46670.25
2003-04-08,9.9,0.0,45172.29,46836.43
2003-04-09,11.5,0.0,42311.03,47001.68
2003-04-10,13.8,12.9,5086.3,47165.9
2003-04-11,14.6,0.1,38512.86,47328.95
2003-04-12,16.2,9.4,27183.04,47490.73
2003-04-13,19.4,0.0,45802.52,47651.23
2003-04-14,18.9,0.0,45867.92,47811.6
2003-04-15,19.7,0.0,44972.07,47972.03
2003-04-16,20.2,0.0,44315.32,48132.39
2003-04-17,22.2,0.0,45968.75,48292.58
2003-04-18,20.4,0.0,46193.54,48452.5
2003-04-19,19.3,0.0,46847.28,48612.03
2003-04-20,17.3,1.5,43851.03,48771.06
2003-04-21,16.5,18.2,28074.05,48929.46
2003-04-22,18.6,0.0,46393.6,49087.13
2003-04-23,18.9,0.7,47258.17,49243.93
2003-04-24,20.4,0.0,47282.83,49399.75
2003-04-25,20.5,0.0,44130.08,49554.46
2003-04-26,20.5,0.0,46951.24,49707.92
2003-04-27,20.0,0.2,42566.39,49860.02
2003-04-28,20.4,0.0,46772.68,50010.61
2003-04-29,22.6,0.0,48974.61,50159.56
2003-04-30,26.0,0.0,45086.85,50306.71
2003-05-01,23.1,0.0,46073.31,50451.93
2003-05-02,25.3,0.0,46785.74,50595.08
2003-05-03,23.6,0.0,48195.83,50736.13
2003-05-04,26.2,0.0,49933.2,50876.16
2003-05-05,28.0,0.0,50007.31,51015.33
2003-05-06,30.0,0.0,48518.53,51153.52
2003-05-07,29.0,0.0,50152.39,51290.6
2003-05-08,27.5,0.0,47387.42,51426.45
2003-05-09,27.6,0.0,46968.09,51560.95
2003-05-10,25.3,0.0,19915.03,51693.98
2003-05-11,27.3,0.7,49881.5,51825.39
2003-05-12,26.7,0.0,49447.61,51955.05
2003-05-13,24.5,0.0,50400.0,52082.83
2003-05-14,23.7,0.0,50333.32,52208.6
2003-05-15,22.4,0.4,47207.73,52332.21
2003-05-16,22.0,0.3,48535.99,52453.5
2003-05-17,23.2,0.1,47420.53,52572.35
2003-05-18,23.7,0.3,50400.0,52688.59
2003-05-19,25.4,0.0,50400.0,52802.08
2003-05-20,22.7,0.4,50400.0,52912.67
2003-05-21,22.3,2.7,50035.1,53020.2
2003-05-22,23.9,0.5,50400.0,53124.51
2003-05-23,26.9,0.0,50400.0,53225.55
2003-05-24,25.4,0.0,50400.0,53324.15
2003-05-25,25.5,0.0,50400.0,53420.43
2003-05-26,25.3,0.1,49745.13,53514.3
2003-05-27,24.8,0.0,43043.11,53605.65
2003-05-28,27.2,2.6,50222.0,53694.39
2003-05-29,29.9,0.0,50400.0,53780.41
2003-05-30,27.7,7.4,43200.0,53863.6
2003-05-31,26.1,1.0,50400.0,53943.88
2003-06-01,26.2,1.1,47776.6,54021.13
2003-06-02,26.4,0.7,48877.78,54095.25
2003-06-03,27.5,2.1,47878.32,54166.13
2003-06-04,28.0,0.0,50400.0,54233.68
2003-06-05,28.3,0.8,50400.0,54297.78
2003-06-06,28.4,0.3,48574.54,54358.34
2003-06-07,29.1,0.2,43969.67,54415.26
2003-06-08,28.8,0.3,50400.0,54468.42
2003-06-09,31.7,0.0,48185.07,54517.72
2003-06-10,33.8,0.0,50652.76,54563.08
2003-06-11,34.2,0.0,50638.65,54604.39
2003-06-12,34.1,0.0,50625.37,54641.57
2003-06-13,34.5,0.0,49432.85,54674.96
2003-06-14,34.9,0.0,50600.39,54704.58
2003-06-15,34.5,0.0,50944.11,54730.46
2003-06-16,32.5,0.1,50400.0,54752.56
2003-06-17,30.3,0.0,50353.85,54770.9
2003-06-18,29.3,4.7,41808.84,54785.48
2003-06-19,31.3,0.0,50548.76,54796.27
2003-06-20,31.8,0.0,51251.92,54803.28
2003-06-21,32.3,0.0,50888.8,54806.52
2003-06-22,31.8,0.0,51237.76,54805.99
2003-06-23,31.4,0.0,51587.33,54801.69
2003-06-24,33.5,0.0,51582.15,54793.64
2003-06-25,33.7,0.0,51577.78,54781.83
2003-06-26,33.3,0.0,50864.1,54766.29
2003-06-27,32.0,0.0,51216.75,54747.02
2003-06-28,32.6,0.5,50728.08,54724.04
2003-06-29,31.2,1.9,44799.78,54697.36
2003-06-30,32.4,0.0,51569.48,54667.01
2003-07-01,31.9,0.0,51216.91,54633.0
2003-07-02,29.3,0.0,51219.49,54595.31
2003-07-03,28.7,0.0,51222.91,54553.55
2003-07-04,27.7,1.0,50053.69,54507.73
2003-07-05,29.1,0.0,51232.24,54457.96
2003-07-06,28.7,0.0,50886.23,54404.33
2003-07-07,30.5,0.0,51244.95,54346.96
2003-07-08,31.7,0.2,50901.6,54285.97
2003-07-09,30.6,0.0,50910.59,54221.45
2003-07-10,30.2,0.3,45849.25,54153.52
2003-07-11,30.7,0.0,51280.52,54082.3
2003-07-12,31.4,0.0,50594.0,54007.87
2003-07-13,31.7,0.0,50955.28,53930.36
2003-07-14,32.2,0.2,50400.0,53849.89
2003-07-15,32.1,0.0,50982.9,53766.54
2003-07-16,32.9,0.0,50998.07,53680.44
2003-07-17,32.8,0.0,51014.09,53591.69
2003-07-18,34.6,0.0,51031.0,53500.39
2003-07-19,33.6,0.0,50704.46,53406.66
2003-07-20,32.9,0.0,50723.83,53310.6
2003-07-21,33.6,0.0,50744.12,53212.31
2003-07-22,34.6,0.0,50423.01,53111.78
2003-07-23,33.2,0.0,50445.97,53008.14
2003-07-24,33.5,0.0,50380.94,52901.32
2003-07-25,32.8,0.0,50421.23,52791.48
2003-07-26,34.0,0.0,50270.96,52678.77
2003-07-27,34.5,0.0,50214.68,52563.36
2003-07-28,32.5,0.0,50157.66,52445.39
2003-07-29,33.9,0.0,48830.46,52325.0
2003-07-30,32.5,0.0,50041.67,52202.35
2003-07-31,30.1,9.7,39504.45,52077.59
2003-08-01,29.7,0.0,45562.1,51950.85
2003-08-02,31.7,0.0,48916.47,51822.26
2003-08-03,33.1,0.0,49600.28,51691.98
2003-08-04,33.7,0.0,49290.71,51560.14
2003-08-05,36.4,0.0,49312.21,51426.85
2003-08-06,36.6,0.0,45647.32,51292.26
2003-08-07,36.3,1.5,45600.75,51156.49
2003-08-08,34.8,0.0,48395.22,51019.67
2003-08-09,35.6,0.0,48745.77,50881.9
2003-08-10,36.3,0.0,48251.45,50743.31
2003-08-11,35.3,0.0,48141.71,50603.89
2003-08-12,35.5,1.5,48166.42,50462.57
2003-08-13,35.5,0.0,46937.29,50319.23
2003-08-14,34.0,0.3,47569.93,50174.0
2003-08-15,32.7,0.0,46939.51,50027.04
2003-08-16,33.5,0.0,47301.29,49878.46
2003-08-17,34.8,0.0,47328.74,49728.42
2003-08-18,35.3,0.0,47356.31,49577.05
2003-08-19,34.1,0.0,47064.06,49424.45
2003-08-20,35.1,0.0,47014.0,49270.78
2003-08-21,34.8,0.0,46950.75,49116.14
2003-08-22,33.2,0.0,46568.69,48960.65
2003-08-23,33.1,0.7,46504.59,48804.45
2003-08-24,33.2,0.0,45411.79,48647.64
2003-08-25,32.5,4.4,41763.63,48490.32
2003-08-26,28.8,2.4,41580.13,48332.63
2003-08-27,30.7,0.0,45850.89,48174.66
2003-08-28,30.7,0.0,45265.46,48016.52
2003-08-29,31.5,0.0,44368.85,47858.31
2003-08-30,29.5,0.0,44726.24,47700.15
2003-08-31,29.7,0.0,44458.34,47541.98
2003-09-01,28.8,0.9,44192.0,47382.75
2003-09-02,29.1,0.0,43927.1,47222.28
2003-09-03,24.0,3.6,35539.26,47060.7
2003-09-04,25.7,0.0,44023.2,46898.12
2003-09-05,26.1,0.0,36837.42,46734.64
2003-09-06,26.4,0.2,42732.02,46570.38
2003-09-07,27.7,0.7,43200.0,46405.44
2003-09-08,24.5,14.1,27170.47,46239.94
2003-09-09,21.6,12.0,5864.24,46073.97
2003-09-10,25.8,0.8,43200.0,45907.63
2003-09-11,26.1,0.0,43200.0,45741.03
2003-09-12,27.4,0.0,43200.0,45574.28
2003-09-13,25.1,0.0,41712.92,45407.45
2003-09-14,24.2,0.0,38996.79,45240.66
2003-09-15,25.1,0.0,43200.0,45074.0
2003-09-16,25.8,0.0,43200.0,44907.57
2003-09-17,25.8,0.0,43200.0,44741.47
2003-09-18,26.3,0.0,43200.0,44575.78
2003-09-19,27.1,0.0,43200.0,44410.61
2003-09-20,27.8,0.0,43200.0,44245.92
2003-09-21,28.1,0.0,43197.01,44080.58
2003-09-22,26.5,0.0,43134.57,43914.43
2003-09-23,25.2,0.0,42194.77,43747.58
2003-09-24,22.3,6.8,26416.9,43580.14
2003-09-25,24.9,0.0,42854.92,43412.2
2003-09-26,24.8,0.0,42686.5,43243.87
2003-09-27,24.5,0.0,42517.8,43075.27
2003-09-28,19.1,8.6,0.0,42906.49
2003-09-29,21.8,10.6,23561.58,42737.63
2003-09-30,23.0,0.0,37342.46,42568.81
2003-10-01,25.3,0.0,41436.4,42400.13
2003-10-02,26.7,0.0,33495.29,42231.69
2003-10-03,25.7,0.0,38851.58,42063.59
2003-10-04,23.5,11.0,37469.25,41895.95
2003-10-05,20.4,24.2,27063.48,41728.88
2003-10-06,20.2,0.2,39744.37,41562.48
2003-10-07,20.0,0.0,23333.34,41396.87
2003-10-08,19.8,1.4,37397.65,41232.14
2003-10-09,20.0,0.0,38046.54,41068.42
2003-10-10,21.6,0.0,37907.24,40905.67
2003-10-11,22.3,0.0,37052.17,40742.67
2003-10-12,22.4,0.0,36823.9,40579.23
2003-10-13,22.0,0.0,36806.12,40415.47
2003-10-14,22.6,0.0,32749.17,40251.51
2003-10-15,20.9,0.0,13560.47,40087.49
2003-10-16,20.4,0.0,36284.71,39923.51
2003-10-17,18.6,0.0,31224.28,39759.7
2003-10-18,18.7,14.0,18888.31,39596.2
2003-10-19,20.6,3.6,31887.74,39433.13
2003-10-20,20.4,11.0,8269.12,39270.62
2003-10-21,20.4,1.7,31617.18,39108.79
2003-10-22,17.4,31.7,0.0,38947.81
2003-10-23,17.7,6.3,22574.07,38787.77
2003-10-24,16.9,0.0,30315.43,38628.85
2003-10-25,15.5,0.6,36000.0,38471.18
2003-10-26,16.0,7.2,29943.36,38314.9
2003-10-27,16.6,14.0,25200.0,38160.16
2003-10-28,16.0,2.4,16314.85,38007.11
2003-10-29,17.9,14.3,22378.23,37855.9
2003-10-30,15.4,12.9,26063.44,37706.54
2003-10-31,17.8,1.0,18395.96,37557.67
2003-11-01,20.7,15.4,28381.0,37409.11
2003-11-02,16.9,5.8,29194.85,37261.01
2003-11-03,17.3,0.0,34413.47,37113.51
2003-11-04,18.7,0.0,35786.03,36966.76
2003-11-05,19.9,0.0,35713.81,36820.91
2003-11-06,17.7,0.2,35536.22,36676.12
2003-11-07,15.6,4.6,15162.39,36532.55
2003-11-08,18.0,1.7,25716.28,36390.35
2003-11-09,20.3,0.0,35438.66,36249.7
2003-11-10,18.4,0.0,35036.08,36110.76
2003-11-11,15.8,0.0,34045.49,35973.7
2003-11-12,15.2,0.7,34035.83,35838.7
2003-11-13,15.6,0.1,22530.75,35705.93
2003-11-14,16.0,0.0,33661.53,35575.6
2003-11-15,14.1,4.2,7279.39,35447.85
2003-11-16,16.6,0.0,21728.06,35322.91
2003-11-17,17.7,0.6,23406.18,35200.95
2003-11-18,19.7,0.0,33503.98,35082.16
2003-11-19,19.2,0.0,34167.44,34966.59
2003-11-20,18.0,0.0,31475.49,34853.01
2003-11-21,19.4,0.0,30144.53,34741.23
2003-11-22,18.8,0.0,32979.93,34631.4
2003-11-23,18.0,0.0,30132.08,34523.66
2003-11-24,18.4,9.9,22213.76,34418.15
2003-11-25,18.5,4.5,31006.13,34315.03
2003-11-26,16.5,34.3,26121.06,34214.44
2003-11-27,15.8,11.6,21789.04,34116.54
2003-11-28,12.0,27.6,8528.43,34021.47
2003-11-29,12.3,0.1,24541.95,33929.4
2003-11-30,13.2,0.0,30932.61,33840.46
2003-12-01,14.5,0.0,25576.81,33754.84
2003-12-02,16.1,0.0,28623.53,33672.68
2003-12-03,17.7,0.0,29625.46,33594.14
2003-12-04,17.9,2.4,26650.48,33519.39
2003-12-05,18.2,0.0,28978.12,33448.58
2003-12-06,15.9,0.5,15302.0,33381.88
2003-12-07,12.5,0.3,21361.89,33319.43
2003-12-08,7.9,0.2,29351.1,33261.43
2003-12-09,9.0,1.4,18532.39,33207.91
2003-12-10,11.9,2.4,14944.5,33158.24
2003-12-11,15.9,0.0,16943.94,33112.3
2003-12-12,16.2,4.2,25652.98,33070.12
2003-12-13,16.1,0.0,29951.97,33031.75
2003-12-14,14.1,0.2,7251.82,32997.24
2003-12-15,13.4,0.0,30000.68,32966.63
2003-12-16,8.8,0.0,30380.18,32939.95
2003-12-17,9.7,0.0,28905.95,32917.24
2003-12-18,10.8,0.0,29978.16,32898.55
2003-12-19,11.5,0.0,21953.09,32883.9
2003-12-20,13.5,0.0,29956.49,32873.33
2003-12-21,11.9,7.2,2599.78,32866.86
2003-12-22,12.4,7.3,23694.36,32864.54
2003-12-23,6.8,0.2,24992.4,32866.38
2003-12-24,7.1,0.0,23071.55,32872.4
2003-12-25,8.8,0.0,30627.51,32882.63
2003-12-26,9.7,0.0,30982.35,32897.09
2003-12-27,10.7,0.0,23452.66,32915.8
2003-12-28,12.1,0.1,20944.2,32938.77
2003-12-29,12.2,9.6,2876.47,32966.06
2003-12-30,11.1,14.4,5779.12,32997.95
2003-12-31,10.8,0.0,24950.06,33034.43
2004-01-01,12.6,0.0,28935.08,33075.38
2004-01-02,10.7,0.4,9579.62,33120.68
2004-01-03,11.5,0.0,31522.16,33170.22
2004-01-04,9.3,0.0,30382.29,33223.88
2004-01-05,8.9,0.0,31634.94,33281.54
2004-01-06,9.9,0.0,31693.94,33343.08
2004-01-07,10.8,0.0,31754.51,33408.36
2004-01-08,10.1,0.0,2143.64,33477.29
2004-01-09,10.7,7.0,1515.51,33549.73
2004-01-10,12.0,0.0,25678.17,33625.56
2004-01-11,11.8,0.0,30505.02,33704.67
2004-01-12,13.6,0.4,6529.88,33786.92
2004-01-13,15.3,0.0,18389.95,33872.21
2004-01-14,16.1,0.0,23449.2,33960.41
2004-01-15,13.1,0.1,32279.11,34051.4
2004-01-16,12.1,0.9,25411.2,34145.06
2004-01-17,12.4,4.6,13241.58,34241.29
2004-01-18,12.6,21.8,3821.9,34340.1
2004-01-19,9.5,12.2,4802.49,34442.57
2004-01-20,11.3,4.6,9473.82,34548.8
2004-01-21,12.1,0.0,32417.6,34658.58
2004-01-22,6.7,0.0,32400.0,34771.7
2004-01-23,5.3,0.0,16791.18,34888.0
2004-01-24,5.8,0.0,32695.77,35007.27
2004-01-25,5.5,0.4,29462.89,35129.32
2004-01-26,8.1,0.7,21426.26,35253.97
2004-01-27,10.4,3.6,15556.94,35381.04
2004-01-28,9.5,4.2,25620.13,35510.35
2004-01-29,8.6,7.4,22200.68,35641.71
2004-01-30,8.2,0.2,33207.96,35774.97
2004-01-31,9.2,0.0,32400.0,35909.94
2004-02-01,10.9,0.0,18676.48,36046.47
2004-02-02,12.3,0.0,32764.94,36184.4
2004-02-03,13.5,0.0,32418.63,36323.56
2004-02-04,15.7,0.0,33708.17,36463.79
2004-02-05,14.2,0.0,33669.36,36604.94
2004-02-06,12.0,0.0,32631.47,36746.86
2004-02-07,11.4,0.0,3350.26,36889.6
2004-02-08,14.1,1.1,32880.53,37034.49
2004-02-09,14.2,0.0,33947.97,37181.72
2004-02-10,12.6,0.0,33464.74,37331.1
2004-02-11,11.4,1.0,13906.05,37482.47
2004-02-12,11.2,0.0,35673.72,37635.66
2004-02-13,9.6,0.0,36418.06,37790.49
2004-02-14,12.5,0.0,36127.2,37946.8
2004-02-15,12.5,0.0,25967.2,38104.44
2004-02-16,13.3,0.0,36206.22,38263.24
2004-02-17,11.5,0.0,36572.86,38423.06
2004-02-18,11.8,0.6,36290.73,38583.74
2004-02-19,9.3,28.5,0.0,38745.15
2004-02-20,16.9,0.9,34948.97,38907.11
2004-02-21,18.2,1.8,7817.88,39069.51
2004-02-22,15.5,10.5,26081.56,39232.18
2004-02-23,13.4,8.9,36185.04,39395.01
2004-02-24,10.5,8.6,35967.77,39557.86
2004-02-25,12.7,1.6,24063.75,39720.58
2004-02-26,13.6,14.3,14499.61,39883.05
2004-02-27,11.0,4.6,30841.81,40045.3
2004-02-28,8.2,23.8,14193.91,40208.65
2004-02-29,10.3,10.4,35492.72,40373.29
2004-03-01,8.5,4.0,37434.45,40539.1
2004-03-02,9.5,0.2,39419.35,40705.93
2004-03-03,11.8,0.0,39490.7,40873.69
2004-03-04,14.2,0.0,39561.8,41042.22
2004-03-05,13.3,0.0,39600.0,41211.43
2004-03-06,12.5,0.0,26449.11,41381.17
2004-03-07,12.2,19.7,10799.98,41551.34
2004-03-08,10.4,1.4,39600.0,41721.82
2004-03-09,11.8,0.0,39600.0,41892.49
2004-03-10,10.6,0.8,29585.1,42063.23
2004-03-11,9.8,11.5,0.0,42233.93
2004-03-12,13.4,0.0,39045.11,42404.48
2004-03-13,15.5,0.0,37258.68,42574.75
2004-03-14,16.7,0.0,36482.92,42744.65
2004-03-15,18.2,0.0,38749.77,42914.05
2004-03-16,18.6,0.0,38917.24,43082.83
2004-03-17,18.9,0.0,41252.57,43250.89
2004-03-18,17.6,0.0,39657.9,43418.26
2004-03-19,16.0,0.0,36401.83,43586.14
2004-03-20,13.4,0.0,9492.29,43754.73
2004-03-21,13.9,1.7,4664.19,43923.92
2004-03-22,15.3,0.2,23285.14,44093.6
2004-03-23,12.6,4.4,32155.87,44263.67
2004-03-24,11.6,2.3,39672.52,44434.03
2004-03-25,13.0,2.1,40842.45,44604.57
2004-03-26,12.5,1.1,39600.0,44775.19
2004-03-27,13.1,0.6,42878.23,44945.79
2004-03-28,16.4,0.0,43107.19,45116.25
2004-03-29,18.1,0.0,43178.26,45286.48
2004-03-30,13.7,4.6,16938.61,45456.35
2004-03-31,16.2,8.7,22734.51,45625.78
2004-04-01,17.2,11.5,39600.0,45794.63
2004-04-02,18.1,0.2,43472.65,45962.81
2004-04-03,16.1,0.0,32449.62,46130.21
2004-04-04,18.1,0.8,42658.61,46296.71
2004-04-05,15.7,0.0,28365.08,46462.19
2004-04-06,15.3,0.2,37119.45,46626.53
2004-04-07,14.4,2.2,43691.3,46789.76
2004-04-08,15.0,0.6,44217.08,46953.03
2004-04-09,15.2,2.8,11285.23,47116.51
2004-04-10,15.9,2.5,25961.01,47280.1
2004-04-11,16.1,6.5,10882.29,47443.7
2004-04-12,15.0,22.8,19320.19,47607.2
2004-04-13,13.7,2.2,39428.1,47770.48
2004-04-14,15.2,1.7,44978.69,47933.45
2004-04-15,15.6,0.0,40458.96,48095.98
2004-04-16,14.9,9.5,233.54,48257.96
2004-04-17,15.1,20.0,9354.95,48419.28
2004-04-18,16.1,5.4,42581.22,48579.81
2004-04-19,14.6,11.0,12851.46,48739.44
2004-04-20,17.6,3.8,30422.55,48898.03
2004-04-21,20.0,0.0,47225.46,49055.47
2004-04-22,20.5,0.0,47249.46,49211.62
2004-04-23,17.6,1.2,30656.08,49366.36
2004-04-24,20.0,1.2,38602.73,49519.54
2004-04-25,13.6,18.4,6024.37,49671.03
2004-04-26,20.0,1.4,45512.57,49820.69
2004-04-27,19.7,0.0,46201.26,49968.51
2004-04-28,19.6,0.0,48662.63,50115.6
2004-04-29,20.0,1.5,37877.23,50262.11
2004-04-30,17.7,3.5,30825.92,50407.93
2004-05-01,19.4,0.0,45830.12,50552.94
2004-05-02,18.5,0.2,46903.6,50697.02
2004-05-03,23.5,0.3,36424.09,50840.05
2004-05-04,18.0,22.6,41761.53,50981.91
2004-05-05,16.8,17.3,30462.43,51122.45
2004-05-06,15.5,12.0,45276.5,51261.56
2004-05-07,16.0,5.8,42820.26,51399.09
2004-05-08,15.4,2.0,49337.5,51534.91
2004-05-09,16.5,0.0,49641.77,51668.89
2004-05-10,17.8,0.1,46724.54,51800.86
2004-05-11,19.1,0.0,50400.0,51930.7
2004-05-12,23.3,3.1,38338.0,52058.25
2004-05-13,20.1,2.3,46800.0,52183.36
2004-05-14,20.4,8.1,43359.65,52305.88
2004-05-15,21.2,0.0,50077.6,52425.64
2004-05-16,21.1,0.2,48853.85,52542.5
2004-05-17,21.5,0.0,50400.0,52656.41
2004-05-18,22.0,0.0,50400.0,52768.28
2004-05-19,22.0,0.0,50400.0,52878.26
2004-05-20,22.8,0.0,49809.51,52986.23
2004-05-21,21.5,0.0,50400.0,53092.07
2004-05-22,20.4,0.0,46717.74,53195.67
2004-05-23,18.8,13.1,12251.84,53296.94
2004-05-24,21.5,0.2,50400.0,53395.74
2004-05-25,20.5,0.0,50400.0,53491.96
2004-05-26,22.4,0.0,50400.0,53585.48
2004-05-27,21.7,0.0,46842.04,53676.18
2004-05-28,20.8,2.0,50400.0,53763.94
2004-05-29,21.9,0.0,46084.49,53848.64
2004-05-30,23.3,1.0,50400.0,53930.16
2004-05-31,22.9,0.0,50400.0,54008.37
2004-06-01,20.7,2.5,35119.65,54083.15
2004-06-02,22.5,0.3,46226.66,54154.38
2004-06-03,22.7,7.5,42202.17,54221.94
2004-06-04,23.3,0.0,40573.81,54285.69
2004-06-05,24.0,0.5,47532.5,54345.52
2004-06-06,23.1,3.9,50400.0,54401.37
2004-06-07,24.2,0.0,50400.0,54453.7
2004-06-08,26.3,0.0,50175.44,54502.58
2004-06-09,27.3,0.0,50659.81,54548.0
2004-06-10,29.2,0.0,50999.35,54589.9
2004-06-11,29.4,0.0,50985.24,54628.24
2004-06-12,26.8,0.0,50971.68,54662.99
2004-06-13,24.9,0.0,46664.78,54694.13
2004-06-14,24.1,3.9,48274.92,54721.6
2004-06-15,24.1,0.0,50400.0,54745.39
2004-06-16,25.3,0.0,50400.0,54765.47
2004-06-17,26.8,0.2,48713.08,54781.8
2004-06-18,28.2,0.0,51260.29,54794.36
2004-06-19,25.6,0.0,46800.0,54803.14
2004-06-20,25.0,3.5,48638.97,54808.09
2004-06-21,23.8,0.0,51237.53,54809.21
2004-06-22,25.7,0.0,51231.77,54806.47
2004-06-23,28.5,0.0,46350.0,54799.87
2004-06-24,27.0,0.0,51223.1,54789.37
2004-06-25,27.1,0.0,51220.31,54774.99
2004-06-26,29.2,0.0,51218.46,54756.66
2004-06-27,30.5,0.0,51217.4,54734.19
2004-06-28,32.0,0.0,50862.53,54707.61
2004-06-29,29.3,0.0,51217.51,54676.98
2004-06-30,30.2,0.0,51218.74,54642.39
2004-07-01,29.7,0.0,50806.0,54603.92
2004-07-02,29.4,0.0,51223.66,54561.66
2004-07-03,29.7,0.0,51227.31,54515.69
2004-07-04,30.1,0.0,51584.24,54466.1
2004-07-05,32.3,0.0,51589.12,54412.97
2004-07-06,33.5,0.0,51594.89,54356.4
2004-07-07,33.4,0.0,51601.47,54296.46
2004-07-08,34.2,0.0,51258.36,54233.26
2004-07-09,29.1,0.0,51267.18,54166.89
2004-07-10,27.7,0.0,51276.96,54097.42
2004-07-11,26.7,0.0,50938.71,54024.94
2004-07-12,25.1,0.0,42277.58,53949.56
2004-07-13,27.4,0.2,50963.98,53871.37
2004-07-14,27.5,0.0,50630.88,53790.44
2004-07-15,28.6,0.0,50993.07,53706.87
2004-07-16,30.2,0.0,50663.18,53620.64
2004-07-17,30.8,0.0,51026.11,53530.99
2004-07-18,31.7,0.0,50699.51,53437.86
2004-07-19,31.4,0.0,50719.16,53341.41
2004-07-20,32.2,0.0,50739.71,53241.79
2004-07-21,32.2,0.0,50761.2,53139.15
2004-07-22,33.5,0.0,50441.78,53033.63
2004-07-23,36.3,0.0,50461.38,52925.39
2004-07-24,33.4,0.0,50430.68,52814.56
2004-07-25,25.1,15.8,29767.29,52701.28
2004-07-26,30.5,2.4,50226.84,52585.71
2004-07-27,29.8,0.0,50169.36,52467.98
2004-07-28,28.0,0.2,49495.69,52348.22
2004-07-29,26.5,0.2,49181.49,52226.56
2004-07-30,29.1,0.0,49868.78,52103.14
2004-07-31,30.6,0.0,49888.11,51978.09
2004-08-01,31.1,0.0,49876.33,51851.53
2004-08-02,31.2,0.0,49264.83,51723.58
2004-08-03,29.3,0.0,48625.02,51594.37
2004-08-04,30.7,1.1,47658.42,51464.02
2004-08-05,30.5,3.2,47198.38,51332.51
2004-08-06,26.5,4.4,39781.72,51198.8
2004-08-07,27.4,0.1,47768.76,51062.78
2004-08-08,29.1,1.6,46240.17,50924.61
2004-08-09,28.9,0.0,45827.01,50784.42
2004-08-10,30.7,0.0,47808.6,50642.38
2004-08-11,30.5,0.0,47834.28,50498.61
2004-08-12,30.8,0.0,43857.14,50353.25
2004-08-13,28.7,0.0,47239.38,50206.45
2004-08-14,30.4,0.0,47266.88,50058.32
2004-08-15,31.6,0.0,47616.39,49909.02
2004-08-16,29.2,0.0,47322.06,49758.65
2004-08-17,29.7,0.0,47029.14,49607.35
2004-08-18,29.7,0.0,47057.57,49455.23
2004-08-19,31.0,0.0,47025.53,49302.42
2004-08-20,30.8,0.0,46649.16,49149.03
2004-08-21,29.1,0.0,46558.27,48995.19
2004-08-22,30.5,0.0,46520.85,48840.98
2004-08-23,29.4,0.0,46458.15,48686.55
2004-08-24,30.1,0.0,45454.69,48531.97
2004-08-25,29.2,0.0,43907.92,48377.23
2004-08-26,26.7,3.3,45208.74,48221.25
2004-08-27,29.1,0.0,45565.28,48063.87
2004-08-28,28.8,0.0,45608.33,47905.22
2004-08-29,28.3,0.0,45339.17,47745.41
2004-08-30,27.6,0.0,43395.91,47584.57
2004-08-31,26.4,0.7,44181.0,47422.8
2004-09-01,27.4,0.0,44228.57,47260.22
2004-09-02,29.0,0.0,43965.24,47096.93
2004-09-03,31.6,0.0,43703.01,46933.05
2004-09-04,32.6,0.0,43752.48,46768.69
2004-09-05,31.0,0.0,43491.87,46603.94
2004-09-06,29.8,0.0,40755.34,46438.9
2004-09-07,28.0,0.4,43200.0,46273.69
2004-09-08,29.5,0.0,43200.0,46108.4
2004-09-09,28.9,0.0,43200.0,45943.13
2004-09-10,26.9,0.0,43200.0,45777.98
2004-09-11,27.6,0.0,43200.0,45613.04
2004-09-12,27.1,0.0,43200.0,45448.42
2004-09-13,27.4,0.1,40528.67,45284.21
2004-09-14,27.9,0.0,40857.68,45120.35
2004-09-15,25.9,27.2,25102.57,44955.77
2004-09-16,24.3,8.8,33459.46,44790.3
2004-09-17,23.9,2.4,26340.52,44624.03
2004-09-18,25.6,3.9,41950.43,44457.08
2004-09-19,25.3,0.4,41995.42,44289.55
2004-09-20,26.7,0.0,43200.0,44121.54
2004-09-21,25.3,0.0,43149.25,43953.16
2004-09-22,23.9,0.0,30128.05,43784.51
2004-09-23,24.3,0.0,43024.01,43615.68
2004-09-24,23.2,3.5,32855.07,43446.78
2004-09-25,20.9,2.5,42545.68,43277.92
2004-09-26,20.1,0.3,42537.3,43109.19
2004-09-27,21.9,0.0,39933.61,42940.69
2004-09-28,21.9,0.0,42215.06,42772.53
2004-09-29,22.6,0.0,42047.33,42604.8
2004-09-30,23.1,0.0,39896.5,42437.62
2004-10-01,23.0,0.0,40296.32,42271.08
2004-10-02,23.6,0.2,39008.38,42105.29
2004-10-03,23.8,0.0,39228.34,41940.35
2004-10-04,24.3,0.0,38692.92,41776.21
2004-10-05,24.4,0.0,38468.71,41611.7
2004-10-06,24.0,0.0,39182.02,41446.64
2004-10-07,24.3,0.0,38645.89,41281.14
2004-10-08,24.3,0.0,38108.74,41115.31
2004-10-09,24.2,0.0,37570.73,40949.28
2004-10-10,23.9,11.3,12919.38,40783.15
2004-10-11,21.3,2.9,35331.06,40617.05
2004-10-12,20.9,4.4,36000.0,40451.09
2004-10-13,19.5,2.1,5536.05,40285.4
2004-10-14,18.7,4.5,33415.79,40120.1
2004-10-15,19.2,13.6,26466.45,39955.32
2004-10-16,19.0,12.0,32220.13,39791.17
2004-10-17,18.8,7.7,36000.0,39627.78
2004-10-18,19.1,0.1,31347.71,39465.29
2004-10-19,21.9,0.0,14400.0,39303.83
2004-10-20,23.0,0.0,35955.98,39143.53
2004-10-21,23.8,0.0,36000.0,38984.53
2004-10-22,23.8,0.0,32400.0,38826.97
2004-10-23,23.2,0.0,36000.0,38670.98
2004-10-24,22.4,0.0,36000.0,38516.55
2004-10-25,22.8,0.0,36000.0,38362.36
2004-10-26,23.5,7.2,36000.0,38208.23
2004-10-27,18.0,20.6,2313.26,38054.29
2004-10-28,19.1,1.3,16609.11,37900.68
2004-10-29,19.8,11.1,11180.0,37747.54
2004-10-30,21.6,15.4,17959.16,37595.03
2004-10-31,23.8,0.3,34558.71,37443.27
2004-11-01,24.0,0.4,13672.84,37292.44
2004-11-02,26.6,0.0,35875.14,37142.68
2004-11-03,24.4,0.0,28423.91,36994.16
2004-11-04,23.9,0.0,35726.73,36847.02
2004-11-05,21.8,0.0,35188.29,36701.44
2004-11-06,19.7,8.7,21586.39,36557.58
2004-11-07,16.9,10.9,16335.22,36415.61
2004-11-08,13.0,0.0,34312.3,36275.71
2004-11-09,12.1,3.7,14400.0,36138.05
2004-11-10,14.2,18.8,19680.98,36002.82
2004-11-11,13.8,16.1,3600.0,35870.2
2004-11-12,18.3,0.0,30834.37,35740.38
2004-11-13,19.6,1.9,26372.56,35613.37
2004-11-14,13.9,11.3,0.0,35487.89
2004-11-15,11.9,0.8,11142.46,35363.75
2004-11-16,14.1,0.0,34643.71,35241.1
2004-11-17,15.0,0.0,34521.47,35120.09
2004-11-18,15.0,0.0,24927.55,35000.87
2004-11-19,15.4,0.1,18239.71,34883.6
2004-11-20,13.1,0.3,32217.51,34768.44
2004-11-21,11.8,0.0,34048.06,34655.54
2004-11-22,12.9,0.1,22714.34,34545.08
2004-11-23,14.7,0.3,19765.95,34437.21
2004-11-24,16.2,0.0,31708.22,34332.12
2004-11-25,13.2,0.1,28656.81,34229.95
2004-11-26,14.0,0.3,11455.03,34130.91
2004-11-27,13.6,5.8,6850.49,34035.14
2004-11-28,14.8,0.0,29787.52,33942.84
2004-11-29,15.1,3.8,25681.69,33854.18
2004-11-30,14.5,16.2,1662.55,33769.34
2004-12-01,14.9,12.3,4220.45,33688.5
2004-12-02,19.1,0.0,29979.61,33611.84
2004-12-03,17.7,3.4,16868.98,33539.43
2004-12-04,16.0,11.5,0.0,33470.41
2004-12-05,14.5,34.3,0.0,33404.65
2004-12-06,17.2,3.5,24504.18,33342.21
2004-12-07,18.7,0.0,29437.9,33283.2
2004-12-08,14.0,5.0,0.0,33227.68
2004-12-09,18.3,0.4,20387.49,33175.73
2004-12-10,14.8,3.9,17701.48,33127.44
2004-12-11,16.1,0.0,29637.58,33082.88
2004-12-12,16.3,0.0,29635.71,33042.13
2004-12-13,15.8,0.0,29632.49,33005.26
2004-12-14,15.0,0.0,29999.26,32972.35
2004-12-15,14.5,0.0,28812.66,32943.48
2004-12-16,14.4,18.6,14162.99,32918.7
2004-12-17,13.5,17.2,21600.0,32898.1
2004-12-18,11.6,3.7,28149.83,32881.74
2004-12-19,10.7,1.8,27074.67,32869.69
2004-12-20,12.6,3.9,21651.29,32862.01
2004-12-21,9.9,0.0,29188.69,32858.76
2004-12-22,9.2,0.0,29085.59,32860.0
2004-12-23,9.0,0.0,30279.18,32865.79
2004-12-24,10.1,0.7,5778.93,32876.18
2004-12-25,12.8,5.0,10834.98,32891.1
2004-12-26,12.3,42.4,10480.8,32910.49
2004-12-27,12.6,19.3,15112.31,32934.26
2004-12-28,10.2,1.6,29805.82,32962.33
2004-12-29,11.3,2.5,10864.75,32994.64
2004-12-30,11.3,0.0,31360.43,33031.09
2004-12-31,11.2,0.0,31410.87,33071.6
2005-01-01,11.2,0.0,30817.78,33116.09
2005-01-02,10.9,0.0,31517.09,33164.46
2005-01-03,12.1,0.0,31572.62,33216.63
2005-01-04,10.7,0.0,31629.59,33272.51
2005-01-05,11.4,0.0,31687.87,33332.02
2005-01-06,12.6,0.0,31747.32,33395.05
2005-01-07,13.6,0.0,31807.82,33461.53
2005-01-08,12.2,0.0,31869.24,33531.36
2005-01-09,11.3,0.0,10642.77,33604.44
2005-01-10,11.9,0.0,31994.28,33680.69
2005-01-11,11.9,0.0,32057.66,33760.01
2005-01-12,11.5,0.0,32121.75,33842.44
2005-01-13,12.2,0.0,32187.51,33928.9
2005-01-14,11.3,0.0,32254.89,34019.43
2005-01-15,10.6,0.0,32323.76,34113.86
2005-01-16,9.8,0.0,32394.0,34212.0
2005-01-17,8.5,0.0,32480.46,34313.65
2005-01-18,9.4,7.5,25200.0,34418.65
2005-01-19,9.3,19.9,5313.7,34526.79
2005-01-20,12.3,0.0,32420.83,34637.92
2005-01-21,12.0,0.0,23552.99,34751.84
2005-01-22,13.6,0.0,32400.0,34868.38
2005-01-23,11.0,7.9,22212.86,34987.38
2005-01-24,9.2,8.7,25843.8,35108.66
2005-01-25,8.1,11.7,23607.75,35232.05
2005-01-26,5.5,2.4,15947.31,35357.4
2005-01-27,6.9,0.6,19264.19,35484.55
2005-01-28,5.6,3.5,22694.14,35613.33
2005-01-29,3.3,6.1,3651.68,35743.58
2005-01-30,8.5,0.4,30871.2,35875.17
2005-01-31,8.6,0.0,33491.95,36007.93
2005-02-01,9.7,0.0,30864.1,36141.9
2005-02-02,9.0,0.0,33790.58,36278.4
2005-02-03,10.9,0.0,33383.52,36417.61
2005-02-04,10.5,0.0,34019.81,36559.31
2005-02-05,8.4,0.0,34558.86,36703.33
2005-02-06,7.8,0.0,33936.7,36849.49
2005-02-07,10.0,0.0,33717.77,36997.6
2005-02-08,11.3,0.0,34303.33,37147.51
2005-02-09,11.6,0.0,35213.12,37299.02
2005-02-10,10.3,0.0,35686.91,37451.98
2005-02-11,10.9,0.0,35364.26,37606.22
2005-02-12,11.7,0.0,3374.89,37761.59
2005-02-13,14.5,1.5,31704.05,37917.92
2005-02-14,8.8,4.8,0.0,38075.06
2005-02-15,8.8,0.6,33254.77,38232.86
2005-02-16,8.8,0.0,31509.54,38391.17
2005-02-17,8.4,0.5,13626.87,38549.85
2005-02-18,10.8,0.0,37294.5,38708.75
2005-02-19,9.8,0.4,37012.6,38867.73
2005-02-20,8.8,3.6,33174.36,39026.66
2005-02-21,8.5,15.1,7866.08,39185.56
2005-02-22,9.1,1.6,18286.02,39345.78
2005-02-23,8.3,12.7,27545.93,39507.52
2005-02-24,9.6,1.7,34454.67,39670.63
2005-02-25,10.9,3.3,29755.83,39834.98
2005-02-26,8.9,11.2,0.0,40000.43
2005-02-27,8.4,1.1,39177.6,40166.85
2005-02-28,6.9,4.9,32752.43,40334.09
2005-03-01,6.7,1.5,39330.21,40502.04
2005-03-02,6.8,0.0,39402.21,40670.58
2005-03-03,8.9,19.9,17089.24,40839.56
2005-03-04,9.7,12.2,0.0,41008.86
2005-03-05,9.6,2.7,37633.88,41178.38
2005-03-06,8.8,4.1,35517.17,41347.97
2005-03-07,9.5,2.0,39600.0,41517.53
2005-03-08,9.7,0.1,39600.0,41686.93
2005-03-09,11.2,0.0,39600.0,41856.06
2005-03-10,13.5,0.0,39769.52,42024.78
2005-03-11,11.2,0.4,38597.41,42193.0
2005-03-12,11.9,0.6,35548.84,42360.59
2005-03-13,12.6,1.8,26792.74,42527.59
2005-03-14,14.0,0.0,35180.15,42695.22
2005-03-15,15.4,0.0,40445.53,42863.68
2005-03-16,18.2,0.0,40703.07,43032.85
2005-03-17,18.9,0.0,41268.99,43202.65
2005-03-18,19.3,0.0,41834.32,43372.94
2005-03-19,18.5,0.0,42027.92,43543.64
2005-03-20,18.4,0.0,42131.56,43714.63
2005-03-21,17.8,0.0,42235.51,43885.81
2005-03-22,16.7,0.0,41933.07,44057.07
2005-03-23,17.9,0.0,39059.3,44228.31
2005-03-24,19.4,0.7,39600.0,44399.42
2005-03-25,18.8,7.1,39548.3,44570.3
2005-03-26,19.1,0.0,32480.73,44740.82
2005-03-27,15.8,25.5,23039.48,44910.91
2005-03-28,17.5,1.2,40540.64,45080.43
2005-03-29,16.5,7.5,37320.88,45249.28
2005-03-30,17.5,1.8,41216.68,45417.35
2005-03-31,19.3,0.8,43235.88,45584.53
2005-04-01,18.5,0.0,43203.66,45750.69
2005-04-02,16.2,0.0,43790.21,45915.89
2005-04-03,15.7,0.0,43200.0,46081.25
2005-04-04,17.1,0.0,43417.24,46246.98
2005-04-05,16.6,0.2,40095.7,46412.96
2005-04-06,17.9,0.0,44285.32,46579.09
2005-04-07,17.1,0.0,43943.95,46745.28
2005-04-08,15.9,9.7,23985.53,46911.4
2005-04-09,14.6,14.9,11715.37,47077.35
2005-04-10,14.6,22.4,2121.75,47243.04
2005-04-11,14.2,7.1,43355.3,47408.33
2005-04-12,17.3,0.7,43478.39,47573.14
2005-04-13,15.9,0.4,39997.9,47737.33
2005-04-14,16.5,0.0,45612.92,47900.79
2005-04-15,17.0,0.0,45967.98,48063.4
2005-04-16,13.3,9.3,16492.3,48225.06
2005-04-17,12.0,15.7,33436.51,48385.62
2005-04-18,15.9,0.0,46515.58,48544.96
2005-04-19,16.8,1.8,42659.42,48702.96
2005-04-20,15.3,2.1,43553.09,48859.49
2005-04-21,15.9,1.9,46899.74,49014.4
2005-04-22,15.9,0.0,47242.09,49167.71
2005-04-23,16.7,0.0,46629.58,49320.53
2005-04-24,17.5,0.9,28564.8,49473.04
2005-04-25,18.5,1.3,34056.7,49625.12
2005-04-26,19.3,0.0,47346.08,49776.65
2005-04-27,20.8,0.0,48658.62,49927.52
2005-04-28,22.3,0.0,48994.3,50077.6
2005-04-29,23.5,0.0,49282.92,50226.79
2005-04-30,23.4,0.0,49250.14,50374.94
2005-05-01,22.1,0.0,49218.01,50521.92
2005-05-02,24.4,0.0,47887.87,50667.62
2005-05-03,22.9,0.0,49806.4,50811.89
2005-05-04,21.4,0.0,42659.23,50954.6
2005-05-05,20.5,2.0,48351.67,51095.61
2005-05-06,20.4,0.0,48740.24,51234.77
2005-05-07,21.5,0.0,50195.72,51371.94
2005-05-08,19.5,0.0,46300.64,51506.97
2005-05-09,19.4,0.0,47437.79,51639.71
2005-05-10,20.2,0.0,36085.02,51770.01
2005-05-11,23.6,0.0,43855.87,51897.69
2005-05-12,24.5,0.4,47781.43,52022.74
2005-05-13,24.2,0.9,47400.75,52146.15
2005-05-14,21.5,0.9,29015.9,52268.05
2005-05-15,23.2,0.0,50117.89,52388.33
2005-05-16,22.5,0.0,48696.34,52506.87
2005-05-17,23.7,7.0,34415.85,52623.56
2005-05-18,18.3,2.3,50400.0,52738.26
2005-05-19,22.2,0.1,50400.0,52850.86
2005-05-20,24.1,0.0,50400.0,52961.23
2005-05-21,24.6,0.0,50400.0,53069.25
2005-05-22,24.4,0.0,46843.55,53174.78
2005-05-23,24.2,0.3,41756.67,53277.69
2005-05-24,25.8,0.0,50400.0,53377.85
2005-05-25,28.6,0.0,50400.0,53475.12
2005-05-26,28.3,0.0,50400.0,53569.37
2005-05-27,27.6,0.0,50400.0,53660.47
2005-05-28,29.9,0.0,49457.46,53748.26
2005-05-29,29.8,1.4,49868.93,53832.62
2005-05-30,29.6,0.5,47996.08,53913.4
2005-05-31,28.3,0.0,50400.0,53990.47
2005-06-01,26.7,0.0,50400.0,54063.76
2005-06-02,26.9,0.0,46903.62,54133.88
2005-06-03,28.1,0.0,50416.22,54200.94
2005-06-04,28.2,0.0,50400.0,54264.85
2005-06-05,26.1,0.8,46902.36,54325.57
2005-06-06,25.5,0.3,48995.07,54383.03
2005-06-07,28.1,0.0,50400.0,54437.15
2005-06-08,23.5,0.1,50400.0,54487.89
2005-06-09,22.2,1.9,49992.91,54535.18
2005-06-10,21.9,0.0,50647.06,54578.95
2005-06-11,21.7,0.0,50632.17,54619.15
2005-06-12,23.2,0.1,48729.05,54655.73
2005-06-13,25.6,0.0,50959.62,54688.61
2005-06-14,24.0,3.0,38051.94,54717.74
2005-06-15,23.3,9.0,43587.04,54743.09
2005-06-16,27.1,1.9,48741.43,54764.58
2005-06-17,29.1,0.0,50914.94,54782.17
2005-06-18,28.9,0.0,50550.35,54795.8
2005-06-19,29.2,1.1,50542.39,54805.44
2005-06-20,30.1,0.0,51246.85,54811.04
2005-06-21,29.8,0.0,51240.84,54812.55
2005-06-22,29.8,0.0,51235.49,54809.94
2005-06-23,31.2,0.0,51230.77,54803.25
2005-06-24,31.9,0.0,51226.79,54792.53
2005-06-25,31.8,0.0,51223.46,54777.83
2005-06-26,33.2,0.0,51575.94,54759.21
2005-06-27,35.0,0.0,51573.9,54736.71
2005-06-28,34.8,0.0,51218.04,54710.4
2005-06-29,33.4,0.0,51572.1,54680.33
2005-06-30,30.2,0.0,51218.4,54646.57
2005-07-01,29.8,0.3,51219.8,54609.16
2005-07-02,31.8,0.0,51575.35,54568.19
2005-07-03,33.1,0.0,51578.12,54523.69
2005-07-04,30.5,0.0,51581.78,54475.76
2005-07-05,29.4,0.3,45876.01,54424.44
2005-07-06,29.1,0.0,51240.11,54369.81
2005-07-07,27.2,0.0,51246.95,54311.94
2005-07-08,25.4,0.1,46445.93,54250.88
2005-07-09,26.4,0.4,51132.44,54186.71
2005-07-10,26.3,1.0,50923.8,54119.51
2005-07-11,26.4,0.7,48750.54,54049.24
2005-07-12,30.0,0.1,50598.99,53975.26
2005-07-13,30.2,0.2,47421.77,53897.55
2005-07-14,31.0,0.0,50975.09,53816.24
2005-07-15,33.3,0.0,50990.23,53731.48
2005-07-16,33.1,0.0,51006.31,53643.4
2005-07-17,32.1,0.0,51023.26,53552.14
2005-07-18,33.0,0.0,50400.0,53457.85
2005-07-19,31.4,0.4,50479.7,53360.65
2005-07-20,30.9,0.0,50736.08,53260.69
2005-07-21,30.5,0.0,50414.56,53158.09
2005-07-22,28.3,0.0,50437.24,53053.0
2005-07-23,28.5,0.8,50400.0,52945.54
2005-07-24,30.1,0.0,50434.43,52835.84
2005-07-25,31.9,0.0,50403.5,52724.03
2005-07-26,32.1,0.0,45555.47,52610.24
2005-07-27,32.5,0.0,50180.15,52494.59
2005-07-28,35.7,0.0,50123.16,52377.19
2005-07-29,37.6,0.0,50066.02,52258.18
2005-07-30,33.6,0.0,50008.79,52137.66
2005-07-31,32.5,0.0,49951.57,52015.63
2005-08-01,31.7,0.0,49893.88,51891.08
2005-08-02,31.7,0.0,43795.24,51763.93
2005-08-03,26.7,2.7,37751.79,51634.33
2005-08-04,30.7,0.1,47980.54,51502.42
2005-08-05,29.2,0.0,49321.33,51368.37
2005-08-06,31.2,0.0,49342.76,51232.31
2005-08-07,28.1,0.0,48102.78,51094.41
2005-08-08,28.3,0.0,48078.23,50954.78
2005-08-09,28.7,0.0,48103.11,50813.58
2005-08-10,29.2,0.0,48128.11,50670.93
2005-08-11,30.3,0.0,31865.3,50526.98
2005-08-12,28.6,1.7,47206.05,50381.83
2005-08-13,28.2,0.4,47233.48,50235.65
2005-08-14,29.2,0.0,47260.99,50088.53
2005-08-15,28.0,3.3,46800.0,49940.61
2005-08-16,28.2,0.0,47637.55,49792.0
2005-08-17,29.9,0.0,47343.67,49642.81
2005-08-18,29.7,0.0,38232.47,49493.18
2005-08-19,29.2,0.2,45881.84,49343.2
2005-08-20,27.8,0.4,46677.35,49192.85
2005-08-21,22.2,20.3,35763.19,49041.04
2005-08-22,20.9,9.3,21125.48,48887.64
2005-08-23,24.2,0.2,43024.4,48732.78
2005-08-24,24.9,0.5,44798.64,48576.57
2005-08-25,25.0,0.0,45156.12,48419.16
2005-08-26,25.3,0.0,45292.82,48260.65
2005-08-27,26.9,0.0,42081.36,48101.16
2005-08-28,24.6,0.0,15322.97,47940.81
2005-08-29,29.3,0.5,36823.92,47779.72
2005-08-30,30.2,1.6,40534.73,47617.99
2005-08-31,29.4,0.3,43860.43,47455.75
2005-09-01,29.3,0.0,43908.24,47293.08
2005-09-02,29.8,0.0,43956.33,47130.1
2005-09-03,30.7,0.4,43200.0,46966.92
2005-09-04,28.6,6.5,41025.2,46803.64
2005-09-05,26.7,5.7,43200.0,46640.35
2005-09-06,27.1,0.0,43200.0,46477.17
2005-09-07,27.5,0.9,41475.94,46314.18
2005-09-08,27.6,8.1,14400.0,46151.49
2005-09-09,27.2,26.5,21600.0,45989.05
2005-09-10,24.3,1.2,43200.0,45825.78
2005-09-11,25.5,0.7,43200.0,45661.52
2005-09-12,24.4,4.7,29733.38,45496.37
2005-09-13,26.1,0.1,41989.67,45330.44
2005-09-14,26.8,0.0,43200.0,45163.83
2005-09-15,27.7,0.0,43200.0,44996.65
2005-09-16,25.1,0.0,39600.0,44829.0
2005-09-17,23.8,17.9,6240.31,44660.98
2005-09-18,22.6,18.5,29466.96,44492.69
2005-09-19,21.6,16.5,21112.49,44324.23
2005-09-20,23.1,5.7,38287.2,44155.71
2005-09-21,22.4,0.4,41812.34,43987.21
2005-09-22,21.3,7.0,41684.47,43818.85
2005-09-23,22.7,0.0,43039.45,43650.71
2005-09-24,23.2,0.0,42925.74,43482.9
2005-09-25,23.2,1.9,41929.83,43315.51
2005-09-26,24.1,0.0,42591.79,43148.65
2005-09-27,23.4,1.1,40098.74,42982.41
2005-09-28,23.1,0.0,42260.3,42816.89
2005-09-29,21.7,1.1,33198.4,42652.05
2005-09-30,23.6,0.4,41163.65,42486.74
2005-10-01,20.9,0.0,41763.31,42320.77
2005-10-02,20.9,1.9,25712.6,42154.27
2005-10-03,16.8,19.0,2541.02,41987.34
2005-10-04,19.5,4.3,36814.43,41820.09
2005-10-05,18.1,14.5,36313.93,41652.64
2005-10-06,18.7,0.5,30696.97,41485.09
2005-10-07,18.5,5.8,29769.09,41317.56
2005-10-08,17.2,13.6,2321.64,41150.15
2005-10-09,22.1,0.0,37621.01,40982.99
2005-10-10,21.8,0.0,37344.37,40816.2
2005-10-11,20.6,0.1,36787.01,40649.88
2005-10-12,20.7,1.0,36789.17,40484.15
2005-10-13,19.6,1.3,28644.81,40319.13
2005-10-14,21.9,0.0,36231.01,40154.96
2005-10-15,22.1,0.0,36584.16,39991.74
2005-10-16,21.5,0.0,36621.29,39829.61
2005-10-17,18.7,1.5,23401.92,39668.68
2005-10-18,19.3,0.0,36000.0,39509.1
2005-10-19,17.0,8.7,13521.31,39350.83
2005-10-20,17.4,43.3,0.0,39192.59
2005-10-21,20.2,21.7,0.0,39034.18
2005-10-22,20.8,2.3,33975.33,38875.75
2005-10-23,21.8,0.0,36000.0,38717.42
2005-10-24,21.5,0.0,36000.0,38559.33
2005-10-25,22.1,0.0,36000.0,38401.61
2005-10-26,22.0,0.0,36000.0,38244.41
2005-10-27,22.0,0.0,36000.0,38087.87
2005-10-28,21.9,0.0,36000.0,37932.15
2005-10-29,21.3,0.0,36000.0,37777.37
2005-10-30,20.1,0.0,36000.0,37623.7
2005-10-31,19.4,0.0,36000.0,37471.3
2005-11-01,19.8,1.4,27608.94,37320.32
2005-11-02,20.0,5.0,26095.46,37170.92
2005-11-03,19.9,0.0,35812.38,37023.26
2005-11-04,19.8,0.0,34739.37,36877.51
2005-11-05,19.6,0.6,16739.34,36733.85
2005-11-06,17.7,26.2,156.13,36592.44
2005-11-07,18.2,0.2,35349.67,36453.47
2005-11-08,19.1,0.0,35468.7,36316.95
2005-11-09,18.7,0.0,33984.96,36181.53
2005-11-10,20.0,0.0,35343.82,36047.05
2005-11-11,18.7,0.0,35283.52,35913.64
2005-11-12,17.9,0.0,35103.08,35781.45
2005-11-13,17.9,0.0,32632.26,35650.65
2005-11-14,18.9,0.0,33293.68,35521.38
2005-11-15,19.3,3.4,33601.26,35393.83
2005-11-16,15.3,24.9,3600.0,35268.13
2005-11-17,15.3,9.3,15934.61,35144.47
2005-11-18,14.9,0.9,32686.91,35023.01
2005-11-19,12.0,0.0,34302.77,34903.94
2005-11-20,10.0,0.0,34184.99,34787.41
2005-11-21,10.6,0.0,31928.53,34673.63
2005-11-22,10.3,4.1,19509.53,34562.76
2005-11-23,9.6,1.0,32705.87,34454.99
2005-11-24,8.9,1.6,30980.87,34350.51
2005-11-25,11.8,9.7,16312.5,34249.5
2005-11-26,14.0,35.5,1934.69,34152.16
2005-11-27,11.3,16.7,10271.07,34058.68
2005-11-28,11.9,3.3,26585.49,33969.13
2005-11-29,11.5,16.3,12614.99,33882.47
2005-11-30,11.9,21.0,2328.24,33798.55
2005-12-01,10.7,0.0,29917.79,33717.49
2005-12-02,12.1,1.9,29902.47,33639.39
2005-12-03,13.6,27.0,0.0,33564.35
2005-12-04,13.8,0.5,29203.55,33492.51
2005-12-05,15.0,12.4,28800.0,33423.95
2005-12-06,12.4,11.7,23490.68,33358.81
2005-12-07,10.7,6.7,28813.43,33297.17
2005-12-08,11.3,0.0,25765.26,33239.17
2005-12-09,8.5,37.0,0.0,33184.9
2005-12-10,11.8,0.0,30261.38,33134.49
2005-12-11,9.9,4.1,17366.45,33088.02
2005-12-12,12.3,6.0,22066.23,33045.63
2005-12-13,12.1,0.4,17712.62,33007.42
2005-12-14,14.8,0.0,29630.75,32973.47
2005-12-15,10.4,2.2,14208.81,32943.92
2005-12-16,10.7,1.2,24539.78,32918.83
2005-12-17,13.4,1.9,24658.46,32898.35
2005-12-18,7.5,0.0,30415.93,32882.51
2005-12-19,7.3,0.0,30423.04,32871.11
2005-12-20,9.5,0.0,29954.58,32864.06
2005-12-21,10.1,0.0,27985.89,32861.35
2005-12-22,9.3,0.0,29179.92,32862.92
2005-12-23,10.7,0.0,30283.38,32868.74
2005-12-24,11.0,0.0,29892.3,32878.78
2005-12-25,10.5,10.0,1513.08,32893.0
2005-12-26,11.4,10.1,6635.86,32911.35
2005-12-27,10.8,7.6,6157.12,32933.8
2005-12-28,9.6,6.5,17236.77,32960.29
2005-12-29,7.3,0.8,9198.55,32990.78
2005-12-30,6.4,0.0,31355.18,33025.23
2005-12-31,10.2,2.7,1446.04,33063.56
2006-01-01,12.6,24.5,5237.87,33105.75
2006-01-02,10.1,1.5,24950.36,33151.72
2006-01-03,10.7,0.0,29648.83,33201.43
2006-01-04,9.1,0.3,1495.27,33254.82
2006-01-05,10.6,0.0,31671.55,33311.83
2006-01-06,10.4,0.0,31727.99,33372.4
2006-01-07,10.1,0.0,31785.49,33436.58
2006-01-08,10.7,0.0,31845.0,33505.08
2006-01-09,11.1,0.0,31906.47,33577.92
2006-01-10,9.8,0.0,31969.78,33654.96
2006-01-11,9.6,0.0,32034.77,33736.0
2006-01-12,10.0,0.0,32101.33,33820.88
2006-01-13,9.3,0.0,32169.33,33909.44
2006-01-14,8.1,0.0,32238.61,34001.5
2006-01-15,9.5,0.0,32309.06,34096.9
2006-01-16,9.7,0.0,32380.54,34195.47
2006-01-17,10.9,0.6,30527.58,34297.06
2006-01-18,10.9,14.5,0.0,34401.49
2006-01-19,13.2,0.0,32400.0,34508.61
2006-01-20,11.1,0.0,32425.08,34618.26
2006-01-21,9.9,0.0,29716.98,34730.29
2006-01-22,11.3,0.0,28382.11,34844.54
2006-01-23,6.4,0.0,32706.95,34960.86
2006-01-24,6.6,0.0,32400.0,35079.11
2006-01-25,5.6,0.0,32655.97,35199.13
2006-01-26,5.8,1.4,11021.04,35320.79
2006-01-27,8.9,4.3,855.64,35444.11
2006-01-28,12.6,1.2,4815.57,35570.36
2006-01-29,13.8,1.3,0.0,35699.68
2006-01-30,12.0,0.8,0.0,35831.86
2006-01-31,16.3,0.0,32478.68,35966.72
2006-02-01,15.6,0.0,33466.02,36104.06
2006-02-02,14.5,0.0,33428.92,36243.7
2006-02-03,12.9,0.0,32400.0,36385.47
2006-02-04,12.4,0.0,17387.16,36529.17
2006-02-05,11.2,1.1,33565.67,36674.63
2006-02-06,6.6,0.0,34490.53,36821.68
2006-02-07,7.8,0.0,34739.83,36970.15
2006-02-08,9.0,1.0,16201.49,37119.88
2006-02-09,12.0,0.0,32400.0,37270.72
2006-02-10,11.6,0.0,34141.76,37422.48
2006-02-11,11.5,0.0,36044.41,37575.03
2006-02-12,9.3,0.2,34631.29,37728.22
2006-02-13,9.3,0.0,36768.43,37881.88
2006-02-14,9.6,0.0,36803.02,38035.89
2006-02-15,10.6,0.1,20839.73,38190.08
2006-02-16,10.5,9.5,0.0,38344.5
2006-02-17,14.2,5.1,23309.72,38500.51
2006-02-18,13.4,0.0,32268.67,38658.29
2006-02-19,14.2,0.0,35557.55,38817.7
2006-02-20,11.7,20.3,18617.71,38978.58
2006-02-21,10.4,9.1,9557.03,39140.79
2006-02-22,11.8,4.9,36960.45,39304.17
2006-02-23,13.4,1.8,7296.52,39468.59
2006-02-24,13.0,8.6,10744.39,39633.91
2006-02-25,11.3,1.3,33073.16,39799.98
2006-02-26,11.2,0.0,35935.87,39966.67
2006-02-27,8.0,16.0,0.0,40133.85
2006-02-28,11.5,0.0,39241.0,40301.4
2006-03-01,11.5,1.7,38781.51,40469.17
2006-03-02,11.7,1.0,39003.07,40637.03
2006-03-03,12.2,0.5,28118.24,40804.88
2006-03-04,14.2,0.3,39529.14,40972.57
2006-03-05,14.0,9.2,17016.18,41139.99
2006-03-06,10.5,10.7,36000.0,41307.01
2006-03-07,8.1,0.0,39600.0,41473.51
2006-03-08,10.7,0.0,39600.0,41639.52
2006-03-09,11.4,2.0,5770.67,41806.3
2006-03-10,12.9,4.9,18798.13,41974.06
2006-03-11,10.8,4.2,11768.23,42142.69
2006-03-12,13.3,0.0,39265.46,42312.04
2006-03-13,10.6,0.0,39943.14,42482.04
2006-03-14,12.3,0.0,40510.06,42652.56
2006-03-15,11.9,0.0,40766.89,42823.49
2006-03-16,11.0,4.9,12103.27,42994.72
2006-03-17,14.0,0.0,39600.0,43166.15
2006-03-18,13.6,0.0,32248.26,43337.66
2006-03-19,13.1,2.1,15694.75,43509.15
2006-03-20,15.3,0.0,33655.01,43680.51
2006-03-21,15.8,3.5,32381.19,43851.63
2006-03-22,17.2,11.6,21782.39,44022.4
2006-03-23,14.7,7.7,38925.12,44192.71
2006-03-24,13.3,2.6,13652.11,44362.46
2006-03-25,15.3,0.2,32965.76,44531.53
2006-03-26,17.4,0.0,42731.44,44699.8
2006-03-27,17.0,0.0,40453.74,44867.18
2006-03-28,17.1,0.0,40854.25,45033.69
2006-03-29,16.9,0.0,43032.74,45200.49
2006-03-30,17.2,0.0,41730.51,45367.77
2006-03-31,17.0,0.0,43552.38,45535.44
2006-04-01,18.8,0.0,43200.0,45703.37
2006-04-02,19.1,0.0,43797.49,45871.48
2006-04-03,19.0,0.0,44075.33,46039.67
2006-04-04,18.9,0.0,44353.83,46207.82
2006-04-05,16.4,0.4,22700.83,46375.83
2006-04-06,16.7,1.0,30741.29,46543.6
2006-04-07,17.6,0.0,44759.15,46711.02
2006-04-08,17.1,0.0,44853.52,46877.97
2006-04-09,17.8,0.0,44823.99,47044.35
2006-04-10,18.6,0.1,36279.71,47210.04
2006-04-11,14.2,4.2,42058.87,47374.93
2006-04-12,15.1,0.0,44736.55,47538.9
2006-04-13,17.1,0.0,45820.51,47701.83
2006-04-14,17.1,0.0,45885.89,47863.6
2006-04-15,18.5,0.0,44336.66,48024.08
2006-04-16,19.4,1.0,43803.12,48183.16
2006-04-17,17.7,0.0,28405.85,48340.83
2006-04-18,21.8,7.1,41829.4,48498.24
2006-04-19,20.7,0.0,46217.44,48655.55
2006-04-20,19.7,0.0,46278.0,48812.66
2006-04-21,19.2,6.4,40804.05,48969.45
2006-04-22,20.7,0.0,47239.26,49125.81
2006-04-23,20.8,0.0,47582.96,49281.62
2006-04-24,22.6,0.0,47928.27,49436.76
2006-04-25,22.6,0.0,43296.51,49591.11
2006-04-26,18.7,1.3,6844.11,49744.56
2006-04-27,18.5,3.0,47368.23,49896.96
2006-04-28,17.8,6.7,35514.78,50048.2
2006-04-29,18.6,8.5,28105.02,50198.12
2006-04-30,18.0,4.1,46422.87,50346.62
2006-05-01,18.1,0.0,48899.87,50493.55
2006-05-02,19.5,0.0,49516.67,50638.75
2006-05-03,21.9,0.2,47900.86,50782.1
2006-05-04,22.0,0.2,46957.72,50923.44
2006-05-05,21.2,3.5,49429.06,51062.62
2006-05-06,20.1,0.4,47481.94,51199.48
2006-05-07,19.9,0.0,49703.16,51334.01
2006-05-08,20.1,0.4,47747.91,51467.26
2006-05-09,17.6,10.8,44497.81,51599.36
2006-05-10,19.3,0.0,50381.06,51730.21
2006-05-11,19.2,0.1,50400.0,51859.68
2006-05-12,21.9,0.0,43200.0,51987.65
2006-05-13,22.3,0.0,50400.0,52113.99
2006-05-14,20.6,0.4,50400.0,52238.58
2006-05-15,23.3,0.0,50400.0,52361.3
2006-05-16,24.1,0.0,50400.0,52481.98
2006-05-17,24.4,0.0,50400.0,52600.53
2006-05-18,25.5,0.0,50400.0,52716.78
2006-05-19,26.5,0.0,49483.74,52830.6
2006-05-20,24.5,0.0,50400.0,52941.86
2006-05-21,24.1,0.0,48761.28,53050.4
2006-05-22,28.4,0.0,50400.0,53156.09
2006-05-23,28.9,0.0,44198.78,53258.76
2006-05-24,27.9,0.8,44022.71,53358.28
2006-05-25,27.0,0.0,50400.0,53454.49
2006-05-26,27.3,0.0,50400.0,53547.25
2006-05-27,26.6,0.0,50400.0,53636.49
2006-05-28,25.9,0.0,50400.0,53722.96
2006-05-29,25.4,0.0,50400.0,53806.76
2006-05-30,23.4,0.0,48986.36,53887.81
2006-05-31,22.3,0.0,50400.0,53966.02
2006-06-01,17.9,6.3,45893.0,54041.3
2006-06-02,18.2,12.3,30512.7,54113.58
2006-06-03,19.4,0.4,48544.67,54182.77
2006-06-04,22.1,0.0,50400.0,54248.76
2006-06-05,21.7,0.0,46339.98,54311.49
2006-06-06,21.6,2.1,45352.69,54370.87
2006-06-07,22.6,0.0,50696.59,54426.8
2006-06-08,22.7,0.0,50679.59,54479.22
2006-06-09,22.5,0.1,50663.3,54528.02
2006-06-10,23.3,0.0,50647.77,54573.13
2006-06-11,22.4,0.0,45315.54,54614.47
2006-06-12,24.3,0.0,50974.07,54651.96
2006-06-13,25.6,0.0,50961.32,54685.51
2006-06-14,26.7,0.0,50949.52,54715.05
2006-06-15,27.2,0.0,50938.65,54740.5
2006-06-16,27.8,0.0,50928.62,54761.81
2006-06-17,29.4,0.0,50563.56,54779.14
2006-06-18,30.7,0.0,47163.77,54792.53
2006-06-19,32.5,0.0,47131.5,54802.0
2006-06-20,33.7,0.0,50538.88,54807.56
2006-06-21,34.4,0.0,50885.65,54809.26
2006-06-22,32.9,0.0,35347.74,54807.09
2006-06-23,32.2,0.0,51587.15,54801.09
2006-06-24,33.2,0.0,51582.24,54791.29
2006-06-25,32.3,0.0,51222.89,54777.71
2006-06-26,33.9,0.0,51574.76,54760.38
2006-06-27,32.7,0.0,51572.19,54739.33
2006-06-28,34.1,0.0,46692.31,54714.6
2006-06-29,33.2,0.0,47513.02,54686.23
2006-06-30,29.6,0.0,46359.01,54654.25
2006-07-01,30.8,1.3,51019.88,54618.7
2006-07-02,32.1,0.1,50865.56,54579.61
2006-07-03,33.0,0.0,51222.09,54537.04
2006-07-04,32.2,0.0,51226.3,54491.01
2006-07-05,30.7,0.0,51231.53,54441.59
2006-07-06,30.4,0.0,49447.78,54388.73
2006-07-07,26.6,21.1,30669.92,54331.94
2006-07-08,27.0,0.0,50551.3,54271.2
2006-07-09,27.8,1.6,50911.57,54206.64
2006-07-10,30.7,0.0,50572.13,54138.37
2006-07-11,31.0,0.0,50933.13,54066.53
2006-07-12,32.1,0.0,50945.21,53991.25
2006-07-13,31.3,0.0,50958.23,53912.64
2006-07-14,30.9,0.0,50624.64,53830.84
2006-07-15,32.3,0.7,50400.0,53745.96
2006-07-16,32.2,0.0,51002.44,53658.14
2006-07-17,30.9,0.0,50673.42,53567.48
2006-07-18,30.5,0.0,50691.4,53474.12
2006-07-19,31.1,0.0,50710.29,53378.18
2006-07-20,33.1,0.0,50729.98,53279.76
2006-07-21,35.0,0.0,50750.58,53179.01
2006-07-22,34.6,0.0,50771.98,53076.02
2006-07-23,33.6,0.7,50308.65,52970.92
2006-07-24,33.7,3.4,50359.26,52863.81
2006-07-25,33.7,0.3,50304.87,52754.81
2006-07-26,33.1,0.6,50250.33,52643.91
2006-07-27,33.3,1.6,50195.15,52530.17
2006-07-28,33.2,0.2,50139.12,52413.53
2006-07-29,32.3,0.3,50082.31,52294.12
2006-07-30,32.5,0.0,50024.79,52172.12
2006-07-31,34.1,0.0,49966.62,52047.65
2006-08-01,31.4,0.0,49897.35,51920.89
2006-08-02,29.8,0.0,47596.22,51791.98
2006-08-03,28.8,2.7,44805.77,51661.06
2006-08-04,27.0,0.4,48305.96,51528.28
2006-08-05,29.5,0.0,48988.21,51393.76
2006-08-06,29.0,1.6,48681.92,51257.66
2006-08-07,28.3,0.2,48705.14,51120.1
2006-08-08,27.8,4.9,48074.23,50981.22
2006-08-09,26.7,3.8,38924.91,50841.14
2006-08-10,28.4,0.0,47798.38,50699.99
2006-08-11,26.1,1.1,47824.06,50557.9
2006-08-12,25.4,0.2,46876.89,50414.97
2006-08-13,24.3,3.9,44025.99,50271.33
2006-08-14,25.7,0.2,46932.51,50127.11
2006-08-15,26.8,0.4,46800.0,49982.26
2006-08-16,28.9,0.0,47309.68,49835.73
2006-08-17,29.5,0.2,40205.08,49687.37
2006-08-18,30.9,0.0,41358.97,49537.33
2006-08-19,34.3,0.0,46791.53,49385.73
2006-08-20,32.5,0.0,43354.86,49232.72
2006-08-21,30.9,1.2,46609.28,49078.41
2006-08-22,28.6,0.0,46555.76,48922.94
2006-08-23,27.1,0.0,46422.67,48766.43
2006-08-24,27.5,0.0,45624.74,48608.99
2006-08-25,24.7,6.4,42509.15,48450.76
2006-08-26,26.5,0.0,45505.45,48291.83
2006-08-27,25.5,1.4,40182.29,48132.33
2006-08-28,26.7,0.0,44337.24,47972.36
2006-08-29,26.7,0.0,44069.49,47812.04
2006-08-30,27.2,1.3,41702.83,47651.47
2006-08-31,27.0,0.0,45098.66,47490.76
2006-09-01,27.3,0.0,44520.18,47330.01
2006-09-02,28.6,0.0,44254.87,47169.33
2006-09-03,29.1,0.0,43990.4,47008.81
2006-09-04,29.2,0.0,43726.85,46848.42
2006-09-05,30.6,0.0,43775.13,46687.08
2006-09-06,31.4,0.0,43513.79,46524.61
2006-09-07,31.5,0.0,40814.57,46361.14
2006-09-08,30.1,0.0,43200.0,46196.78
2006-09-09,28.6,1.4,42024.75,46031.63
2006-09-10,29.0,0.5,43200.0,45865.8
2006-09-11,28.6,0.5,43200.0,45699.39
2006-09-12,28.5,1.9,43200.0,45532.5
2006-09-13,28.1,0.1,43200.0,45365.24
2006-09-14,26.9,7.4,21345.18,45197.72
2006-09-15,24.5,20.3,24657.68,45030.02
2006-09-16,20.8,17.4,3491.8,44862.26
2006-09-17,20.4,16.0,8621.88,44694.51
2006-09-18,22.7,2.2,42899.79,44526.89
2006-09-19,24.7,1.2,43132.4,44359.5
2006-09-20,25.5,0.0,43200.0,44192.42
2006-09-21,25.4,0.0,42448.99,44025.77
2006-09-22,25.4,0.0,43116.01,43859.62
2006-09-23,26.0,0.0,43053.45,43694.09
2006-09-24,24.5,0.0,42528.74,43529.13
2006-09-25,22.6,26.1,18481.51,43363.6
2006-09-26,22.2,3.0,16328.07,43197.35
2006-09-27,26.0,0.0,42473.38,43030.47
2006-09-28,24.4,0.0,42305.77,42863.06
2006-09-29,23.4,0.5,40957.27,42695.26
2006-09-30,23.8,0.0,39939.2,42527.14
2006-10-01,23.9,0.0,40871.4,42358.83
2006-10-02,23.9,0.0,40651.15,42190.43
2006-10-03,24.3,0.0,39496.6,42022.04
2006-10-04,22.8,2.2,35753.32,41853.77
2006-10-05,21.0,0.1,37275.57,41685.74
2006-10-06,22.6,0.0,40081.06,41518.04
2006-10-07,21.8,0.0,38296.21,41350.79
2006-10-08,23.9,0.0,39011.6,41184.11
2006-10-09,22.5,0.0,38788.29,41018.1
2006-10-10,22.8,0.0,38249.95,40852.87
2006-10-11,22.8,0.0,37709.71,40688.55
2006-10-12,23.3,0.0,37167.41,40525.24
2006-10-13,23.4,0.0,37253.44,40363.08
2006-10-14,22.3,0.6,36164.51,40202.01
2006-10-15,23.1,0.0,32968.94,40040.8
2006-10-16,22.3,0.0,36000.0,39879.26
2006-10-17,20.1,0.0,36013.34,39717.51
2006-10-18,19.9,0.0,35362.63,39555.69
2006-10-19,17.2,9.6,1517.15,39393.92
2006-10-20,20.1,1.7,17193.38,39232.32
2006-10-21,20.1,7.3,12995.65,39071.03
2006-10-22,20.5,1.5,22723.59,38910.19
2006-10-23,22.8,0.0,36000.0,38749.94
2006-10-24,23.5,0.0,36000.0,38590.4
2006-10-25,23.7,0.0,36000.0,38431.72
2006-10-26,24.4,0.0,36000.0,38274.06
2006-10-27,26.2,0.0,36000.0,38117.54
2006-10-28,24.5,0.0,36000.0,37962.33
2006-10-29,22.9,0.0,36000.0,37808.58
2006-10-30,22.8,0.0,36000.0,37656.42
2006-10-31,19.8,0.0,36000.0,37506.05
2006-11-01,17.7,7.9,2235.18,37357.6
2006-11-02,16.3,1.6,34374.01,37211.26
2006-11-03,12.7,0.0,35834.32,37067.0
2006-11-04,13.0,0.0,35762.95,36923.49
2006-11-05,15.2,0.0,30958.63,36780.55
2006-11-06,16.8,0.0,35623.57,36638.31
2006-11-07,17.7,0.0,35555.71,36496.93
2006-11-08,17.4,0.0,35489.15,36356.57
2006-11-09,17.8,0.0,21644.32,36217.36
2006-11-10,19.5,0.0,35360.27,36079.49
2006-11-11,15.4,0.0,35087.99,35943.11
2006-11-12,15.1,4.3,3645.7,35808.39
2006-11-13,16.6,0.5,34358.29,35675.5
2006-11-14,17.5,0.0,34949.89,35544.6
2006-11-15,17.8,0.0,34819.88,35415.89
2006-11-16,17.6,0.0,33219.44,35289.53
2006-11-17,19.1,0.1,31192.09,35165.71
2006-11-18,18.9,0.0,32499.31,35044.61
2006-11-19,17.8,0.0,33798.13,34926.43
2006-11-20,15.4,7.9,2298.74,34811.36
2006-11-21,15.8,5.0,24783.21,34699.59
2006-11-22,13.9,18.1,28514.88,34591.31
2006-11-23,15.2,0.0,33275.62,34486.58
2006-11-24,16.7,0.0,29081.05,34384.24
2006-11-25,18.3,0.0,26706.86,34284.13
2006-11-26,18.2,0.0,31441.19,34186.37
2006-11-27,17.8,0.0,32222.56,34091.09
2006-11-28,17.8,0.0,32280.76,33998.43
2006-11-29,17.2,0.0,31976.97,33908.52
2006-11-30,16.1,0.0,31669.3,33821.5
2006-12-01,15.1,0.0,30995.52,33737.5
2006-12-02,15.2,0.0,29589.45,33656.65
2006-12-03,15.2,0.4,26240.72,33579.11
2006-12-04,15.7,3.5,23034.55,33505.01
2006-12-05,17.0,0.0,29351.85,33434.47
2006-12-06,16.7,0.0,28800.0,33367.66
2006-12-07,16.8,0.0,28964.62,33304.7
2006-12-08,15.6,1.1,28897.51,33245.74
2006-12-09,14.6,23.1,14743.24,33190.91
2006-12-10,14.8,0.9,24920.28,33140.35
2006-12-11,13.3,0.3,26366.35,33094.2
2006-12-12,11.6,0.0,30310.4,33052.6
2006-12-13,12.4,0.0,27242.6,33015.62
2006-12-14,13.7,0.0,19535.83,32982.79
2006-12-15,16.5,0.3,28887.11,32954.01
2006-12-16,16.2,0.1,25200.0,32929.28
2006-12-17,14.2,0.1,1465.06,32908.63
2006-12-18,14.0,7.4,16041.67,32892.06
2006-12-19,12.0,4.9,11444.34,32879.57
2006-12-20,12.1,0.0,29955.55,32871.18
2006-12-21,11.0,0.0,25567.31,32866.88
2006-12-22,12.4,0.1,25883.85,32866.67
2006-12-23,12.1,0.0,29537.82,32870.55
2006-12-24,13.5,0.9,30640.43,32878.53
2006-12-25,12.2,0.0,30621.91,32890.59
2006-12-26,12.5,0.0,30975.47,32906.73
2006-12-27,11.3,0.0,15441.29,32926.93
2006-12-28,12.6,0.0,18352.8,32951.18
2006-12-29,12.1,0.0,30535.94,32979.48
2006-12-30,12.5,0.0,31257.45,33011.8
2006-12-31,13.2,0.0,27309.95,33048.13
2007-01-01,14.3,0.1,15203.87,33088.45
2007-01-02,13.3,7.0,22531.42,33132.79
2007-01-03,11.6,0.0,31538.13,33181.67
2007-01-04,12.1,2.3,20648.95,33235.09
2007-01-05,13.9,3.0,31648.39,33292.88
2007-01-06,13.5,0.0,30947.29,33354.92
2007-01-07,12.5,0.4,10452.55,33421.06
2007-01-08,13.2,4.6,18606.47,33491.15
2007-01-09,13.5,0.1,31472.76,33565.04
2007-01-10,14.7,0.0,31956.87,33642.6
2007-01-11,13.5,0.2,1428.54,33723.68
2007-01-12,15.5,0.2,32090.51,33808.13
2007-01-13,14.7,0.0,32158.99,33895.81
2007-01-14,13.9,0.0,29644.72,33986.57
2007-01-15,14.9,0.0,32158.33,34080.29
2007-01-16,14.0,0.0,21999.78,34176.81
2007-01-17,14.0,8.6,6931.26,34275.99
2007-01-18,14.2,0.4,25884.55,34377.71
2007-01-19,16.2,0.4,28921.34,34481.83
2007-01-20,14.9,0.0,26602.58,34588.2
2007-01-21,14.8,0.1,3146.56,34696.7
2007-01-22,16.0,0.0,28082.58,34807.37
2007-01-23,15.3,16.1,8152.87,34921.36
2007-01-24,10.0,13.3,27844.29,35038.8
2007-01-25,10.0,1.0,32400.0,35159.49
2007-01-26,9.4,2.5,26741.87,35283.22
2007-01-27,9.1,0.6,32400.0,35409.8
2007-01-28,11.7,0.0,32922.6,35539.05
2007-01-29,11.9,0.0,15333.16,35670.77
2007-01-30,13.4,0.0,32858.49,35804.79
2007-01-31,13.7,0.0,30177.05,35940.92
2007-02-01,14.2,0.0,32400.0,36078.98
2007-02-02,13.9,0.0,33095.27,36218.81
2007-02-03,13.7,0.0,33405.85,36360.22
2007-02-04,12.0,0.0,33696.46,36503.06
2007-02-05,11.5,0.0,33993.37,36647.17
2007-02-06,11.8,2.0,32147.66,36792.37
2007-02-07,12.4,11.5,24696.85,36938.52
2007-02-08,13.7,5.4,32531.53,37085.46
2007-02-09,12.2,25.5,0.0,37233.04
2007-02-10,12.0,10.4,4727.41,37381.11
2007-02-11,15.1,0.0,29201.29,37529.7
2007-02-12,13.1,7.7,0.0,37680.19
2007-02-13,14.6,14.8,33906.89,37832.75
2007-02-14,14.5,0.0,30766.85,37987.21
2007-02-15,13.8,7.5,12202.31,38143.41
2007-02-16,16.3,0.0,37190.59,38301.19
2007-02-17,11.8,0.0,27724.12,38460.39
2007-02-18,11.8,7.6,19245.9,38620.86
2007-02-19,13.3,2.7,36946.11,38782.46
2007-02-20,16.5,7.4,33637.37,38945.02
2007-02-21,14.3,4.6,21301.36,39108.4
2007-02-22,14.5,0.5,37419.78,39272.47
2007-02-23,15.5,0.0,37457.74,39437.08
2007-02-24,15.0,0.3,34736.86,39602.09
2007-02-25,14.0,2.0,12999.71,39767.37
2007-02-26,14.6,8.1,38320.14,39932.79
2007-02-27,16.5,0.0,39151.92,40098.21
2007-02-28,14.3,0.5,21962.67,40263.49
2007-03-01,15.4,0.0,32096.91,40428.53
2007-03-02,16.5,0.2,35224.26,40593.18
2007-03-03,15.9,0.0,16010.86,40757.49
2007-03-04,18.9,0.0,39511.11,40922.74
2007-03-05,17.9,0.0,39581.99,41089.13
2007-03-06,18.4,0.0,39496.28,41256.54
2007-03-07,13.2,4.7,812.76,41424.85
2007-03-08,16.6,0.0,39600.0,41593.94
2007-03-09,18.1,0.0,38850.65,41763.69
2007-03-10,16.6,0.0,32400.0,41933.99
2007-03-11,16.3,0.0,38010.25,42104.73
2007-03-12,18.2,0.0,39695.01,42275.76
2007-03-13,17.8,0.0,39952.73,42447.01
2007-03-14,18.0,0.0,40209.96,42618.35
2007-03-15,18.6,0.0,40466.83,42789.66
2007-03-16,18.2,0.0,40723.48,42960.83
2007-03-17,17.0,0.1,39527.34,43131.76
2007-03-18,16.1,0.4,39600.0,43302.33
2007-03-19,14.3,18.2,9815.73,43472.42
2007-03-20,9.6,8.7,31619.81,43641.94
2007-03-21,10.7,7.8,29959.97,43810.75
2007-03-22,12.9,2.1,33208.99,43978.76
2007-03-23,13.4,0.0,41171.46,44145.99
2007-03-24,11.4,3.8,25413.46,44313.62
2007-03-25,12.3,7.6,32400.0,44481.86
2007-03-26,14.2,0.5,42697.59,44650.58
2007-03-27,14.3,2.3,41995.03,44819.7
2007-03-28,13.7,0.7,36464.76,44989.11
2007-03-29,16.3,0.9,26041.87,45158.71
2007-03-30,16.0,5.1,27119.61,45328.4
2007-03-31,16.3,0.0,43381.06,45498.06
2007-04-01,16.8,0.0,43527.51,45667.61
2007-04-02,19.2,0.0,42210.35,45836.92
2007-04-03,17.3,4.8,29518.3,46005.9
2007-04-04,15.0,7.9,13405.14,46174.44
2007-04-05,18.3,0.0,43200.0,46342.43
2007-04-06,17.8,0.0,43678.86,46509.75
2007-04-07,17.6,0.6,43958.37,46676.3
2007-04-08,17.9,0.6,44549.7,46841.96
2007-04-09,18.3,0.1,44831.25,47006.61
2007-04-10,18.9,0.0,44490.21,47170.14
2007-04-11,19.9,0.0,45084.99,47332.42
2007-04-12,22.9,0.0,44118.77,47493.48
2007-04-13,22.8,0.1,35377.94,47654.44
2007-04-14,18.0,1.2,11592.53,47815.49
2007-04-15,22.4,3.7,45285.37,47976.53
2007-04-16,24.0,0.5,45095.03,48137.44
2007-04-17,20.7,0.0,46172.6,48298.11
2007-04-18,20.2,0.0,45895.39,48458.43
2007-04-19,19.9,0.0,42207.85,48618.28
2007-04-20,23.1,1.9,45121.26,48777.56
2007-04-21,24.5,0.3,46892.36,48936.13
2007-04-22,23.8,0.3,47204.23,49093.89
2007-04-23,24.4,0.0,47576.6,49250.71
2007-04-24,24.0,0.0,47921.16,49406.45
2007-04-25,24.0,4.4,47947.55,49560.99
2007-04-26,21.8,0.3,47654.04,49714.21
2007-04-27,21.1,0.0,48323.03,49865.96
2007-04-28,20.8,0.8,48673.31,50016.11
2007-04-29,21.2,0.4,45763.31,50164.51
2007-04-30,16.8,6.3,7388.48,50311.03
2007-05-01,19.6,1.2,46116.14,50455.51
2007-05-02,18.3,8.9,42052.55,50597.95
2007-05-03,18.8,4.0,30408.82,50739.42
2007-05-04,18.0,25.6,11707.07,50880.1
2007-05-05,19.0,2.2,46800.0,51019.84
2007-05-06,19.0,8.7,47588.22,51158.54
2007-05-07,21.4,4.9,49055.87,51296.08
2007-05-08,22.7,0.0,50225.42,51432.32
2007-05-09,22.0,0.0,50295.21,51567.14
2007-05-10,23.1,0.0,43261.07,51700.4
2007-05-11,22.2,0.1,38302.26,51831.99
2007-05-12,22.8,0.0,48773.35,51961.75
2007-05-13,24.6,0.0,48047.93,52089.54
2007-05-14,24.9,0.0,50400.0,52215.23
2007-05-15,19.9,0.9,39703.88,52338.67
2007-05-16,20.1,0.0,48152.18,52459.71
2007-05-17,20.2,0.0,50400.0,52578.21
2007-05-18,22.8,0.0,50400.0,52694.0
2007-05-19,23.8,0.0,50400.0,52806.94
2007-05-20,23.2,0.0,50400.0,52916.88
2007-05-21,24.7,0.0,50400.0,53023.64
2007-05-22,27.6,0.0,50400.0,53127.19
2007-05-23,29.9,1.4,49393.8,53228.37
2007-05-24,29.0,0.2,50400.0,53327.3
2007-05-25,27.4,1.8,50400.0,53423.89
2007-05-26,26.3,0.0,50400.0,53518.02
2007-05-27,23.8,3.5,43501.33,53609.61
2007-05-28,20.5,14.5,34566.72,53698.53
2007-05-29,17.9,10.8,29533.35,53784.7
2007-05-30,20.4,0.5,50400.0,53868.01
2007-05-31,20.8,0.0,49125.05,53948.33
2007-06-01,21.9,7.1,37719.05,54025.59
2007-06-02,19.6,0.7,48020.36,54099.66
2007-06-03,18.4,8.6,4257.48,54170.44
2007-06-04,24.9,0.0,47113.64,54237.82
2007-06-05,25.9,0.4,50092.37,54301.69
2007-06-06,23.0,8.4,46576.2,54361.96
2007-06-07,23.0,0.2,48780.81,54418.5
2007-06-08,25.3,0.0,50400.0,54471.22
2007-06-09,26.1,0.0,50400.0,54520.01
2007-06-10,25.9,0.6,50270.24,54564.77
2007-06-11,26.1,0.0,45907.16,54605.44
2007-06-12,25.2,0.0,50625.27,54642.35
2007-06-13,24.5,0.8,46812.1,54675.56
2007-06-14,27.7,0.6,50955.19,54705.06
2007-06-15,26.6,0.0,49965.16,54730.83
2007-06-16,25.7,0.3,47041.34,54752.87
2007-06-17,26.7,0.0,48071.33,54771.16
2007-06-18,29.4,0.0,51268.14,54785.7
2007-06-19,32.3,0.0,51259.18,54796.48
2007-06-20,31.1,0.0,51084.26,54803.49
2007-06-21,29.0,0.0,49627.01,54806.74
2007-06-22,30.4,0.0,50525.6,54806.22
2007-06-23,28.8,0.0,46585.73,54801.93
2007-06-24,30.3,0.0,51225.83,54793.87
2007-06-25,33.1,0.0,51576.95,54782.06
2007-06-26,28.1,0.0,42407.96,54766.49
2007-06-27,25.6,0.0,50310.56,54747.18
2007-06-28,26.0,0.0,51569.5,54724.13
2007-06-29,26.6,0.0,51568.98,54697.36
2007-06-30,28.5,0.0,51569.44,54666.88
2007-07-01,28.1,0.0,51217.01,54632.66
2007-07-02,28.5,0.2,44540.06,54594.35
2007-07-03,27.2,0.0,50869.82,54551.96
2007-07-04,25.6,2.5,44650.71,54505.59
2007-07-05,27.5,0.0,51584.51,54455.34
2007-07-06,28.1,0.0,51589.94,54401.32
2007-07-07,27.8,0.0,51596.17,54343.63
2007-07-08,28.9,0.0,51252.3,54282.38
2007-07-09,29.7,0.0,50910.31,54217.67
2007-07-10,27.8,0.3,48378.31,54149.62
2007-07-11,25.1,0.0,50930.78,54078.32
2007-07-12,28.4,0.0,51291.06,54003.89
2007-07-13,29.3,0.0,51302.93,53926.43
2007-07-14,31.5,0.0,51315.66,53846.05
2007-07-15,33.3,0.0,50982.38,53762.85
2007-07-16,33.4,0.0,50997.51,53676.94
2007-07-17,33.5,0.0,51013.51,53588.42
2007-07-18,34.9,0.0,51030.47,53497.4
2007-07-19,34.8,0.0,51048.32,53403.98
2007-07-20,33.9,0.0,50723.41,53308.26
2007-07-21,33.4,0.0,50743.83,53210.23
2007-07-22,31.2,0.0,50422.97,53109.03
2007-07-23,34.1,0.0,50040.17,53004.61
2007-07-24,33.6,0.0,50447.72,52897.12
2007-07-25,32.2,0.0,50417.99,52786.71
2007-07-26,31.5,0.0,50267.06,52673.53
2007-07-27,32.8,0.0,50210.63,52557.74
2007-07-28,33.3,0.0,50153.49,52439.48
2007-07-29,31.0,0.0,50095.72,52318.91
2007-07-30,29.6,0.0,46850.44,52196.16
2007-07-31,29.0,0.0,48874.83,52071.37
2007-08-01,30.6,0.0,49919.36,51944.69
2007-08-02,31.1,0.0,49859.78,51816.25
2007-08-03,29.5,0.0,49799.93,51686.19
2007-08-04,31.0,0.0,49292.25,51554.63
2007-08-05,31.2,0.0,49643.13,51421.7
2007-08-06,29.5,0.0,49335.14,51287.53
2007-08-07,29.6,0.0,48700.65,51152.25
2007-08-08,29.0,0.8,48069.05,51015.96
2007-08-09,26.0,0.2,47113.69,50878.8
2007-08-10,23.4,0.4,43952.12,50740.74
2007-08-11,24.8,2.5,46234.96,50600.73
2007-08-12,26.3,0.0,47518.19,50458.65
2007-08-13,27.6,0.4,47544.44,50314.63
2007-08-14,29.2,0.0,47247.71,50168.83
2007-08-15,31.4,0.0,47274.94,50021.37
2007-08-16,30.9,0.0,47302.31,49872.4
2007-08-17,29.7,0.0,47329.79,49722.05
2007-08-18,28.0,0.0,47357.39,49570.45
2007-08-19,27.5,0.0,47065.18,49417.72
2007-08-20,25.2,1.2,44935.74,49263.98
2007-08-21,26.8,1.9,35232.66,49109.37
2007-08-22,31.2,0.0,46565.81,48953.99
2007-08-23,30.9,0.2,23959.4,48797.96
2007-08-24,33.9,0.2,46346.51,48641.4
2007-08-25,37.5,0.0,46252.35,48484.42
2007-08-26,37.4,0.0,46157.8,48327.13
2007-08-27,32.7,0.0,46062.92,48169.64
2007-08-28,32.5,0.0,45893.67,48012.05
2007-08-29,32.5,0.0,45309.23,47854.47
2007-08-30,33.1,0.0,43475.62,47696.86
2007-08-31,27.3,0.3,35008.05,47538.13
2007-09-01,29.5,0.0,44193.29,47378.14
2007-09-02,28.8,0.0,43928.67,47217.01
2007-09-03,29.0,0.0,43976.66,47054.83
2007-09-04,23.9,4.4,37276.07,46891.74
2007-09-05,22.7,0.0,43763.63,46727.83
2007-09-06,22.2,0.4,41301.95,46563.23
2007-09-07,25.4,0.0,43243.56,46398.03
2007-09-08,26.1,0.0,43294.58,46232.34
2007-09-09,24.9,0.0,43200.0,46066.27
2007-09-10,25.9,1.9,43200.0,45899.91
2007-09-11,24.4,1.2,43200.0,45733.38
2007-09-12,27.2,0.0,43200.0,45566.76
2007-09-13,25.6,0.0,43200.0,45400.16
2007-09-14,26.2,0.0,43200.0,45233.68
2007-09-15,27.5,0.0,43200.0,45067.42
2007-09-16,27.1,0.0,43091.19,44901.46
2007-09-17,25.4,2.9,40182.77,44735.92
2007-09-18,26.4,6.4,38631.91,44570.88
2007-09-19,23.7,0.3,43022.11,44406.3
2007-09-20,25.0,0.0,43200.0,44241.08
2007-09-21,24.2,0.0,43193.63,44075.04
2007-09-22,24.5,0.0,42697.64,43908.29
2007-09-23,25.7,0.0,36447.59,43740.93
2007-09-24,25.8,0.0,38672.13,43573.07
2007-09-25,22.6,6.2,22468.69,43404.82
2007-09-26,20.9,0.0,42678.8,43236.27
2007-09-27,19.5,21.7,27495.74,43067.53
2007-09-28,18.9,3.6,39187.87,42898.7
2007-09-29,21.0,0.3,38874.12,42729.89
2007-09-30,24.7,0.0,41191.4,42561.19
2007-10-01,26.5,0.0,41834.72,42392.72
2007-10-02,25.9,0.0,41666.42,42224.57
2007-10-03,26.2,0.0,41498.56,42056.86
2007-10-04,26.9,0.0,37609.83,41889.68
2007-10-05,26.3,0.0,39966.79,41723.14
2007-10-06,24.7,3.8,21600.0,41557.36
2007-10-07,23.5,0.0,37022.4,41392.44
2007-10-08,23.5,0.0,38674.24,41228.49
2007-10-09,22.4,0.3,29975.95,41065.47
2007-10-10,20.6,3.5,28412.66,40902.17
2007-10-11,21.5,0.8,36111.2,40738.42
2007-10-12,20.3,1.1,35918.68,40574.32
2007-10-13,22.3,0.0,37228.75,40410.0
2007-10-14,21.5,0.0,37316.32,40245.58
2007-10-15,20.2,0.0,36248.99,40081.18
2007-10-16,20.8,0.0,36602.71,39916.92
2007-10-17,23.3,0.0,29648.61,39752.93
2007-10-18,19.8,12.8,23258.3,39589.35
2007-10-19,18.3,0.1,36397.35,39426.28
2007-10-20,15.3,0.0,36000.0,39263.87
2007-10-21,14.3,0.0,36000.0,39102.24
2007-10-22,11.5,0.0,20077.26,38941.54
2007-10-23,15.9,0.0,35018.37,38781.9
2007-10-24,16.4,0.0,31839.33,38623.46
2007-10-25,18.7,6.2,22181.2,38466.36
2007-10-26,21.1,10.6,4563.5,38310.75
2007-10-27,23.1,0.0,36000.0,38156.79
2007-10-28,20.5,0.0,36000.0,38004.6
2007-10-29,20.6,0.0,32809.33,37854.2
2007-10-30,19.6,14.4,10800.0,37704.23
2007-10-31,19.6,3.6,19317.99,37554.51
2007-11-01,14.1,11.9,872.65,37405.19
2007-11-02,17.8,0.0,35931.31,37256.41
2007-11-03,19.2,0.0,35856.51,37108.31
2007-11-04,18.3,0.0,35782.86,36961.06
2007-11-05,18.6,0.0,35710.47,36814.81
2007-11-06,15.2,0.0,35176.92,36669.71
2007-11-07,16.3,0.0,35569.78,36525.92
2007-11-08,16.2,0.0,35291.7,36383.62
2007-11-09,16.3,3.6,33541.15,36242.97
2007-11-10,13.3,0.0,35370.38,36104.13
2007-11-11,15.0,1.2,12432.81,35967.3
2007-11-12,16.6,0.0,35240.65,35832.64
2007-11-13,14.3,1.2,35107.09,35700.33
2007-11-14,12.4,17.4,6066.21,35570.56
2007-11-15,12.5,2.6,34666.78,35443.53
2007-11-16,10.7,2.4,10855.79,35319.41
2007-11-17,10.6,0.8,27416.04,35198.42
2007-11-18,10.3,0.0,33502.7,35080.57
2007-11-19,11.3,0.0,34364.31,34964.62
2007-11-20,12.7,0.0,33066.26,34850.4
2007-11-21,15.1,0.0,29463.37,34738.05
2007-11-22,17.1,0.0,27058.99,34627.7
2007-11-23,18.3,0.0,31598.14,34519.51
2007-11-24,17.4,7.1,18988.31,34413.63
2007-11-25,17.2,2.4,29931.18,34310.2
2007-11-26,17.4,0.0,31430.17,34209.39
2007-11-27,16.4,0.3,27355.6,34111.34
2007-11-28,15.7,0.0,30825.77,34016.21
2007-11-29,10.1,16.3,0.0,33924.16
2007-11-30,13.0,2.5,29515.47,33835.35
2007-12-01,12.7,0.0,29288.82,33749.95
2007-12-02,14.0,0.3,9873.46,33668.11
2007-12-03,13.8,5.7,10580.95,33590.0
2007-12-04,12.8,0.0,29433.42,33515.78
2007-12-05,12.8,0.0,30807.94,33445.62
2007-12-06,12.6,0.0,29749.79,33379.68
2007-12-07,12.9,1.4,20132.83,33318.13
2007-12-08,12.0,4.8,24925.12,33261.03
2007-12-09,10.0,11.0,3830.82,33207.7
2007-12-10,12.0,6.4,28902.37,33158.01
2007-12-11,11.4,1.1,26170.51,33112.01
2007-12-12,11.3,0.1,27912.5,33069.75
2007-12-13,11.9,0.0,29952.21,33031.29
2007-12-14,8.2,0.0,30004.82,32996.67
2007-12-15,4.8,0.0,29628.76,32965.95
2007-12-16,6.9,0.0,28815.04,32939.15
2007-12-17,9.9,0.1,24608.86,32916.35
2007-12-18,10.4,0.0,28800.0,32897.56
2007-12-19,10.7,0.0,29967.47,32882.85
2007-12-20,10.7,0.0,30328.94,32872.23
2007-12-21,11.7,0.0,29943.4,32865.75
2007-12-22,13.1,0.1,20875.93,32863.45
2007-12-23,12.4,1.7,7365.09,32865.36
2007-12-24,13.9,0.0,28340.36,32871.51
2007-12-25,13.0,0.0,30627.72,32881.92
2007-12-26,11.7,0.9,23640.06,32896.63
2007-12-27,11.3,0.0,30589.67,32915.65
2007-12-28,11.1,0.0,31234.12,32939.03
2007-12-29,11.1,0.0,24735.04,32967.04
2007-12-30,11.1,0.3,29030.69,32999.64
2007-12-31,11.6,0.0,31369.42,33036.72
2008-01-01,9.5,0.0,29724.79,33078.17
2008-01-02,8.7,0.0,30441.09,33123.88
2008-01-03,9.3,0.4,4676.9,33173.74
2008-01-04,13.0,0.4,23662.25,33227.63
2008-01-05,12.4,13.9,1440.91,33285.45
2008-01-06,12.3,5.3,0.0,33347.06
2008-01-07,13.8,0.0,0.0,33412.37
2008-01-08,14.7,0.0,31353.73,33481.24
2008-01-09,14.4,0.0,26161.84,33553.57
2008-01-10,14.0,0.0,26040.66,33629.25
2008-01-11,13.4,1.9,17608.55,33708.14
2008-01-12,12.8,18.4,14495.38,33790.13
2008-01-13,9.8,5.8,31581.52,33875.13
2008-01-14,10.4,0.0,32214.44,33962.99
2008-01-15,9.8,3.4,524.18,34053.62
2008-01-16,12.3,9.5,17803.86,34146.9
2008-01-17,12.3,11.3,3791.35,34242.86
2008-01-18,12.4,0.0,14885.41,34342.55
2008-01-19,13.9,0.0,32400.0,34446.05
2008-01-20,14.0,0.0,32438.17,34553.17
2008-01-21,11.6,0.0,27806.87,34663.71
2008-01-22,12.6,1.6,10800.0,34777.47
2008-01-23,10.3,0.0,32720.26,34894.27
2008-01-24,10.6,0.0,32694.82,35013.93
2008-01-25,12.2,0.0,32668.35,35136.25
2008-01-26,14.1,0.0,32640.9,35261.06
2008-01-27,11.3,0.0,23781.96,35388.17
2008-01-28,15.7,0.0,32583.23,35517.41
2008-01-29,13.9,0.0,32896.47,35648.61
2008-01-30,12.6,0.1,21240.82,35781.61
2008-01-31,12.4,0.1,11633.12,35916.22
2008-02-01,11.7,1.8,29745.8,36052.3
2008-02-02,12.7,3.2,27743.5,36189.68
2008-02-03,14.1,1.5,25200.0,36328.22
2008-02-04,13.0,13.6,15573.4,36467.74
2008-02-05,11.9,6.2,29074.91,36608.1
2008-02-06,13.3,0.0,33966.03,36749.34
2008-02-07,15.4,0.0,34449.59,36892.8
2008-02-08,12.8,0.0,35032.26,37038.66
2008-02-09,13.6,0.0,35279.24,37186.74
2008-02-10,12.5,0.0,35658.2,37336.85
2008-02-11,11.2,0.0,35691.61,37488.83
2008-02-12,11.2,0.0,36055.56,37642.52
2008-02-13,11.7,0.0,36419.52,37797.73
2008-02-14,12.2,0.0,36783.51,37954.33
2008-02-15,12.1,0.0,37147.36,38112.14
2008-02-16,9.9,0.0,37511.12,38271.01
2008-02-17,7.3,0.0,37874.7,38430.79
2008-02-18,8.1,0.0,38045.4,38591.33
2008-02-19,9.8,0.0,38207.65,38752.48
2008-02-20,11.1,0.0,31745.76,38914.11
2008-02-21,12.8,0.5,18968.89,39076.06
2008-02-22,15.0,0.0,38696.42,39238.22
2008-02-23,15.7,0.0,38841.55,39400.42
2008-02-24,17.0,0.0,38915.38,39562.54
2008-02-25,14.5,0.0,36742.85,39724.45
2008-02-26,14.2,0.0,33336.24,39886.18
2008-02-27,13.8,0.0,12042.4,40049.05
2008-02-28,15.2,1.4,31918.73,40213.27
2008-02-29,15.8,0.0,33937.43,40378.7
2008-03-01,14.8,1.7,8369.61,40545.21
2008-03-02,16.4,0.0,38716.64,40712.66
2008-03-03,15.2,0.0,31813.51,40880.93
2008-03-04,15.3,0.3,27118.03,41049.9
2008-03-05,10.0,10.7,1498.05,41219.45
2008-03-06,12.0,9.0,32776.57,41389.45
2008-03-07,8.3,9.1,87.6,41559.78
2008-03-08,13.2,0.0,39600.0,41730.33
2008-03-09,13.0,1.0,39600.0,41900.97
2008-03-10,13.4,7.7,24874.69,42071.59
2008-03-11,13.8,13.4,25683.59,42242.06
2008-03-12,15.7,0.0,39962.78,42412.29
2008-03-13,17.1,0.0,39601.9,42582.15
2008-03-14,16.2,0.0,39600.0,42751.52
2008-03-15,16.7,0.0,35970.38,42920.29
2008-03-16,15.8,0.6,35637.87,43088.34
2008-03-17,15.5,0.8,40325.79,43255.71
2008-03-18,14.8,2.3,40275.08,43423.6
2008-03-19,15.4,4.9,39915.37,43592.22
2008-03-20,12.0,10.2,29849.23,43761.45
2008-03-21,11.6,2.9,32466.48,43931.19
2008-03-22,10.9,22.7,0.0,44101.35
2008-03-23,12.5,22.4,9643.33,44271.8
2008-03-24,10.6,2.9,35865.58,44442.45
2008-03-25,13.1,0.4,40754.87,44613.21
2008-03-26,12.8,1.0,39178.57,44783.95
2008-03-27,14.8,9.3,30864.13,44954.57
2008-03-28,18.0,6.9,38240.97,45124.98
2008-03-29,17.8,0.0,43488.96,45295.05
2008-03-30,17.8,0.0,43193.17,45464.7
2008-03-31,17.1,0.0,43200.0,45633.8
2008-04-01,21.3,0.0,43811.79,45802.24
2008-04-02,18.5,0.0,36706.7,45969.93
2008-04-03,17.2,0.0,42627.05,46136.73
2008-04-04,14.8,0.8,33264.3,46302.53
2008-04-05,16.4,0.4,43685.99,46467.23
2008-04-06,14.8,0.9,44276.0,46630.85
2008-04-07,17.9,0.0,44556.52,46794.52
2008-04-08,16.9,10.1,11754.74,46958.42
2008-04-09,17.4,0.5,28898.39,47122.47
2008-04-10,20.4,1.3,35649.74,47286.54
2008-04-11,19.6,3.3,27460.94,47450.54
2008-04-12,15.3,9.0,38166.73,47614.35
2008-04-13,16.0,0.2,45005.4,47777.87
2008-04-14,16.4,0.8,44977.19,47940.98
2008-04-15,14.2,2.0,44949.14,48103.58
2008-04-16,15.4,0.0,41815.52,48265.55
2008-04-17,14.9,2.8,7637.46,48426.76
2008-04-18,17.7,4.6,38746.81,48587.12
2008-04-19,19.2,4.0,40070.79,48746.47
2008-04-20,20.9,0.0,47202.8,48904.71
2008-04-21,16.8,5.3,41353.47,49061.7
2008-04-22,15.1,17.8,28164.8,49217.33
2008-04-23,18.6,0.3,46636.63,49371.44
2008-04-24,17.7,0.0,36675.58,49523.92
2008-04-25,20.8,0.0,46324.17,49674.6
2008-04-26,19.8,0.0,48635.96,49823.51
2008-04-27,19.8,0.0,48987.31,49971.74
2008-04-28,19.4,0.0,48984.31,50119.46
2008-04-29,16.4,0.1,29131.64,50266.54
2008-04-30,18.9,0.0,46977.39,50412.87
2008-05-01,20.1,0.0,49759.12,50558.33
2008-05-02,23.2,0.0,49837.23,50702.8
2008-05-03,22.6,0.0,49914.31,50846.15
2008-05-04,22.3,0.0,49990.29,50988.24
2008-05-05,20.7,1.4,49801.04,51128.96
2008-05-06,20.7,0.0,50138.64,51268.15
2008-05-07,21.4,1.9,50210.86,51405.69
2008-05-08,20.6,0.2,50281.68,51541.44
2008-05-09,22.2,0.0,50351.01,51675.24
2008-05-10,24.2,0.0,50400.0,51806.96
2008-05-11,22.2,0.0,36005.0,51936.44
2008-05-12,19.5,9.3,29566.1,52063.54
2008-05-13,20.3,16.3,25744.97,52188.1
2008-05-14,20.0,0.5,50400.0,52309.96
2008-05-15,20.4,0.0,39154.19,52428.95
2008-05-16,21.0,0.1,41029.88,52545.05
2008-05-17,26.3,0.1,42020.22,52659.18
2008-05-18,20.3,10.5,47662.81,52771.48
2008-05-19,22.1,4.2,32903.8,52881.85
2008-05-20,17.4,35.8,14020.07,52990.15
2008-05-21,18.3,19.9,15000.65,53096.3
2008-05-22,20.2,6.7,46176.87,53200.16
2008-05-23,21.1,0.0,50400.0,53301.63
2008-05-24,22.9,0.0,42049.32,53400.57
2008-05-25,26.2,0.0,50400.0,53496.88
2008-05-26,29.0,0.0,50400.0,53590.42
2008-05-27,30.9,0.0,50400.0,53681.08
2008-05-28,29.0,0.0,50400.0,53768.74
2008-05-29,27.3,0.5,35091.64,53853.26
2008-05-30,21.3,0.8,47867.85,53934.53
2008-05-31,23.7,0.0,50400.0,54012.4
2008-06-01,26.4,0.0,42273.16,54086.78
2008-06-02,23.7,1.2,23080.69,54157.51
2008-06-03,23.3,3.0,39761.4,54224.48
2008-06-04,23.2,1.1,49457.23,54287.56
2008-06-05,20.1,7.8,29502.18,54346.7
2008-06-06,20.8,3.3,45810.76,54402.38
2008-06-07,21.9,2.2,43269.86,54454.67
2008-06-08,20.8,7.5,34423.25,54503.55
2008-06-09,22.6,0.5,47274.17,54548.96
2008-06-10,25.0,0.5,49979.58,54590.87
2008-06-11,24.2,0.1,44087.61,54629.23
2008-06-12,20.4,13.6,22511.78,54664.01
2008-06-13,22.2,0.5,50602.24,54695.15
2008-06-14,21.3,1.3,50400.0,54722.65
2008-06-15,22.1,0.0,50400.0,54746.44
2008-06-16,23.6,0.0,50654.42,54766.5
2008-06-17,25.1,2.6,40099.99,54782.81
2008-06-18,27.1,1.0,50903.58,54795.32
2008-06-19,27.4,0.0,51250.95,54804.01
2008-06-20,29.3,0.0,51243.54,54808.86
2008-06-21,29.7,0.0,51237.01,54809.83
2008-06-22,30.5,0.0,51231.45,54806.91
2008-06-23,31.6,0.0,51226.86,54800.08
2008-06-24,31.9,0.0,51578.63,54789.32
2008-06-25,32.8,0.0,51575.85,54774.59
2008-06-26,32.9,0.0,51573.78,54755.71
2008-06-27,31.8,0.0,51217.66,54732.7
2008-06-28,31.6,0.0,46528.57,54705.65
2008-06-29,31.8,0.1,51217.64,54674.62
2008-06-30,31.8,0.0,50864.88,54639.71
2008-07-01,32.8,1.6,51220.76,54600.97
2008-07-02,31.5,0.0,51223.51,54558.5
2008-07-03,31.0,0.0,49868.4,54512.38
2008-07-04,30.6,0.4,50879.14,54462.69
2008-07-05,31.2,0.0,51588.77,54409.51
2008-07-06,30.3,0.0,51242.98,54352.93
2008-07-07,30.7,0.0,51249.99,54293.03
2008-07-08,29.8,0.2,49188.12,54229.9
2008-07-09,30.7,0.0,51266.74,54163.64
2008-07-10,30.6,0.0,51276.5,54094.3
2008-07-11,31.3,0.0,50057.6,54021.99
2008-07-12,31.6,0.0,51298.81,53946.8
2008-07-13,30.6,0.2,47454.07,53868.81
2008-07-14,26.2,0.3,50630.76,53788.11
2008-07-15,31.5,0.0,50993.05,53704.67
2008-07-16,28.9,0.0,50663.34,53617.76
2008-07-17,29.0,0.0,50400.0,53527.31
2008-07-18,26.8,2.6,50080.62,53433.49
2008-07-19,28.9,0.0,50719.59,53336.45
2008-07-20,30.1,0.0,50740.21,53236.33
2008-07-21,29.2,0.0,50400.0,53133.28
2008-07-22,29.7,0.2,49019.42,53027.44
2008-07-23,28.5,0.0,50457.19,52918.96
2008-07-24,29.0,0.0,50426.3,52807.99
2008-07-25,28.8,0.0,50278.68,52694.65
2008-07-26,29.7,0.0,50221.7,52579.1
2008-07-27,30.3,2.8,49035.41,52461.45
2008-07-28,30.4,1.8,50106.3,52341.86
2008-07-29,31.5,0.2,50048.05,52220.44
2008-07-30,32.0,0.0,49870.75,52097.33
2008-07-31,32.9,0.2,49890.03,51972.65
2008-08-01,33.5,0.0,49871.99,51846.53
2008-08-02,33.9,0.0,49813.12,51719.09
2008-08-03,33.1,0.0,49617.78,51590.45
2008-08-04,32.1,0.0,49308.21,51460.58
2008-08-05,32.0,0.0,48671.32,51328.48
2008-08-06,32.7,0.0,48693.91,51194.03
2008-08-07,32.8,0.0,48716.74,51057.38
2008-08-08,33.1,0.0,48412.94,50918.67
2008-08-09,31.2,0.0,47132.44,50778.05
2008-08-10,30.6,0.0,48135.53,50635.65
2008-08-11,31.7,0.0,48160.49,50491.64
2008-08-12,31.1,0.0,48185.58,50346.12
2008-08-13,31.2,0.0,47887.53,50199.26
2008-08-14,32.0,0.0,47590.99,50051.15
2008-08-15,30.8,0.0,45204.37,49901.94
2008-08-16,27.6,0.0,46800.0,49751.75
2008-08-17,27.7,0.7,47030.51,49600.7
2008-08-18,30.5,0.0,47058.87,49448.92
2008-08-19,32.0,0.0,47023.56,49296.51
2008-08-20,31.9,0.0,46961.94,49143.59
2008-08-21,34.2,0.0,46899.78,48990.28
2008-08-22,31.9,0.0,46519.62,48836.68
2008-08-23,27.9,0.0,46373.39,48682.9
2008-08-24,29.4,0.0,44180.86,48528.92
2008-08-25,29.0,0.0,46188.01,48373.64
2008-08-26,29.8,0.2,45210.1,48216.93
2008-08-27,30.0,0.7,42777.41,48058.91
2008-08-28,29.5,0.0,44983.45,47899.69
2008-08-29,30.6,0.0,44715.34,47739.4
2008-08-30,31.9,0.0,44448.66,47578.15
2008-08-31,31.6,0.0,44495.45,47416.06
2008-09-01,30.4,0.4,44231.0,47253.24
2008-09-02,29.7,0.7,43656.35,47089.79
2008-09-03,29.7,0.0,43705.49,46925.82
2008-09-04,29.1,0.0,43444.26,46761.45
2008-09-05,31.1,0.0,43494.23,46596.77
2008-09-06,33.3,0.0,43234.32,46431.9
2008-09-07,32.6,1.4,43200.0,46266.92
2008-09-08,29.9,0.3,43200.0,46101.94
2008-09-09,31.9,0.0,43200.0,45937.06
2008-09-10,33.4,0.0,43200.0,45772.39
2008-09-11,33.6,0.0,43200.0,45608.01
2008-09-12,32.1,0.2,38441.81,45444.01
2008-09-13,24.3,19.6,26652.18,45280.38
2008-09-14,21.3,2.0,41629.08,45115.99
2008-09-15,22.8,1.5,43200.0,44950.69
2008-09-16,23.0,0.2,43200.0,44784.58
2008-09-17,23.3,0.0,43200.0,44617.77
2008-09-18,23.8,0.0,43200.0,44450.36
2008-09-19,18.5,19.2,0.0,44282.46
2008-09-20,22.0,0.0,43200.0,44114.17
2008-09-21,20.1,0.2,36774.99,43945.59
2008-09-22,20.1,2.9,43084.15,43776.82
2008-09-23,20.5,0.0,43021.45,43607.97
2008-09-24,22.6,0.0,42881.64,43439.14
2008-09-25,22.1,0.0,42712.97,43270.41
2008-09-26,21.4,0.2,42544.5,43101.91
2008-09-27,20.9,0.0,42376.35,42933.72
2008-09-28,20.5,0.1,42208.6,42765.95
2008-09-29,20.3,0.0,41889.67,42598.71
2008-09-30,20.8,0.0,41258.27,42432.09
2008-10-01,21.7,0.5,37983.24,42266.21
2008-10-02,20.9,0.8,35748.12,42101.15
2008-10-03,20.5,17.3,27070.18,41936.88
2008-10-04,16.6,7.9,35793.0,41772.22
2008-10-05,18.3,0.0,37728.33,41607.01
2008-10-06,19.2,0.1,34663.67,41441.34
2008-10-07,21.1,0.0,38023.5,41275.33
2008-10-08,21.4,0.0,38112.45,41109.1
2008-10-09,23.7,0.0,38201.73,40942.76
2008-10-10,24.0,0.0,37348.66,40776.43
2008-10-11,23.8,0.0,37751.88,40610.22
2008-10-12,24.4,0.0,37525.63,40444.26
2008-10-13,24.2,0.0,37151.78,40278.65
2008-10-14,21.9,0.0,30501.76,40113.52
2008-10-15,21.9,0.0,36277.27,39949.01
2008-10-16,20.8,0.4,20749.38,39785.22
2008-10-17,21.2,6.5,28413.74,39622.29
2008-10-18,21.6,0.0,35724.56,39460.34
2008-10-19,22.0,0.0,35683.99,39299.51
2008-10-20,22.4,0.0,36143.14,39139.92
2008-10-21,22.0,0.0,36000.0,38981.72
2008-10-22,22.5,0.0,36000.0,38825.04
2008-10-23,21.7,1.2,19589.02,38669.86
2008-10-24,22.4,1.0,30622.4,38514.87
2008-10-25,22.1,1.4,31856.37,38359.88
2008-10-26,21.9,0.1,36000.0,38205.04
2008-10-27,19.9,0.7,34776.16,38050.47
2008-10-28,17.6,58.0,100.72,37896.33
2008-10-29,22.2,15.9,36000.0,37742.76
2008-10-30,17.4,14.2,25703.17,37589.89
2008-10-31,18.8,7.0,17448.6,37437.9
2008-11-01,19.1,12.2,30622.55,37286.91
2008-11-02,21.0,0.0,35870.1,37137.1
2008-11-03,22.2,0.0,35795.18,36988.63
2008-11-04,22.3,9.8,6640.83,36841.65
2008-11-05,19.6,6.0,30667.53,36696.33
2008-11-06,18.0,4.0,34897.31,36552.85
2008-11-07,17.3,0.5,35511.99,36411.37
2008-11-08,16.0,0.7,33616.81,36272.07
2008-11-09,17.6,0.1,35381.8,36135.13
2008-11-10,17.8,0.0,35319.95,36000.73
2008-11-11,17.0,0.0,34077.06,35869.07
2008-11-12,15.0,3.2,13968.96,35740.15
2008-11-13,15.8,16.9,14874.19,35612.68
2008-11-14,17.4,0.0,30407.55,35486.47
2008-11-15,17.6,0.0,32018.37,35361.67
2008-11-16,15.0,3.1,13471.51,35238.42
2008-11-17,17.2,0.0,33333.41,35116.88
2008-11-18,14.3,0.0,29145.35,34997.22
2008-11-19,15.2,0.0,32427.58,34879.58
2008-11-20,15.1,1.6,31257.31,34764.13
2008-11-21,14.9,1.8,23401.22,34651.04
2008-11-22,14.1,0.9,29227.62,34540.48
2008-11-23,9.9,0.0,29000.23,34432.61
2008-11-24,11.5,16.2,7774.32,34327.61
2008-11-25,12.8,9.5,9749.7,34225.65
2008-11-26,12.6,0.3,30760.76,34126.91
2008-11-27,13.7,0.2,30097.13,34031.57
2008-11-28,13.9,19.4,13777.22,33939.81
2008-11-29,13.7,3.4,21992.18,33851.81
2008-11-30,14.6,24.5,14167.04,33767.76
2008-12-01,13.3,21.0,28855.12,33687.84
2008-12-02,11.6,8.9,9850.35,33612.1
2008-12-03,12.1,0.0,30386.59,33539.68
2008-12-04,10.7,0.0,29978.8,33470.42
2008-12-05,13.5,27.0,2976.67,33404.41
2008-12-06,13.7,1.0,29260.12,33341.73
2008-12-07,12.5,0.0,30173.5,33282.47
2008-12-08,12.3,0.0,29838.28,33226.73
2008-12-09,11.8,0.0,25391.04,33174.58
2008-12-10,12.3,23.6,3404.95,33126.11
2008-12-11,12.6,48.4,0.0,33081.4
2008-12-12,10.6,23.4,0.0,33040.52
2008-12-13,12.1,1.5,26636.0,33003.58
2008-12-14,12.6,0.1,29257.35,32970.65
2008-12-15,12.3,35.9,0.0,32941.79
2008-12-16,12.4,23.1,7291.06,32917.11
2008-12-17,12.2,5.3,27302.88,32896.65
2008-12-18,11.0,0.0,28800.0,32880.51
2008-12-19,11.1,0.2,29960.95,32868.76
2008-12-20,13.1,0.0,29949.41,32861.45
2008-12-21,13.1,0.0,30309.88,32858.66
2008-12-22,14.4,0.0,30295.92,32860.45
2008-12-23,13.1,0.0,30653.64,32866.81
2008-12-24,13.3,0.0,30636.37,32877.69
2008-12-25,11.5,1.6,195.39,32893.01
2008-12-26,10.2,7.9,3765.6,32912.71
2008-12-27,9.5,0.0,29828.6,32936.72
2008-12-28,5.6,15.3,8457.64,32964.96
2008-12-29,11.9,0.0,27524.14,32997.36
2008-12-30,11.4,0.0,31246.04,33033.85
2008-12-31,11.3,0.0,27672.83,33074.35
2009-01-01,13.1,4.7,96.55,33118.76
2009-01-02,11.4,2.3,18366.85,33167.02
2009-01-03,9.0,12.1,0.0,33219.04
2009-01-04,9.1,0.0,30352.99,33274.75
2009-01-05,9.5,0.0,31688.64,33334.04
2009-01-06,10.5,0.0,24384.72,33396.86
2009-01-07,9.6,9.7,1368.49,33463.1
2009-01-08,9.8,7.0,3898.01,33532.68
2009-01-09,13.0,0.0,28800.0,33605.51
2009-01-10,10.7,0.0,14036.84,33681.52
2009-01-11,13.5,0.0,32055.97,33760.73
2009-01-12,11.4,0.8,15841.82,33844.03
2009-01-13,10.7,8.1,0.0,33931.48
2009-01-14,11.3,2.5,17035.61,34022.88
2009-01-15,11.8,6.0,32324.82,34118.04
2009-01-16,13.0,0.0,32395.62,34216.8
2009-01-17,12.3,0.0,32400.0,34318.95
2009-01-18,11.8,0.4,17322.37,34424.34
2009-01-19,12.9,1.2,21042.74,34532.77
2009-01-20,14.6,0.8,30226.86,34644.06
2009-01-21,11.8,7.8,0.0,34758.05
2009-01-22,11.5,0.0,18316.83,34874.56
2009-01-23,11.1,2.7,27839.19,34993.43
2009-01-24,12.7,12.7,3272.71,35114.49
2009-01-25,10.4,5.2,29500.0,35237.58
2009-01-26,11.2,10.9,17543.99,35362.52
2009-01-27,10.3,6.1,26810.25,35489.18
2009-01-28,11.7,0.0,32561.15,35617.4
2009-01-29,12.1,0.0,32873.85,35747.01
2009-01-30,12.1,0.0,32842.16,35877.87
2009-01-31,11.2,0.0,33150.6,36010.01
2009-02-01,12.8,2.5,27980.66,36144.76
2009-02-02,12.5,4.2,0.0,36282.26
2009-02-03,16.1,7.7,23225.89,36422.31
2009-02-04,12.9,12.2,28335.3,36564.74
2009-02-05,14.9,3.5,32232.78,36709.37
2009-02-06,13.2,5.7,4412.44,36856.01
2009-02-07,11.5,18.5,0.0,37004.49
2009-02-08,11.1,2.4,32512.91,37154.65
2009-02-09,12.2,0.0,34540.89,37306.3
2009-02-10,13.5,2.1,10244.82,37459.29
2009-02-11,9.6,3.4,30093.75,37613.45
2009-02-12,10.0,0.0,35760.37,37768.63
2009-02-13,8.7,0.0,35829.95,37924.68
2009-02-14,7.7,0.0,36162.88,38081.43
2009-02-15,9.1,0.0,37179.49,38238.75
2009-02-16,8.4,0.0,34300.99,38396.48
2009-02-17,9.2,0.0,33442.88,38554.49
2009-02-18,5.9,4.1,38167.57,38712.62
2009-02-19,7.8,0.0,38326.7,38870.75
2009-02-20,10.3,0.0,38485.84,39028.9
2009-02-21,11.4,0.0,32153.96,39188.43
2009-02-22,12.4,0.0,38215.41,39349.52
2009-02-23,11.9,2.3,32400.0,39512.04
2009-02-24,10.2,10.2,30060.38,39675.83
2009-02-25,12.7,0.0,39041.04,39840.76
2009-02-26,11.8,0.0,39114.18,40006.7
2009-02-27,12.7,0.0,39187.07,40173.51
2009-02-28,14.4,0.0,39259.71,40341.05
2009-03-01,12.5,3.3,3000.16,40509.21
2009-03-02,13.0,14.0,14466.47,40677.86
2009-03-03,14.0,2.7,30571.61,40846.86
2009-03-04,15.0,10.5,11825.82,41016.09
2009-03-05,11.9,25.0,14311.17,41185.43
2009-03-06,13.7,1.4,25985.64,41354.76
2009-03-07,15.7,0.0,39600.0,41523.95
2009-03-08,16.7,0.0,39600.0,41692.9
2009-03-09,15.3,0.0,36062.26,41861.47
2009-03-10,14.3,0.4,39600.0,42029.55
2009-03-11,14.0,0.8,39600.0,42197.02
2009-03-12,14.7,0.0,40287.7,42363.92
2009-03-13,13.9,0.0,40237.17,42531.48
2009-03-14,15.4,0.0,40186.22,42699.9
2009-03-15,15.5,0.0,35297.59,42869.07
2009-03-16,17.8,0.9,37513.56,43038.88
2009-03-17,17.1,0.0,41267.07,43209.23
2009-03-18,17.4,0.0,41832.21,43379.99
2009-03-19,14.5,2.2,25015.91,43551.08
2009-03-20,9.7,1.9,11540.52,43722.38
2009-03-21,9.7,0.0,41247.24,43893.78
2009-03-22,12.9,0.0,41313.52,44065.17
2009-03-23,14.9,0.0,42448.64,44236.46
2009-03-24,15.6,4.7,26645.56,44407.52
2009-03-25,13.9,1.0,42656.64,44578.26
2009-03-26,15.5,0.4,42538.31,44748.56
2009-03-27,13.7,0.0,23557.85,44918.32
2009-03-28,18.0,1.2,38434.15,45087.42
2009-03-29,17.6,17.8,26858.7,45255.75
2009-03-30,18.9,0.5,40813.06,45423.2
2009-03-31,19.6,5.8,32531.57,45589.65
2009-04-01,17.4,11.4,10995.85,45755.13
2009-04-02,16.5,0.2,41622.54,45920.8
2009-04-03,18.0,0.0,43200.0,46086.84
2009-04-04,18.3,0.6,38102.33,46253.15
2009-04-05,18.5,0.0,43383.54,46419.64
2009-04-06,19.6,0.0,43662.41,46586.18
2009-04-07,17.5,0.0,43304.48,46752.69
2009-04-08,19.0,0.0,43288.96,46919.05
2009-04-09,21.3,2.0,43249.99,47085.15
2009-04-10,20.1,0.1,44162.15,47250.9
2009-04-11,20.8,0.0,43523.47,47416.18
2009-04-12,21.5,0.0,39189.16,47580.87
2009-04-13,19.3,0.0,45839.89,47744.87
2009-04-14,19.8,0.0,45905.43,47908.05
2009-04-15,20.8,0.0,46140.52,48070.29
2009-04-16,19.7,2.8,42568.95,48231.48
2009-04-17,17.2,6.4,45090.96,48391.49
2009-04-18,17.0,0.0,19943.16,48550.2
2009-04-19,15.4,13.4,3880.39,48707.48
2009-04-20,18.4,2.3,36418.14,48863.19
2009-04-21,19.6,0.9,25264.16,49017.35
2009-04-22,19.9,0.3,40956.72,49171.06
2009-04-23,20.0,4.2,45678.62,49324.51
2009-04-24,19.2,7.3,44351.0,49477.56
2009-04-25,20.3,0.0,46983.01,49630.13
2009-04-26,20.8,2.3,15215.06,49782.07
2009-04-27,21.9,8.6,16300.83,49933.28
2009-04-28,15.4,15.0,20197.26,50083.63
2009-04-29,17.6,2.3,47991.02,50233.0
2009-04-30,16.0,3.7,47374.5,50381.26
2009-05-01,21.5,0.0,49216.69,50528.27
2009-05-02,23.2,0.8,48630.5,50673.92
2009-05-03,19.3,0.0,49900.21,50818.05
2009-05-04,20.6,0.0,49976.93,50960.53
2009-05-05,20.5,5.8,48165.83,51101.22
2009-05-06,19.9,0.0,50125.98,51239.97
2009-05-07,21.7,0.0,50198.13,51376.64
2009-05-08,21.7,0.0,50268.57,51511.07
2009-05-09,22.1,0.0,47986.94,51643.1
2009-05-10,24.1,0.0,50400.0,51772.6
2009-05-11,24.3,0.0,50400.0,51899.51
2009-05-12,24.1,0.0,50400.0,52024.85
2009-05-13,24.6,0.0,50400.0,52148.76
2009-05-14,24.7,0.0,50400.0,52271.12
2009-05-15,24.4,1.4,37929.85,52391.82
2009-05-16,28.2,0.1,49887.19,52510.73
2009-05-17,27.6,0.0,50400.0,52627.73
2009-05-18,27.5,0.0,48180.18,52742.69
2009-05-19,28.7,0.0,50400.0,52855.49
2009-05-20,29.3,0.0,50400.0,52965.99
2009-05-21,30.3,0.0,50400.0,53074.08
2009-05-22,28.9,0.0,50400.0,53179.6
2009-05-23,29.1,0.0,50400.0,53282.43
2009-05-24,30.3,0.0,50400.0,53382.43
2009-05-25,31.7,0.0,50400.0,53479.47
2009-05-26,31.1,0.0,50400.0,53573.39
2009-05-27,26.6,0.0,50400.0,53664.07
2009-05-28,26.0,3.0,50188.51,53751.35
2009-05-29,25.3,0.3,50400.0,53835.1
2009-05-30,22.9,0.8,35860.45,53915.17
2009-05-31,23.8,11.3,40362.82,53991.51
2009-06-01,19.1,27.8,3496.83,54064.75
2009-06-02,20.0,1.8,22923.48,54134.98
2009-06-03,24.4,0.5,50414.57,54202.15
2009-06-04,22.4,0.0,50400.0,54266.17
2009-06-05,25.4,0.0,50400.0,54326.99
2009-06-06,24.7,0.0,49387.65,54384.53
2009-06-07,22.4,4.1,32291.12,54438.73
2009-06-08,24.4,0.0,50676.87,54489.52
2009-06-09,26.7,0.0,41732.77,54536.83
2009-06-10,25.7,0.0,50468.75,54580.62
2009-06-11,26.2,0.0,50984.97,54620.79
2009-06-12,27.8,0.0,50971.11,54657.3
2009-06-13,27.7,0.0,50958.05,54690.09
2009-06-14,29.0,0.0,50945.8,54719.1
2009-06-15,29.4,0.0,50934.33,54744.25
2009-06-16,30.1,0.0,51279.32,54765.51
2009-06-17,30.9,0.0,45442.92,54782.82
2009-06-18,31.0,0.0,51261.2,54796.12
2009-06-19,30.6,0.0,50897.87,54805.37
2009-06-20,26.9,1.1,50102.22,54810.51
2009-06-21,21.8,5.8,28415.56,54811.55
2009-06-22,24.6,0.0,50879.69,54808.53
2009-06-23,22.9,0.0,49246.12,54801.49
2009-06-24,25.3,0.0,50871.06,54790.48
2009-06-25,26.7,0.7,50867.82,54775.55
2009-06-26,26.4,0.0,50865.44,54756.75
2009-06-27,26.3,3.0,50509.0,54734.12
2009-06-28,26.8,0.0,50086.52,54707.71
2009-06-29,28.4,2.7,46908.7,54677.59
2009-06-30,28.8,1.4,50400.0,54643.81
2009-07-01,28.1,3.3,48511.76,54606.41
2009-07-02,28.0,5.2,50218.82,54565.47
2009-07-03,28.7,3.3,50518.88,54521.04
2009-07-04,29.7,0.0,50876.24,54473.18
2009-07-05,27.9,6.6,40964.27,54421.95
2009-07-06,28.5,0.6,49813.09,54367.41
2009-07-07,28.9,0.0,50374.73,54309.64
2009-07-08,28.6,0.0,50803.33,54248.68
2009-07-09,27.0,0.0,50913.49,54184.61
2009-07-10,27.2,0.0,51273.63,54117.4
2009-07-11,28.9,0.0,50935.46,54046.45
2009-07-12,28.6,0.0,50947.86,53971.69
2009-07-13,30.2,0.0,50961.21,53893.3
2009-07-14,31.7,0.0,50975.46,53811.39
2009-07-15,32.5,0.0,50990.61,53726.12
2009-07-16,34.7,0.0,51006.69,53637.61
2009-07-17,32.6,0.0,50678.24,53546.01
2009-07-18,26.4,1.3,44968.1,53451.45
2009-07-19,27.9,0.0,50716.1,53354.07
2009-07-20,29.3,0.0,50736.3,53253.99
2009-07-21,31.9,0.0,50757.35,53151.37
2009-07-22,33.1,0.0,50437.37,53046.31
2009-07-23,34.2,0.0,50459.75,52938.96
2009-07-24,34.0,0.0,50428.44,52829.43
2009-07-25,32.1,0.0,50397.47,52717.86
2009-07-26,32.7,0.0,50231.11,52604.37
2009-07-27,32.1,0.0,50174.55,52489.07
2009-07-28,32.6,0.0,50117.82,52372.1
2009-07-29,33.5,0.0,50061.02,52253.56
2009-07-30,34.3,0.0,50004.2,52133.43
2009-07-31,33.2,0.0,49946.91,52010.75
2009-08-01,31.9,0.0,47911.81,51885.42
2009-08-02,32.1,0.0,49830.39,51757.57
2009-08-03,29.0,1.9,34149.35,51627.38
2009-08-04,27.1,0.4,47323.32,51494.99
2009-08-05,31.4,0.0,48665.46,51360.55
2009-08-06,32.0,0.0,48688.35,51224.21
2009-08-07,32.3,0.0,48711.49,51086.09
2009-08-08,31.2,0.2,48407.83,50946.36
2009-08-09,30.5,0.0,48105.72,50805.13
2009-08-10,29.7,0.8,47805.19,50662.54
2009-08-11,31.0,0.6,45456.17,50518.73
2009-08-12,30.7,0.9,47532.81,50373.82
2009-08-13,31.0,0.4,47559.52,50227.93
2009-08-14,32.0,0.2,47586.28,50081.19
2009-08-15,32.8,0.0,47290.97,49933.72
2009-08-16,33.2,0.0,47318.46,49785.64
2009-08-17,34.1,1.0,47345.91,49637.05
2009-08-18,35.1,0.0,47373.38,49488.08
2009-08-19,34.3,0.0,47046.39,49338.68
2009-08-20,35.2,0.0,46985.49,49187.81
2009-08-21,34.9,0.0,46923.2,49035.29
2009-08-22,35.7,0.0,46541.84,48881.28
2009-08-23,33.9,0.5,45782.37,48725.9
2009-08-24,32.2,0.0,46306.29,48569.27
2009-08-25,31.1,0.2,46210.87,48411.51
2009-08-26,32.4,0.0,46114.49,48252.74
2009-08-27,31.9,2.7,44166.71,48093.08
2009-08-28,31.7,1.8,44034.46,47932.65
2009-08-29,30.1,1.1,44706.74,47771.55
2009-08-30,30.0,0.9,43200.0,47609.9
2009-08-31,30.1,0.9,43481.03,47447.8
2009-09-01,30.1,0.2,43598.23,47285.35
2009-09-02,29.6,0.0,43957.98,47122.68
2009-09-03,29.1,0.2,43200.0,46959.88
2009-09-04,27.8,4.7,39259.95,46797.04
2009-09-05,28.6,1.1,43200.0,46634.28
2009-09-06,28.7,0.0,43220.83,46471.67
2009-09-07,27.8,0.0,43270.1,46309.35
2009-09-08,28.0,0.0,43200.0,46147.24
2009-09-09,25.0,0.8,42344.22,45984.27
2009-09-10,27.2,0.0,43200.0,45820.28
2009-09-11,28.8,0.0,43200.0,45655.37
2009-09-12,27.6,0.0,43200.0,45489.65
2009-09-13,26.3,6.4,42405.26,45323.24
2009-09-14,23.3,10.8,37887.18,45156.23
2009-09-15,22.0,10.6,10695.67,44988.72
2009-09-16,21.7,7.7,0.0,44820.82
2009-09-17,23.9,9.3,36762.83,44652.64
2009-09-18,25.3,0.0,43200.0,44484.26
2009-09-19,25.8,0.4,38198.11,44315.81
2009-09-20,22.2,4.0,14442.95,44147.37
2009-09-21,22.6,6.2,19052.96,43979.04
2009-09-22,24.8,4.9,30796.01,43810.92
2009-09-23,26.3,0.0,43034.96,43643.11
2009-09-24,26.2,0.0,40282.45,43475.71
2009-09-25,27.1,0.0,41194.6,43308.83
2009-09-26,27.1,0.0,42585.89,43142.55
2009-09-27,27.1,0.0,40045.02,42976.99
2009-09-28,26.0,0.7,40939.42,42812.1
2009-09-29,25.2,0.0,42089.76,42646.72
2009-09-30,25.4,0.0,41923.38,42480.68
2009-10-01,24.4,0.2,38718.58,42314.09
2009-10-02,24.7,1.6,25117.65,42147.06
2009-10-03,24.7,0.0,40911.35,41979.71
2009-10-04,23.5,0.0,38673.92,41812.13
2009-10-05,22.7,0.0,38451.47,41644.43
2009-10-06,23.4,0.0,37200.07,41476.75
2009-10-07,24.7,0.0,38944.04,41309.17
2009-10-08,24.2,0.0,38721.5,41141.81
2009-10-09,24.4,0.0,37309.47,40974.79
2009-10-10,21.7,3.1,15738.45,40808.23
2009-10-11,22.4,0.6,34179.75,40642.23
2009-10-12,20.9,5.2,31628.52,40476.91
2009-10-13,18.8,0.0,37280.75,40312.4
2009-10-14,17.2,0.0,36549.01,40148.82
2009-10-15,16.6,0.0,36902.61,39986.28
2009-10-16,16.9,0.0,36622.89,39824.92
2009-10-17,15.2,0.4,18060.07,39664.86
2009-10-18,15.5,3.8,34964.99,39506.06
2009-10-19,15.8,0.0,36000.0,39347.26
2009-10-20,14.8,0.0,36134.1,39188.27
2009-10-21,19.7,0.0,35521.78,39029.22
2009-10-22,18.0,21.2,11125.57,38870.24
2009-10-23,19.6,12.8,28209.14,38711.47
2009-10-24,20.0,0.0,36000.0,38553.03
2009-10-25,21.9,0.0,36000.0,38395.07
2009-10-26,21.1,0.0,36000.0,38237.74
2009-10-27,21.5,0.0,36000.0,38081.16
2009-10-28,19.6,0.0,36000.0,37925.5
2009-10-29,19.0,0.0,36000.0,37770.9
2009-10-30,20.3,0.0,36000.0,37617.5
2009-10-31,16.4,0.0,36000.0,37465.47
2009-11-01,16.0,0.0,35959.75,37314.96
2009-11-02,14.8,16.1,15126.85,37166.14
2009-11-03,15.1,4.7,34652.27,37019.16
2009-11-04,16.3,7.6,6875.69,36874.2
2009-11-05,16.9,2.9,25843.45,36731.43
2009-11-06,13.8,21.9,238.14,36591.03
2009-11-07,14.9,0.1,33609.72,36452.99
2009-11-08,13.6,18.4,23805.31,36315.99
2009-11-09,14.1,4.1,28500.59,36179.83
2009-11-10,14.3,0.2,34713.09,36044.67
2009-11-11,14.9,0.0,35281.92,35910.66
2009-11-12,15.3,0.0,34756.61,35777.95
2009-11-13,16.4,0.0,32543.37,35646.7
2009-11-14,16.6,0.0,33071.12,35517.08
2009-11-15,17.6,0.3,15533.88,35389.26
2009-11-16,19.4,0.0,34666.02,35263.38
2009-11-17,20.1,0.0,34540.98,35139.65
2009-11-18,19.7,0.0,33400.95,35018.22
2009-11-19,20.9,0.0,34137.99,34899.26
2009-11-20,20.7,0.0,31767.24,34782.98
2009-11-21,18.7,0.0,33345.89,34669.54
2009-11-22,16.2,0.0,31208.75,34559.14
2009-11-23,15.9,0.0,18656.36,34451.95
2009-11-24,16.1,0.0,30172.43,34348.18
2009-11-25,16.6,0.0,32810.49,34248.02
2009-11-26,14.9,0.0,14629.19,34151.65
2009-11-27,15.6,0.9,17956.21,34059.15
2009-11-28,16.0,7.0,21345.68,33969.45
2009-11-29,15.2,1.3,21600.0,33882.41
2009-11-30,16.5,14.9,1725.85,33798.12
2009-12-01,12.0,11.4,17018.24,33716.7
2009-12-02,12.9,0.0,31055.74,33638.29
2009-12-03,11.7,0.2,30007.79,33562.97
2009-12-04,12.5,23.6,1397.83,33490.88
2009-12-05,14.6,0.0,30456.62,33422.13
2009-12-06,12.9,0.0,24234.76,33356.83
2009-12-07,14.1,0.0,26995.87,33295.11
2009-12-08,14.6,1.3,12555.39,33237.07
2009-12-09,12.8,0.0,29863.98,33182.83
2009-12-10,13.2,0.0,29893.32,33132.51
2009-12-11,12.5,0.0,30290.19,33086.23
2009-12-12,11.7,0.0,29944.96,33044.09
2009-12-13,10.4,4.5,22522.85,33006.21
2009-12-14,9.4,24.9,0.0,32972.7
2009-12-15,8.6,0.0,0.0,32943.66
2009-12-16,8.1,0.0,29277.34,32919.21
2009-12-17,9.6,4.0,21668.66,32899.41
2009-12-18,6.9,1.3,30042.36,32884.01
2009-12-19,7.5,6.8,29593.6,32872.9
2009-12-20,5.0,0.0,30327.32,32866.07
2009-12-21,8.9,5.0,18211.82,32863.5
2009-12-22,13.4,24.5,0.0,32865.15
2009-12-23,16.2,6.3,29536.09,32871.01
2009-12-24,16.9,8.4,12099.7,32881.04
2009-12-25,17.4,9.5,29499.09,32895.2
2009-12-26,11.2,11.0,0.0,32913.47
2009-12-27,10.6,4.5,27846.13,32935.79
2009-12-28,12.0,5.2,10884.85,32962.14
2009-12-29,12.6,2.1,618.56,32992.47
2009-12-30,16.3,1.3,24250.6,33026.74
2009-12-31,16.6,8.2,30105.15,33064.91
2010-01-01,13.0,33.5,12176.19,33106.93
2010-01-02,12.9,1.1,30731.07,33152.75
2010-01-03,8.5,0.0,31559.98,33202.32
2010-01-04,8.0,2.4,1853.91,33255.6
2010-01-05,11.9,12.5,0.0,33312.52
2010-01-06,12.2,6.6,29497.44,33373.15
2010-01-07,11.5,7.5,31783.32,33438.14
2010-01-08,14.0,16.0,7287.51,33507.54
2010-01-09,10.8,15.3,6170.39,33581.15
2010-01-10,8.8,4.3,30695.67,33658.84
2010-01-11,8.5,2.4,2237.79,33740.43
2010-01-12,9.6,0.0,32102.3,33825.74
2010-01-13,8.3,0.8,0.0,33914.62
2010-01-14,10.6,0.0,27297.63,34006.9
2010-01-15,13.0,0.6,29156.22,34102.43
2010-01-16,12.0,0.0,32382.81,34201.04
2010-01-17,10.3,0.0,0.0,34302.57
2010-01-18,12.0,0.0,32400.0,34406.86
2010-01-19,11.2,0.0,32443.85,34513.76
2010-01-20,10.4,0.0,31088.09,34623.1
2010-01-21,11.7,0.3,32400.0,34734.76
2010-01-22,10.3,0.0,32400.0,34848.56
2010-01-23,9.0,0.0,32705.9,34964.38
2010-01-24,9.6,0.0,29708.42,35082.05
2010-01-25,9.6,3.5,6501.82,35201.44
2010-01-26,8.7,31.4,0.0,35322.58
2010-01-27,11.4,0.0,32400.0,35446.72
2010-01-28,9.8,1.2,29507.26,35573.99
2010-01-29,10.3,1.8,24709.97,35704.2
2010-01-30,11.0,12.8,20479.71,35837.16
2010-01-31,9.0,2.4,32400.0,35972.66
2010-02-01,7.3,0.0,33463.66,36110.53
2010-02-02,7.7,0.0,33466.91,36250.58
2010-02-03,9.5,0.8,23103.95,36392.62
2010-02-04,12.2,0.2,29449.11,36536.49
2010-02-05,11.9,9.5,6422.13,36682.02
2010-02-06,11.3,6.9,10800.0,36829.02
2010-02-07,11.6,0.0,34400.93,36977.33
2010-02-08,10.0,0.0,34958.43,37126.8
2010-02-09,9.1,9.2,0.0,37277.26
2010-02-10,7.9,14.2,0.0,37428.57
2010-02-11,9.1,1.0,30590.93,37580.55
2010-02-12,5.1,5.0,11971.53,37733.06
2010-02-13,9.5,0.6,35210.83,37885.96
2010-02-14,10.4,0.2,17718.35,38039.11
2010-02-15,10.3,1.2,36187.46,38192.52
2010-02-16,9.8,8.5,0.0,38347.58
2010-02-17,12.7,3.6,13054.68,38504.45
2010-02-18,14.4,11.0,25772.39,38662.98
2010-02-19,15.7,12.6,13929.49,38823.03
2010-02-20,12.3,6.3,20732.44,38984.45
2010-02-21,12.9,1.3,36446.72,39147.08
2010-02-22,13.0,17.2,10997.27,39310.79
2010-02-23,15.7,9.4,35274.79,39475.43
2010-02-24,15.4,14.6,32490.18,39640.86
2010-02-25,14.9,0.0,35422.61,39806.95
2010-02-26,15.5,2.5,33974.1,39973.57
2010-02-27,15.3,0.0,36005.88,40140.58
2010-02-28,16.7,0.0,26206.05,40307.85
2010-03-01,15.3,4.6,34652.54,40475.26
2010-03-02,15.9,0.9,39386.7,40642.67
2010-03-03,16.5,1.0,27545.68,40809.97
2010-03-04,15.2,15.2,32742.73,40977.02
2010-03-05,11.8,3.2,29916.3,41143.71
2010-03-06,10.0,0.0,39600.0,41309.91
2010-03-07,12.3,0.0,39600.0,41475.66
2010-03-08,12.0,0.0,39600.0,41642.22
2010-03-09,7.6,23.5,2730.89,41809.8
2010-03-10,10.4,12.8,30399.65,41978.27
2010-03-11,8.5,10.3,22180.76,42147.52
2010-03-12,10.8,0.1,39600.0,42317.43
2010-03-13,13.2,0.1,40250.2,42487.9
2010-03-14,12.2,0.0,40507.41,42658.81
2010-03-15,13.1,0.0,40764.13,42830.05
2010-03-16,13.2,0.2,38502.31,43001.5
2010-03-17,15.7,0.0,40987.39,43173.06
2010-03-18,14.2,0.0,41841.38,43344.62
2010-03-19,14.1,0.0,41171.08,43516.08
2010-03-20,15.0,0.0,22620.6,43687.3
2010-03-21,16.3,0.0,12844.84,43858.2
2010-03-22,18.8,0.0,19323.09,44028.65
2010-03-23,18.4,0.8,32091.16,44198.56
2010-03-24,17.2,0.2,39600.0,44367.8
2010-03-25,17.2,0.0,40267.82,44536.25
2010-03-26,18.7,0.0,40502.72,44703.82
2010-03-27,14.8,0.3,42614.4,44870.53
2010-03-28,17.5,0.0,43073.67,45037.55
2010-03-29,16.2,0.0,39707.22,45205.06
2010-03-30,17.7,1.1,42924.4,45372.99
2010-03-31,16.1,0.4,43242.23,45541.2
2010-04-01,16.4,0.4,43200.0,45709.62
2010-04-02,15.5,0.0,43486.86,45878.13
2010-04-03,16.4,0.0,44074.0,46046.62
2010-04-04,14.3,14.0,5720.13,46214.99
2010-04-05,13.9,6.3,44321.65,46383.15
2010-04-06,18.3,0.0,44601.38,46550.97
2010-04-07,18.0,0.0,44571.19,46718.35
2010-04-08,17.3,0.0,38240.55,46885.18
2010-04-09,17.8,0.0,41222.75,47051.35
2010-04-10,19.5,0.0,44793.44,47216.73
2010-04-11,16.3,2.4,43515.25,47381.23
2010-04-12,14.9,8.5,27619.5,47544.71
2010-04-13,16.3,0.1,39438.65,47707.06
2010-04-14,15.6,0.0,40319.67,47868.15
2010-04-15,17.3,0.0,45905.8,48027.87
2010-04-16,18.9,0.0,44621.35,48186.21
2010-04-17,18.1,0.1,46176.36,48344.31
2010-04-18,18.8,0.0,39157.94,48502.35
2010-04-19,18.9,0.3,44541.65,48660.21
2010-04-20,20.6,0.0,46875.2,48817.78
2010-04-21,18.8,0.0,47216.15,48974.95
2010-04-22,20.4,1.5,43500.37,49131.61
2010-04-23,17.5,12.2,0.0,49287.64
2010-04-24,19.4,13.0,23902.48,49442.92
2010-04-25,22.1,0.0,47955.92,49597.33
2010-04-26,21.2,0.0,46292.94,49750.74
2010-04-27,20.2,5.1,30201.45,49903.03
2010-04-28,23.0,0.2,48355.61,50054.06
2010-04-29,22.6,0.0,49287.49,50203.7
2010-04-30,21.8,0.0,49577.66,50351.81
2010-05-01,20.8,0.0,49222.19,50498.26
2010-05-02,19.7,4.3,23629.92,50642.91
2010-05-03,20.3,9.3,39124.88,50785.6
2010-05-04,21.7,2.6,24878.85,50926.2
2010-05-05,18.0,7.0,37176.74,51064.53
2010-05-06,15.9,18.2,39467.49,51200.6
2010-05-07,16.5,4.7,30233.21,51335.46
2010-05-08,17.5,6.7,32400.0,51469.23
2010-05-09,19.2,0.0,50315.47,51601.83
2010-05-10,20.8,1.5,34873.12,51733.11
2010-05-11,22.6,3.3,32568.02,51862.97
2010-05-12,20.0,4.3,35867.92,51991.26
2010-05-13,18.9,14.6,31723.63,52117.86
2010-05-14,18.7,12.5,25876.87,52242.65
2010-05-15,13.7,26.3,0.0,52365.49
2010-05-16,17.3,9.9,33745.69,52486.24
2010-05-17,19.4,1.0,49316.64,52604.77
2010-05-18,20.5,0.0,49525.88,52720.92
2010-05-19,19.4,1.4,38849.06,52834.57
2010-05-20,21.1,0.0,50107.84,52945.56
2010-05-21,21.0,0.0,50400.0,53053.75
2010-05-22,23.0,0.0,45588.58,53158.99
2010-05-23,22.6,0.0,50400.0,53261.12
2010-05-24,23.4,0.7,50400.0,53359.99
2010-05-25,24.3,0.0,46646.67,53455.46
2010-05-26,23.2,0.0,50400.0,53547.46
2010-05-27,23.4,0.0,50400.0,53636.76
2010-05-28,22.6,1.3,41186.48,53723.47
2010-05-29,25.4,0.3,29786.63,53807.5
2010-05-30,25.1,0.0,50400.0,53888.76
2010-05-31,23.0,0.7,46800.0,53967.16
2010-06-01,22.3,0.2,50400.0,54042.61
2010-06-02,20.5,4.8,41714.13,54115.03
2010-06-03,21.8,1.7,34586.4,54184.32
2010-06-04,23.0,0.0,50400.0,54250.4
2010-06-05,24.9,0.0,50400.0,54313.16
2010-06-06,26.2,0.0,50400.0,54372.53
2010-06-07,25.5,0.0,47064.76,54428.42
2010-06-08,26.0,0.0,50678.42,54480.73
2010-06-09,27.8,0.0,50400.0,54529.37
2010-06-10,31.1,0.0,50646.91,54574.28
2010-06-11,28.9,0.0,50986.97,54615.34
2010-06-12,28.2,0.0,50618.75,54652.49
2010-06-13,28.1,0.4,50606.05,54685.64
2010-06-14,27.9,0.0,50594.3,54714.7
2010-06-15,29.1,3.7,30921.01,54739.62
2010-06-16,24.4,3.0,45130.87,54760.6
2010-06-17,26.8,0.0,50919.13,54777.68
2010-06-18,25.9,0.0,51265.86,54790.87
2010-06-19,23.5,10.4,48295.83,54800.19
2010-06-20,20.6,8.6,46146.76,54805.65
2010-06-21,18.2,2.9,10636.81,54807.27
2010-06-22,23.5,0.0,44814.36,54805.07
2010-06-23,25.3,0.0,47340.64,54799.06
2010-06-24,26.4,0.0,51581.88,54789.28
2010-06-25,25.7,0.0,51222.56,54775.72
2010-06-26,26.8,2.8,45374.1,54758.45
2010-06-27,29.3,0.0,50862.33,54737.46
2010-06-28,28.4,0.0,51570.31,54712.8
2010-06-29,29.5,0.0,51569.51,54684.49
2010-06-30,29.6,0.0,51215.65,54652.58
2010-07-01,29.4,0.0,51217.03,54617.08
2010-07-02,30.9,0.2,51219.37,54578.05
2010-07-03,31.3,1.0,50869.75,54535.5
2010-07-04,32.8,0.0,51227.19,54489.48
2010-07-05,30.4,0.0,51232.61,54439.98
2010-07-06,31.1,0.0,49694.03,54386.5
2010-07-07,30.8,6.5,50093.66,54329.04
2010-07-08,28.4,0.2,50422.87,54267.72
2010-07-09,30.5,0.0,51263.03,54202.66
2010-07-10,31.6,0.0,51272.78,54133.99
2010-07-11,31.7,0.0,50585.02,54061.82
2010-07-12,31.5,0.9,50400.0,53986.28
2010-07-13,31.6,0.0,47891.07,53907.49
2010-07-14,32.9,0.0,50973.05,53825.57
2010-07-15,33.9,0.0,50987.73,53740.64
2010-07-16,35.5,0.0,51003.28,53652.83
2010-07-17,36.1,0.0,51019.69,53562.25
2010-07-18,34.6,0.0,50692.18,53469.03
2010-07-19,32.4,0.2,50400.0,53373.26
2010-07-20,32.2,0.0,50400.0,53275.09
2010-07-21,31.5,0.3,50408.47,53174.62
2010-07-22,33.2,0.0,50430.55,53071.95
2010-07-23,33.6,0.0,50453.5,52967.22
2010-07-24,30.4,0.6,47463.58,52860.52
2010-07-25,30.6,0.3,50303.31,52751.84
2010-07-26,29.6,0.0,49450.01,52640.27
2010-07-27,28.8,0.0,50193.05,52525.72
2010-07-28,29.1,0.0,50136.64,52408.34
2010-07-29,27.4,0.0,50079.49,52288.3
2010-07-30,25.9,6.1,39832.28,52165.76
2010-07-31,28.6,1.6,49546.46,52040.86
2010-08-01,28.8,0.0,49566.45,51913.74
2010-08-02,30.5,0.0,49844.69,51784.57
2010-08-03,29.6,0.0,49607.11,51653.48
2010-08-04,28.5,0.1,47647.73,51520.6
2010-08-05,26.8,1.3,47343.62,51386.08
2010-08-06,25.0,7.4,47369.65,51250.06
2010-08-07,27.3,0.0,48707.06,51112.67
2010-08-08,29.2,0.0,48730.4,50974.03
2010-08-09,30.1,0.0,44827.45,50834.26
2010-08-10,30.2,0.0,48451.66,50693.51
2010-08-11,29.9,0.2,46851.06,50551.89
2010-08-12,29.0,0.0,44623.48,50409.51
2010-08-13,30.0,0.0,47230.09,50266.51
2010-08-14,30.3,2.0,27508.46,50122.83
2010-08-15,28.1,1.3,45283.26,49977.44
2010-08-16,27.1,0.0,47632.92,49830.19
2010-08-17,26.5,0.0,46800.0,49681.22
2010-08-18,26.9,0.0,47045.67,49530.67
2010-08-19,29.8,0.0,47061.77,49378.66
2010-08-20,32.4,0.0,46999.15,49225.33
2010-08-21,32.8,0.0,46617.05,49070.8
2010-08-22,33.1,0.4,45698.72,48915.18
2010-08-23,31.9,0.0,46488.25,48758.62
2010-08-24,31.2,0.0,45300.18,48601.21
2010-08-25,31.6,0.0,46228.09,48443.09
2010-08-26,32.5,0.0,46132.03,48284.35
2010-08-27,31.4,0.0,45864.01,48125.12
2010-08-28,28.4,0.0,45083.42,47965.5
2010-08-29,28.4,0.9,45010.44,47805.6
2010-08-30,25.4,2.2,41461.82,47645.52
2010-08-31,27.8,0.0,45099.95,47485.37
2010-09-01,26.7,0.0,44521.25,47325.24
2010-09-02,27.0,0.0,44255.7,47165.25
2010-09-03,28.2,0.0,40879.76,47005.35
2010-09-04,27.9,0.0,43727.93,46844.46
2010-09-05,28.2,0.0,43466.01,46682.42
2010-09-06,26.6,1.1,41330.88,46519.35
2010-09-07,27.7,0.1,41609.7,46355.35
2010-09-08,25.1,34.3,17903.76,46190.54
2010-09-09,23.8,0.0,39758.81,46025.02
2010-09-10,25.0,1.1,37456.21,45858.9
2010-09-11,27.6,0.0,43200.0,45692.28
2010-09-12,26.9,0.0,43200.0,45525.26
2010-09-13,25.9,0.1,43200.0,45357.96
2010-09-14,26.9,0.3,41753.85,45190.47
2010-09-15,25.2,0.0,43200.0,45022.88
2010-09-16,24.6,0.0,40408.29,44855.3
2010-09-17,25.8,0.0,37268.68,44687.82
2010-09-18,25.6,0.4,30011.15,44520.55
2010-09-19,22.9,8.4,32216.6,44353.57
2010-09-20,24.4,0.0,43200.0,44186.99
2010-09-21,24.2,0.8,38486.27,44020.92
2010-09-22,25.3,0.2,39834.02,43855.42
2010-09-23,25.5,0.0,43050.65,43690.48
2010-09-24,22.3,6.4,14144.01,43524.96
2010-09-25,21.5,3.4,36451.55,43358.69
2010-09-26,20.3,0.8,42634.75,43191.77
2010-09-27,18.9,0.1,29532.75,43024.32
2010-09-28,19.8,0.1,41226.31,42856.44
2010-09-29,21.6,0.0,42130.62,42688.23
2010-09-30,21.2,0.0,39006.56,42519.8
2010-10-01,21.4,0.2,34829.65,42351.26
2010-10-02,23.3,0.0,40926.87,42182.72
2010-10-03,24.0,0.0,39500.7,42014.28
2010-10-04,24.6,0.1,30272.85,41846.05
2010-10-05,20.6,39.8,17248.25,41678.15
2010-10-06,23.5,0.0,37897.68,41510.67
2010-10-07,24.4,0.0,39237.98,41343.73
2010-10-08,22.9,1.6,37762.79,41177.44
2010-10-09,19.7,3.7,30018.7,41011.92
2010-10-10,21.1,0.0,31847.12,40847.27
2010-10-11,19.5,10.2,5258.85,40683.63
2010-10-12,23.0,0.7,33873.04,40521.09
2010-10-13,20.0,17.4,3600.0,40359.63
2010-10-14,20.4,2.2,36000.0,40198.01
2010-10-15,19.3,0.0,36576.11,40036.04
2010-10-16,18.4,2.4,36000.0,39873.85
2010-10-17,17.5,1.4,36000.0,39711.56
2010-10-18,18.0,0.0,14750.96,39549.3
2010-10-19,19.3,0.0,34612.56,39387.18
2010-10-20,18.4,0.0,33933.88,39225.36
2010-10-21,19.4,0.0,36163.31,39063.95
2010-10-22,19.0,0.0,32606.41,38903.08
2010-10-23,19.3,0.2,36000.0,38742.9
2010-10-24,18.5,1.4,35055.61,38583.55
2010-10-25,18.1,14.1,21872.01,38425.15
2010-10-26,15.9,2.1,35075.28,38267.86
2010-10-27,16.2,0.1,36000.0,38111.83
2010-10-28,16.2,0.0,36000.0,37957.2
2010-10-29,17.2,0.0,36000.0,37804.12
2010-10-30,18.0,0.0,32999.48,37652.76
2010-10-31,18.2,3.0,1601.26,37503.26
2010-11-01,18.2,42.2,181.59,37355.79
2010-11-02,18.3,5.8,32572.77,37210.35
2010-11-03,19.2,0.0,35675.11,37065.59
2010-11-04,20.8,0.0,35761.93,36921.33
2010-11-05,21.4,0.0,35691.32,36777.7
2010-11-06,20.4,0.0,35621.9,36634.88
2010-11-07,17.4,2.6,33551.22,36493.0
2010-11-08,14.7,11.1,6165.9,36352.22
2010-11-09,15.8,22.0,13861.38,36212.71
2010-11-10,17.2,20.0,32109.2,36074.61
2010-11-11,15.2,8.4,25796.75,35938.11
2010-11-12,15.8,0.0,28463.29,35803.37
2010-11-13,17.8,0.0,32646.83,35670.56
2010-11-14,18.4,0.0,31654.92,35539.86
2010-11-15,18.0,0.0,28556.72,35411.44
2010-11-16,15.1,14.6,1047.93,35285.5
2010-11-17,14.6,0.7,33357.27,35162.21
2010-11-18,13.8,14.2,11105.01,35041.76
2010-11-19,15.0,3.2,29682.42,34924.35
2010-11-20,14.5,3.2,11013.3,34810.17
2010-11-21,15.7,20.4,11926.56,34699.42
2010-11-22,14.4,28.6,18074.02,34592.13
2010-11-23,12.4,7.7,30541.0,34487.15
2010-11-24,11.7,1.1,31679.37,34384.3
2010-11-25,10.8,1.1,29095.69,34283.7
2010-11-26,12.0,12.2,21021.69,34185.5
2010-11-27,11.8,0.0,30072.33,34089.83
2010-11-28,16.1,26.8,4940.5,33996.82
2010-11-29,12.6,3.0,26983.25,33906.62
2010-11-30,14.0,14.0,0.0,33819.36
2010-12-01,16.9,18.3,16576.07,33735.2
2010-12-02,13.0,10.1,26103.38,33654.27
2010-12-03,11.0,10.4,29170.69,33576.7
2010-12-04,8.4,2.1,29524.33,33502.66
2010-12-05,9.1,0.0,28780.1,33432.27
2010-12-06,13.7,1.9,10800.0,33365.69
2010-12-07,16.6,0.0,29261.26,33303.07
2010-12-08,17.6,1.2,15909.18,33244.54
2010-12-09,16.5,0.0,28948.49,33190.24
2010-12-10,10.6,0.0,30625.83,33140.33
2010-12-11,9.2,0.0,29545.75,33094.95
2010-12-12,10.4,0.5,8504.84,33054.15
2010-12-13,10.4,0.0,30008.6,33017.45
2010-12-14,7.0,0.0,30005.35,32984.72
2010-12-15,5.5,0.0,30372.0,32955.99
2010-12-16,4.2,0.0,30013.72,32931.28
2010-12-17,5.6,14.9,11758.68,32910.6
2010-12-18,8.3,15.4,26004.67,32893.97
2010-12-19,9.5,0.3,21677.45,32881.4
2010-12-20,14.6,3.0,27890.83,32872.91
2010-12-21,14.4,0.0,24171.11,32868.49
2010-12-22,13.6,3.3,0.0,32868.17
2010-12-23,17.1,9.4,29643.69,32871.93
2010-12-24,12.4,22.9,16572.67,32879.79
2010-12-25,10.2,3.2,13417.7,32891.75
2010-12-26,9.4,1.3,22689.98,32907.8
2010-12-27,7.2,0.0,25592.55,32927.94
2010-12-28,8.1,0.0,30932.16,32952.17
2010-12-29,8.4,0.0,31282.1,32980.47
2010-12-30,10.3,0.0,30884.96,33012.84
2010-12-31,9.2,0.0,0.0,33049.27
2011-01-01,12.2,0.0,28971.82,33089.8
2011-01-02,11.5,0.0,30433.62,33134.88
2011-01-03,11.2,0.0,29566.9,33184.51
2011-01-04,7.3,0.6,1340.67,33238.56
2011-01-05,9.6,0.2,19027.51,33296.87
2011-01-06,11.9,0.0,25279.96,33359.32
2011-01-07,14.0,0.0,20747.83,33425.76
2011-01-08,14.2,0.0,30721.68,33496.05
2011-01-09,15.5,0.0,31894.01,33570.06
2011-01-10,15.4,1.4,26830.39,33647.65
2011-01-11,12.2,6.6,21158.81,33728.67
2011-01-12,13.3,0.9,32092.75,33812.99
2011-01-13,12.1,0.0,32161.13,33900.47
2011-01-14,12.6,0.0,32230.35,33990.98
2011-01-15,12.5,0.0,19304.22,34084.37
2011-01-16,14.7,0.0,32370.77,34180.52
2011-01-17,13.7,0.0,29840.43,34279.29
2011-01-18,12.2,0.0,32400.0,34380.54
2011-01-19,11.5,0.1,31593.63,34484.15
2011-01-20,10.9,12.1,7640.21,34589.99
2011-01-21,9.1,6.9,27279.78,34698.1
2011-01-22,4.5,12.8,0.0,34809.61
2011-01-23,7.9,0.3,29836.23,34924.65
2011-01-24,8.3,0.0,32688.56,35043.01
2011-01-25,8.7,0.0,32662.02,35164.49
2011-01-26,9.1,1.9,31354.71,35288.89
2011-01-27,12.0,0.2,32605.71,35416.03
2011-01-28,11.9,0.7,21568.45,35545.72
2011-01-29,12.8,0.3,29349.08,35677.77
2011-01-30,11.6,8.8,24786.99,35811.99
2011-01-31,12.4,0.0,32822.67,35948.23
2011-02-01,12.9,0.0,24512.92,36086.28
2011-02-02,12.9,0.0,32414.13,36225.99
2011-02-03,12.4,0.0,33740.47,36367.19
2011-02-04,13.8,0.0,33694.45,36509.71
2011-02-05,14.1,0.0,33991.52,36653.38
2011-02-06,15.7,0.0,34504.12,36798.07
2011-02-07,17.2,0.0,35087.91,36943.59
2011-02-08,15.1,0.0,35279.14,37089.81
2011-02-09,14.7,0.0,35639.97,37236.58
2011-02-10,13.3,0.0,35670.25,37383.92
2011-02-11,11.3,0.0,33108.68,37533.2
2011-02-12,11.8,0.0,25747.97,37684.6
2011-02-13,11.8,0.0,31327.14,37837.96
2011-02-14,13.1,0.0,35810.37,37993.1
2011-02-15,12.6,0.0,36502.63,38149.87
2011-02-16,11.3,29.6,556.87,38308.11
2011-02-17,13.2,4.2,29614.56,38467.65
2011-02-18,15.7,0.3,30732.18,38628.36
2011-02-19,14.5,0.0,38245.36,38790.08
2011-02-20,13.1,6.0,19917.94,38952.66
2011-02-21,12.3,6.9,36603.36,39115.97
2011-02-22,11.5,0.1,35953.63,39279.85
2011-02-23,10.7,0.2,38859.11,39444.18
2011-02-24,7.9,0.0,38933.33,39608.81
2011-02-25,9.1,0.0,39007.15,39773.61
2011-02-26,9.9,0.0,39080.56,39938.44
2011-02-27,10.2,3.8,10061.52,40103.18
2011-02-28,11.2,1.1,33430.36,40267.71
2011-03-01,10.7,10.1,7065.95,40431.88
2011-03-02,11.1,6.3,24858.58,40595.74
2011-03-03,12.1,2.0,36836.1,40760.58
2011-03-04,13.0,1.1,25298.81,40926.6
2011-03-05,9.9,17.3,0.0,41093.67
2011-03-06,13.0,0.0,38330.13,41261.66
2011-03-07,11.0,0.0,39600.0,41430.47
2011-03-08,8.5,0.0,39600.0,41599.97
2011-03-09,9.8,0.0,38574.47,41770.04
2011-03-10,11.1,0.0,39795.56,41940.57
2011-03-11,12.1,0.0,39743.95,42111.44
2011-03-12,13.0,0.0,36675.36,42282.53
2011-03-13,11.6,11.6,705.84,42453.74
2011-03-14,16.5,1.8,33490.7,42624.96
2011-03-15,18.7,1.1,37368.95,42796.06
2011-03-16,14.3,74.1,0.0,42966.93
2011-03-17,13.4,15.9,15533.37,43137.46
2011-03-18,16.9,0.4,39600.0,43307.55
2011-03-19,17.2,0.0,32324.23,43477.07
2011-03-20,14.8,0.0,40513.94,43645.93
2011-03-21,13.3,0.0,42194.36,43813.99
2011-03-22,15.4,0.0,42264.28,43981.3
2011-03-23,14.9,0.0,42213.8,44149.05
2011-03-24,17.1,0.0,42496.55,44317.42
2011-03-25,16.0,0.0,42598.46,44486.32
2011-03-26,15.4,0.0,40853.51,44655.64
2011-03-27,16.4,0.0,39288.72,44825.28
2011-03-28,15.9,16.5,18983.95,44995.14
2011-03-29,17.0,0.9,40057.45,45165.11
2011-03-30,16.3,2.2,43179.22,45335.08
2011-03-31,19.2,0.0,43558.45,45504.96
2011-04-01,20.6,0.0,43835.26,45674.62
2011-04-02,22.4,0.0,43803.4,45843.98
2011-04-03,21.5,0.0,44081.17,46012.91
2011-04-04,20.0,0.0,44049.87,46181.31
2011-04-05,19.4,0.8,44328.75,46349.07
2011-04-06,21.1,0.0,44608.39,46516.07
2011-04-07,22.7,0.0,44578.18,46682.2
2011-04-08,22.8,0.0,44859.2,46847.34
2011-04-09,21.0,0.0,45141.1,47011.37
2011-04-10,21.4,2.1,44488.64,47174.17
2011-04-11,22.5,0.0,45395.56,47335.78
2011-04-12,20.9,0.0,45367.34,47497.3
2011-04-13,18.3,3.7,38607.29,47658.94
2011-04-14,15.3,4.5,30931.81,47820.58
2011-04-15,14.4,1.9,18259.18,47982.12
2011-04-16,17.9,0.1,46004.41,48143.44
2011-04-17,18.1,0.0,45333.73,48304.44
2011-04-18,19.3,0.0,46511.63,48465.01
2011-04-19,18.9,0.0,46533.0,48625.03
2011-04-20,19.7,0.0,46871.67,48784.39
2011-04-21,20.0,0.0,47211.85,48942.96
2011-04-22,20.6,0.4,37311.19,49100.61
2011-04-23,19.2,0.5,27217.09,49257.24
2011-04-24,21.2,0.2,46529.93,49412.71
2011-04-25,21.2,9.7,25938.38,49566.89
2011-04-26,17.3,0.2,11122.92,49719.64
2011-04-27,20.9,6.4,36415.85,49870.85
2011-04-28,19.7,0.2,47387.8,50020.35
2011-04-29,19.3,1.7,48327.99,50168.01
2011-04-30,15.3,4.8,2690.77,50313.7
2011-05-01,20.8,1.2,47936.53,50457.4
2011-05-02,18.9,0.8,27142.96,50600.18
2011-05-03,20.6,1.1,46574.28,50742.22
2011-05-04,21.3,3.2,48351.91,50883.38
2011-05-05,20.8,0.0,50010.02,51023.56
2011-05-06,19.8,0.0,50083.53,51162.62
2011-05-07,21.0,0.0,50155.91,51300.46
2011-05-08,21.4,0.0,50227.1,51436.92
2011-05-09,19.9,0.0,50297.05,51571.89
2011-05-10,23.5,0.0,50365.67,51705.24
2011-05-11,25.1,0.0,50400.0,51836.81
2011-05-12,26.7,0.0,50400.0,51966.49
2011-05-13,24.9,0.0,50400.0,52094.12
2011-05-14,24.4,0.0,50400.0,52219.55
2011-05-15,22.3,2.5,39026.03,52342.65
2011-05-16,19.8,6.5,43200.0,52463.27
2011-05-17,21.6,0.0,50326.64,52581.24
2011-05-18,22.3,0.0,48873.17,52696.43
2011-05-19,23.6,0.0,50400.0,52808.65
2011-05-20,24.8,0.4,50400.0,52917.77
2011-05-21,26.5,1.7,48960.43,53023.74
2011-05-22,26.7,0.0,49203.68,53127.4
2011-05-23,26.2,0.3,49209.42,53228.91
2011-05-24,27.4,0.1,39600.0,53328.15
2011-05-25,26.9,0.0,50400.0,53425.02
2011-05-26,28.2,0.0,46848.68,53519.4
2011-05-27,26.6,0.0,50400.0,53611.2
2011-05-28,24.6,0.2,45715.8,53700.31
2011-05-29,27.6,0.0,50400.0,53786.62
2011-05-30,26.7,0.0,50400.0,53870.01
2011-05-31,25.3,0.0,50400.0,53950.39
2011-06-01,24.1,5.9,48749.94,54027.63
2011-06-02,25.0,0.0,49355.18,54101.64
2011-06-03,27.2,1.5,50400.0,54172.28
2011-06-04,27.8,1.9,50400.0,54239.47
2011-06-05,25.6,12.5,43234.94,54303.08
2011-06-06,26.4,4.1,48332.83,54363.01
2011-06-07,26.1,17.1,41235.2,54419.14
2011-06-08,22.6,4.1,48139.17,54471.36
2011-06-09,22.8,2.4,48545.28,54519.56
2011-06-10,24.6,0.0,49158.79,54563.71
2011-06-11,24.0,0.1,41058.03,54604.13
2011-06-12,25.9,0.0,50624.65,54640.91
2011-06-13,25.0,0.0,44653.31,54674.02
2011-06-14,25.8,0.0,48670.88,54703.46
2011-06-15,26.4,0.1,50942.59,54729.19
2011-06-16,26.7,0.5,50931.52,54751.2
2011-06-17,26.9,0.0,47620.3,54769.49
2011-06-18,27.8,0.0,51266.99,54784.03
2011-06-19,27.2,0.3,41480.17,54794.82
2011-06-20,28.3,0.0,51605.51,54801.85
2011-06-21,29.1,0.0,51242.41,54805.11
2011-06-22,29.7,0.0,51591.35,54804.6
2011-06-23,30.1,0.0,51585.51,54800.32
2011-06-24,28.4,0.0,51225.11,54792.26
2011-06-25,31.9,0.0,51576.34,54780.42
2011-06-26,30.0,0.0,51573.12,54764.81
2011-06-27,30.7,0.0,51570.85,54745.44
2011-06-28,32.6,0.0,51214.88,54722.31
2011-06-29,30.7,0.6,51214.86,54695.42
2011-06-30,28.1,0.2,50861.68,54664.74
2011-07-01,26.9,3.4,50400.0,54629.97
2011-07-02,26.3,1.6,47771.01,54591.1
2011-07-03,26.4,0.1,50885.0,54548.23
2011-07-04,28.3,0.0,42176.5,54501.48
2011-07-05,24.0,13.8,28631.86,54450.91
2011-07-06,27.7,0.0,50886.68,54396.66
2011-07-07,28.8,0.0,51596.62,54338.81
2011-07-08,29.7,0.0,51252.75,54277.46
2011-07-09,31.0,0.0,51261.18,54212.71
2011-07-10,30.9,0.0,51270.42,54144.68
2011-07-11,31.7,0.0,51280.51,54073.46
2011-07-12,34.2,0.0,51291.51,53999.15
2011-07-13,35.2,0.0,51303.38,53921.85
2011-07-14,28.8,0.0,50968.62,53841.69
2011-07-15,27.3,0.0,50291.7,53758.73
2011-07-16,27.7,0.0,50998.07,53673.09
2011-07-17,29.7,0.0,50668.53,53584.88
2011-07-18,28.8,0.0,50686.17,53494.19
2011-07-19,27.9,4.4,44021.52,53401.11
2011-07-20,24.3,12.0,49955.02,53305.64
2011-07-21,24.7,0.0,50401.97,53206.94
2011-07-22,25.2,0.0,47014.06,53104.95
2011-07-23,24.9,4.0,47380.09,52999.82
2011-07-24,24.3,0.6,49068.75,52891.71
2011-07-25,24.4,0.3,49142.84,52780.78
2011-07-26,25.3,0.0,50117.65,52667.17
2011-07-27,23.9,12.9,18108.11,52551.03
2011-07-28,24.9,2.1,43292.14,52432.51
2011-07-29,26.5,0.3,49502.61,52311.76
2011-07-30,26.5,0.0,50033.53,52188.92
2011-07-31,24.7,0.0,47709.95,52064.12
2011-08-01,26.4,0.0,49230.37,51937.51
2011-08-02,29.8,0.0,48919.86,51809.21
2011-08-03,31.2,0.0,49603.52,51679.37
2011-08-04,29.4,0.1,47313.06,51548.1
2011-08-05,29.9,0.2,48985.89,51415.54
2011-08-06,29.8,0.0,48679.39,51281.81
2011-08-07,29.0,0.0,48374.29,51147.03
2011-08-08,29.7,0.0,48397.92,51011.33
2011-08-09,29.8,0.0,47115.21,50874.67
2011-08-10,31.0,0.0,48445.27,50736.02
2011-08-11,28.0,0.0,48469.17,50595.25
2011-08-12,30.0,0.0,48168.76,50452.5
2011-08-13,29.3,0.0,47869.89,50307.92
2011-08-14,29.8,0.0,47572.57,50161.65
2011-08-15,29.8,0.0,47599.14,50013.82
2011-08-16,32.1,0.0,47304.11,49864.56
2011-08-17,32.1,0.0,47331.6,49714.02
2011-08-18,32.4,0.0,47038.73,49562.31
2011-08-19,33.1,0.0,47067.08,49409.56
2011-08-20,34.7,0.0,47008.77,49255.89
2011-08-21,35.6,0.0,46945.67,49101.42
2011-08-22,35.4,0.0,46563.96,48946.27
2011-08-23,35.6,0.0,46500.26,48790.55
2011-08-24,36.1,0.0,46436.02,48634.38
2011-08-25,35.9,0.0,46249.53,48477.87
2011-08-26,35.6,0.0,46155.38,48321.12
2011-08-27,30.6,0.7,45224.56,48164.24
2011-08-28,30.5,0.0,45580.59,48007.35
2011-08-29,28.4,0.0,44996.54,47850.39
2011-08-30,29.3,0.0,45040.54,47692.3
2011-08-31,29.8,0.0,44772.93,47532.91
2011-09-01,30.2,0.0,44194.79,47372.36
2011-09-02,31.9,0.0,43618.84,47210.76
2011-09-03,32.7,0.1,40974.5,47048.21
2011-09-04,29.3,2.0,36577.07,46884.81
2011-09-05,26.6,2.0,43200.0,46720.71
2011-09-06,30.3,0.0,43505.51,46555.98
2011-09-07,29.3,0.0,43246.05,46390.75
2011-09-08,28.9,0.0,40865.08,46225.1
2011-09-09,27.9,0.0,43200.0,46059.15
2011-09-10,30.5,0.0,43200.0,45892.99
2011-09-11,30.5,0.0,43200.0,45726.73
2011-09-12,28.8,0.0,42267.03,45560.46
2011-09-13,30.7,0.0,43200.0,45394.28
2011-09-14,30.4,0.0,43200.0,45228.29
2011-09-15,32.1,0.0,43200.0,45062.58
2011-09-16,32.7,0.0,43200.0,44897.26
2011-09-17,31.3,0.0,43200.0,44732.41
2011-09-18,28.5,0.0,43200.0,44567.99
2011-09-19,22.5,19.3,38506.41,44402.9
2011-09-20,22.8,0.0,43200.0,44236.97
2011-09-21,28.1,0.0,43192.03,44070.3
2011-09-22,26.6,0.0,42635.48,43903.0
2011-09-23,25.6,0.4,43066.94,43735.17
2011-09-24,24.9,0.1,42236.4,43566.93
2011-09-25,25.5,0.7,42840.94,43398.37
2011-09-26,26.3,0.0,41300.45,43229.6
2011-09-27,28.1,0.3,38721.47,43060.71
2011-09-28,28.2,0.0,40587.6,42891.83
2011-09-29,28.6,0.0,42165.33,42723.03
2011-09-30,27.1,0.0,41996.65,42554.45
2011-10-01,27.0,0.0,41828.26,42386.17
2011-10-02,27.5,0.0,41660.27,42218.3
2011-10-03,27.4,0.0,41492.79,42050.95
2011-10-04,28.1,0.0,41224.1,41884.22
2011-10-05,27.0,0.0,40589.1,41718.23
2011-10-06,25.3,0.0,39124.53,41553.07
2011-10-07,22.3,10.2,31725.38,41388.87
2011-10-08,21.0,0.2,38672.7,41225.57
2011-10-09,18.1,0.0,39391.06,41061.98
2011-10-10,20.4,0.0,38539.57,40897.91
2011-10-11,26.9,0.0,38314.23,40733.48
2011-10-12,25.5,0.0,37773.9,40568.81
2011-10-13,24.0,0.0,34534.56,40404.01
2011-10-14,23.2,0.0,36846.14,40239.21
2011-10-15,20.5,0.0,37407.68,40074.53
2011-10-16,20.7,0.0,36604.47,39910.1
2011-10-17,17.5,0.0,35229.18,39746.03
2011-10-18,20.2,0.0,36361.61,39582.45
2011-10-19,20.3,1.9,32664.49,39419.5
2011-10-20,18.2,37.8,12517.11,39257.3
2011-10-21,18.2,0.0,36000.0,39095.98
2011-10-22,17.2,2.3,36000.0,38935.69
2011-10-23,18.2,0.0,35340.18,38776.56
2011-10-24,19.3,0.5,36000.0,38618.73
2011-10-25,21.0,0.0,26968.85,38462.34
2011-10-26,17.5,32.1,223.65,38307.54
2011-10-27,18.7,0.0,25342.86,38154.49
2011-10-28,20.9,0.0,32761.63,38003.14
2011-10-29,21.1,0.0,29918.57,37852.2
2011-10-30,20.2,0.0,32869.01,37701.47
2011-10-31,20.1,0.0,35920.23,37551.09
2011-11-01,20.0,0.0,34947.3,37401.19
2011-11-02,19.9,0.0,35929.3,37251.94
2011-11-03,19.4,0.0,35854.15,37103.48
2011-11-04,20.2,0.0,33555.86,36955.95
2011-11-05,18.6,4.0,18020.53,36809.54
2011-11-06,16.9,48.6,1113.85,36664.38
2011-11-07,17.8,1.9,29069.67,36520.64
2011-11-08,17.9,2.0,29725.1,36378.49
2011-11-09,20.6,0.0,35431.83,36238.1
2011-11-10,18.9,0.0,35367.1,36099.63
2011-11-11,18.4,0.0,35304.26,35963.27
2011-11-12,17.7,0.0,35237.18,35829.2
2011-11-13,15.6,0.0,35055.27,35697.6
2011-11-14,15.1,0.0,34974.2,35568.65
2011-11-15,14.9,0.0,34846.93,35442.54
2011-11-16,15.9,0.0,34722.72,35319.48
2011-11-17,15.6,0.0,34601.56,35199.49
2011-11-18,15.2,0.0,34482.22,35081.3
2011-11-19,15.3,0.0,31885.32,34964.74
2011-11-20,15.6,0.0,34125.9,34849.95
2011-11-21,17.3,0.0,32314.13,34737.08
2011-11-22,16.4,6.3,13635.22,34626.29
2011-11-23,16.9,0.9,28075.25,34517.71
2011-11-24,17.5,0.0,32883.07,34411.51
2011-11-25,16.2,0.0,31725.84,34307.83
2011-11-26,15.9,0.0,32507.49,34206.84
2011-11-27,15.5,0.0,32570.83,34108.7
2011-11-28,15.3,0.0,32632.32,34013.57
2011-11-29,15.6,0.0,31607.0,33921.61
2011-11-30,15.0,0.0,31662.26,33832.99
2011-12-01,15.6,0.0,30626.56,33747.87
2011-12-02,15.0,1.1,14378.94,33666.42
2011-12-03,15.0,2.4,18102.95,33588.82
2011-12-04,14.9,6.3,10552.82,33515.22
2011-12-05,15.9,5.8,17261.9,33445.8
2011-12-06,14.5,0.1,27727.95,33380.73
2011-12-07,14.1,2.2,28954.84,33320.07
2011-12-08,16.2,0.0,29817.37,33263.1
2011-12-09,14.7,1.1,20298.35,33209.68
2011-12-10,15.3,2.0,2579.26,33159.89
2011-12-11,15.4,1.2,19157.66,33113.77
2011-12-12,13.9,13.7,6796.7,33071.38
2011-12-13,13.7,6.1,29636.6,33032.78
2011-12-14,14.9,2.2,8373.15,32998.02
2011-12-15,15.4,8.4,23290.13,32967.16
2011-12-16,14.7,6.0,26254.49,32940.24
2011-12-17,14.2,4.9,24777.9,32917.32
2011-12-18,8.9,4.3,19780.17,32898.45
2011-12-19,8.0,0.5,29221.37,32883.67
2011-12-20,7.8,0.0,28800.0,32873.02
2011-12-21,9.9,0.0,30315.86,32866.55
2011-12-22,10.0,0.0,30302.27,32864.3
2011-12-23,12.0,0.0,30287.47,32866.3
2011-12-24,11.9,7.4,14400.0,32872.61
2011-12-25,12.3,2.4,30627.78,32883.23
2011-12-26,11.5,0.0,30609.5,32898.21
2011-12-27,11.6,0.0,30963.27,32917.6
2011-12-28,11.6,0.0,30941.97,32941.61
2011-12-29,10.7,0.0,22551.0,32970.2
2011-12-30,10.6,0.3,28800.0,33003.26
2011-12-31,10.5,0.0,29750.45,33040.71
2012-01-01,11.8,0.0,30468.43,33082.42
2012-01-02,12.7,2.1,22800.25,33128.3
2012-01-03,15.0,8.0,22021.05,33178.24
2012-01-04,13.0,0.5,18053.01,33232.14
2012-01-05,12.7,0.0,28051.62,33289.88
2012-01-06,11.2,2.4,31700.09,33351.36
2012-01-07,11.8,0.0,31760.67,33416.48
2012-01-08,12.2,0.0,31352.62,33485.11
2012-01-09,12.1,0.0,31885.5,33557.14
2012-01-10,11.5,0.0,31276.79,33632.48
2012-01-11,12.0,0.0,32014.32,33711.0
2012-01-12,12.1,0.0,32079.89,33792.6
2012-01-13,11.8,0.0,8524.86,33877.18
2012-01-14,12.1,0.0,31482.55,33964.61
2012-01-15,9.9,0.0,32279.67,34054.8
2012-01-16,9.3,0.0,32347.16,34147.77
2012-01-17,7.8,0.0,32400.0,34244.55
2012-01-18,9.4,0.0,32400.0,34345.21
2012-01-19,10.0,0.0,24149.87,34449.56
2012-01-20,13.4,2.9,20249.93,34557.39
2012-01-21,13.0,0.0,32400.0,34668.53
2012-01-22,12.8,0.0,23616.56,34782.77
2012-01-23,13.4,0.0,28689.7,34899.94
2012-01-24,12.7,1.0,25511.43,35019.85
2012-01-25,9.5,0.0,32665.58,35142.31
2012-01-26,9.3,0.0,32638.21,35267.15
2012-01-27,10.2,0.0,32609.93,35394.2
2012-01-28,10.8,0.0,31345.78,35523.28
2012-01-29,11.2,0.0,13732.29,35654.22
2012-01-30,12.8,0.0,32862.33,35786.86
2012-01-31,9.4,0.5,19547.97,35921.02
2012-02-01,8.3,23.0,27624.82,36056.57
2012-02-02,8.2,3.8,17966.11,36193.33
2012-02-03,3.2,25.4,0.0,36331.15
2012-02-04,1.9,17.9,22975.28,36469.89
2012-02-05,2.9,1.3,32400.0,36609.57
2012-02-06,3.6,0.0,33628.47,36751.54
2012-02-07,3.9,0.0,32952.61,36895.98
2012-02-08,6.3,0.1,33212.04,37042.69
2012-02-09,8.1,0.0,34292.64,37191.51
2012-02-10,4.6,10.1,507.6,37342.25
2012-02-11,4.4,8.7,28263.49,37494.75
2012-02-12,3.7,0.4,35090.18,37648.84
2012-02-13,4.8,0.0,36096.37,37804.35
2012-02-14,5.5,0.0,36788.36,37961.13
2012-02-15,7.6,0.0,35072.01,38119.02
2012-02-16,12.0,0.0,37190.04,38277.86
2012-02-17,11.5,0.0,36828.67,38437.51
2012-02-18,12.3,0.0,36475.12,38597.8
2012-02-19,11.6,1.5,28824.64,38758.61
2012-02-20,12.0,3.2,33673.32,38919.79
2012-02-21,14.3,0.0,38538.46,39081.18
2012-02-22,15.5,0.0,37607.1,39242.67
2012-02-23,15.1,0.0,38842.1,39404.11
2012-02-24,15.6,0.0,38915.64,39565.36
2012-02-25,15.9,0.0,38988.7,39726.47
2012-02-26,14.4,0.2,27178.16,39888.75
2012-02-27,12.2,0.0,39134.18,40052.4
2012-02-28,13.0,0.0,39206.61,40217.29
2012-02-29,15.7,0.0,39278.79,40383.29
2012-03-01,19.8,0.0,39350.74,40550.27
2012-03-02,18.2,0.0,39422.43,40718.09
2012-03-03,16.8,0.0,39493.88,40886.64
2012-03-04,14.6,0.0,39558.25,41055.79
2012-03-05,14.8,3.4,36669.29,41225.42
2012-03-06,12.0,0.9,39410.74,41395.4
2012-03-07,14.1,0.0,39600.0,41565.63
2012-03-08,15.2,0.0,39600.0,41735.98
2012-03-09,16.9,0.0,39600.0,41906.33
2012-03-10,17.7,0.0,39753.02,42076.58
2012-03-11,17.0,0.0,40011.62,42246.58
2012-03-12,16.3,0.0,39960.27,42416.26
2012-03-13,18.0,0.0,40218.53,42585.47
2012-03-14,16.7,0.0,40476.7,42754.1
2012-03-15,19.0,0.0,40734.87,42922.06
2012-03-16,18.7,0.0,41302.07,43089.36
2012-03-17,16.9,0.0,39706.71,43257.21
2012-03-18,17.3,0.0,37290.89,43425.82
2012-03-19,17.1,0.0,39897.2,43595.08
2012-03-20,19.0,0.0,40170.5,43764.88
2012-03-21,20.5,0.0,39723.43,43935.12
2012-03-22,20.6,0.0,42368.8,44105.69
2012-03-23,20.0,0.0,39600.0,44276.48
2012-03-24,20.6,0.0,41506.4,44447.39
2012-03-25,20.5,1.5,35480.42,44618.31
2012-03-26,22.0,0.0,42973.18,44789.15
2012-03-27,19.7,0.0,43044.26,44959.78
2012-03-28,21.4,0.0,43115.22,45130.12
2012-03-29,20.4,0.0,43494.51,45300.03
2012-03-30,18.6,0.0,43565.13,45469.43
2012-03-31,19.0,0.0,43843.68,45638.19
2012-04-01,18.9,0.0,43502.66,45806.2
2012-04-02,20.0,1.5,43200.0,45973.36
2012-04-03,20.3,3.0,43438.94,46139.55
2012-04-04,20.4,0.0,43407.25,46304.64
2012-04-05,17.9,15.8,25078.24,46468.67
2012-04-06,17.9,0.7,43965.29,46632.77
2012-04-07,15.5,7.2,15091.8,46797.15
2012-04-08,15.7,4.0,34424.02,46961.69
2012-04-09,14.9,0.0,44496.44,47126.29
2012-04-10,16.0,0.0,40577.92,47290.84
2012-04-11,14.9,10.7,28902.55,47455.23
2012-04-12,16.6,0.0,39642.27,47619.36
2012-04-13,13.0,20.3,1480.09,47783.12
2012-04-14,12.4,17.2,9997.56,47946.39
2012-04-15,15.5,1.9,43352.83,48109.06
2012-04-16,16.2,1.6,40480.7,48271.01
2012-04-17,17.5,0.2,42519.83,48432.12
2012-04-18,15.9,4.5,39700.94,48592.28
2012-04-19,15.1,6.9,39005.75,48751.35
2012-04-20,14.7,11.3,38533.18,48909.21
2012-04-21,16.5,1.8,46908.05,49065.74
2012-04-22,18.0,5.0,42866.07,49220.79
2012-04-23,16.6,2.9,39714.45,49374.23
2012-04-24,17.0,1.4,41070.74,49525.93
2012-04-25,17.5,0.0,47966.96,49675.89
2012-04-26,19.7,0.0,48315.92,49825.21
2012-04-27,22.6,0.0,48988.26,49974.06
2012-04-28,24.6,0.0,49305.94,50122.31
2012-04-29,21.6,0.3,18587.24,50269.86
2012-04-30,22.2,2.6,46402.91,50416.58
2012-05-01,23.0,2.0,41127.54,50562.36
2012-05-02,20.9,0.0,40066.26,50707.06
2012-05-03,20.5,0.0,49917.04,50850.56
2012-05-04,19.7,0.0,49993.2,50992.73
2012-05-05,19.1,0.5,49416.02,51133.44
2012-05-06,18.1,12.4,4329.16,51272.54
2012-05-07,18.6,9.4,37527.18,51409.9
2012-05-08,21.6,0.0,45723.93,51545.37
2012-05-09,22.9,0.0,49639.75,51678.83
2012-05-10,24.6,0.0,50400.0,51810.1
2012-05-11,25.9,0.0,50400.0,51939.04
2012-05-12,26.4,0.0,50400.0,52065.51
2012-05-13,23.1,0.0,48643.21,52189.33
2012-05-14,18.5,11.1,47062.87,52310.36
2012-05-15,19.7,0.0,50400.0,52428.56
2012-05-16,19.5,0.3,49127.53,52544.86
2012-05-17,20.6,0.0,50400.0,52659.42
2012-05-18,20.3,0.2,47153.81,52772.12
2012-05-19,22.1,0.0,50400.0,52882.84
2012-05-20,22.5,0.2,18795.82,52991.47
2012-05-21,19.1,10.8,32621.18,53097.89
2012-05-22,16.8,19.0,23232.36,53201.97
2012-05-23,21.3,0.1,50400.0,53303.61
2012-05-24,26.3,0.0,50400.0,53402.67
2012-05-25,25.8,0.0,50400.0,53499.03
2012-05-26,22.6,2.7,45654.6,53592.57
2012-05-27,24.1,0.0,50400.0,53683.16
2012-05-28,18.4,2.9,26300.36,53770.67
2012-05-29,22.1,0.2,47450.08,53854.97
2012-05-30,24.8,0.7,50400.0,53935.94
2012-05-31,24.5,0.5,50400.0,54013.43
2012-06-01,23.6,0.0,44702.07,54087.34
2012-06-02,24.8,0.0,48467.44,54157.51
2012-06-03,25.8,0.0,50400.0,54223.83
2012-06-04,22.6,7.2,23404.12,54286.23
2012-06-05,24.6,0.0,50400.0,54345.24
2012-06-06,23.3,0.0,50400.0,54400.93
2012-06-07,25.1,0.0,50690.17,54453.25
2012-06-08,28.3,0.0,50673.93,54502.17
2012-06-09,26.3,0.0,49529.42,54547.64
2012-06-10,24.2,0.0,41718.11,54589.6
2012-06-11,24.0,1.5,42871.84,54628.01
2012-06-12,24.1,0.5,49092.02,54662.83
2012-06-13,22.8,0.0,50956.6,54694.02
2012-06-14,25.1,0.0,51299.58,54721.54
2012-06-15,27.9,0.0,51288.17,54745.34
2012-06-16,30.8,0.0,51277.53,54765.4
2012-06-17,32.5,0.0,51267.61,54781.67
2012-06-18,33.3,0.0,51614.23,54794.13
2012-06-19,32.6,0.0,50814.58,54802.74
2012-06-20,34.0,0.0,51243.12,54807.46
2012-06-21,31.1,0.0,51236.81,54808.28
2012-06-22,33.1,0.0,51587.0,54805.16
2012-06-23,33.7,0.0,51937.98,54798.09
2012-06-24,33.1,0.0,51934.38,54787.02
2012-06-25,30.2,0.0,51576.19,54771.8
2012-06-26,31.7,0.0,50864.14,54752.48
2012-06-27,30.8,0.4,50863.17,54729.09
2012-06-28,31.9,0.0,51217.45,54701.74
2012-06-29,32.0,0.0,51571.99,54670.49
2012-06-30,33.7,0.0,51572.82,54635.4
2012-07-01,35.3,0.0,51574.42,54596.55
2012-07-02,33.9,0.0,51576.8,54554.03
2012-07-03,30.3,0.0,51579.97,54507.91
2012-07-04,29.6,0.0,50526.94,54458.26
2012-07-05,30.3,0.0,51236.94,54405.16
2012-07-06,29.7,0.0,51243.16,54348.71
2012-07-07,31.5,0.0,51601.22,54288.97
2012-07-08,32.9,0.0,51608.69,54226.03
2012-07-09,32.2,0.0,51617.09,54159.96
2012-07-10,32.7,0.0,51276.96,54090.86
2012-07-11,31.6,0.0,51287.79,54018.8
2012-07-12,30.7,0.7,51299.51,53943.87
2012-07-13,29.6,0.0,50964.56,53866.14
2012-07-14,31.7,0.0,50978.88,53785.61
2012-07-15,30.7,0.0,50994.2,53701.54
2012-07-16,32.4,0.0,51010.49,53613.9
2012-07-17,31.5,0.0,51027.69,53522.83
2012-07-18,32.5,0.0,51045.85,53428.47
2012-07-19,33.6,0.0,51064.88,53330.98
2012-07-20,32.0,0.0,50741.69,53230.51
2012-07-21,30.8,0.0,50420.81,53127.19
2012-07-22,28.6,0.0,50400.0,53021.17
2012-07-23,27.2,14.3,19947.52,52912.58
2012-07-24,23.4,1.8,9414.54,52801.58
2012-07-25,27.6,0.9,50113.93,52688.29
2012-07-26,30.3,0.0,50218.48,52572.85
2012-07-27,33.8,0.0,50161.01,52455.4
2012-07-28,33.7,0.0,50103.17,52336.06
2012-07-29,30.7,0.0,50045.01,52214.96
2012-07-30,33.8,0.0,49986.65,52092.22
2012-07-31,33.7,0.0,49928.15,51967.98
2012-08-01,33.3,0.0,49869.59,51842.35
2012-08-02,32.5,0.0,49811.04,51715.45
2012-08-03,32.5,0.0,49618.42,51587.26
2012-08-04,33.2,0.0,49638.55,51456.77
2012-08-05,32.6,0.0,49001.03,51323.86
2012-08-06,35.6,0.0,48694.84,51188.7
2012-08-07,36.9,0.0,48717.75,51051.42
2012-08-08,35.0,0.0,49067.63,50912.17
2012-08-09,34.3,0.0,48764.16,50771.11
2012-08-10,33.3,3.5,48462.28,50628.36
2012-08-11,32.4,0.0,48161.98,50484.07
2012-08-12,30.6,0.3,47863.23,50338.37
2012-08-13,29.9,0.4,43524.17,50191.4
2012-08-14,30.7,0.0,47592.83,50043.28
2012-08-15,31.8,0.0,47297.79,49894.14
2012-08-16,31.1,0.3,47325.45,49744.1
2012-08-17,33.7,0.0,47353.14,49593.29
2012-08-18,34.7,0.0,47060.94,49441.82
2012-08-19,34.4,0.0,47023.4,49289.81
2012-08-20,34.1,0.0,46962.14,49137.38
2012-08-21,34.5,0.2,46582.29,48984.64
2012-08-22,34.8,0.0,46520.71,48831.68
2012-08-23,35.5,0.0,46458.39,48678.49
2012-08-24,33.3,0.0,46280.03,48523.98
2012-08-25,32.0,0.0,46185.99,48368.02
2012-08-26,28.6,6.9,43053.65,48210.72
2012-08-27,32.6,0.0,45994.14,48052.2
2012-08-28,29.6,0.0,45611.67,47892.58
2012-08-29,32.1,0.0,45029.99,47731.99
2012-08-30,31.1,0.0,44763.05,47570.52
2012-08-31,27.9,1.9,44497.42,47408.3
2012-09-01,24.1,0.0,31899.02,47245.42
2012-09-02,24.5,0.8,22741.51,47082.01
2012-09-03,23.5,13.8,37224.9,46918.17
2012-09-04,23.3,3.8,17849.13,46753.99
2012-09-05,23.8,9.4,34095.57,46589.59
2012-09-06,27.2,0.4,43236.2,46425.07
2012-09-07,28.3,0.0,43286.6,46260.52
2012-09-08,28.2,0.0,43200.0,46096.04
2012-09-09,27.2,0.0,41839.2,45931.74
2012-09-10,27.2,0.2,40329.55,45767.7
2012-09-11,27.9,0.0,43200.0,45604.03
2012-09-12,26.7,11.5,42856.51,45440.67
2012-09-13,20.9,25.1,36000.0,45276.56
2012-09-14,19.4,10.3,18043.53,45111.5
2012-09-15,25.9,0.0,43200.0,44945.62
2012-09-16,23.9,0.0,43200.0,44779.01
2012-09-17,24.5,0.0,43200.0,44611.8
2012-09-18,24.6,0.0,43200.0,44444.06
2012-09-19,22.6,5.2,28678.2,44275.92
2012-09-20,25.6,1.6,43200.0,44107.47
2012-09-21,23.1,0.0,42081.21,43938.81
2012-09-22,24.2,0.0,43082.1,43770.05
2012-09-23,26.5,0.0,43019.41,43601.28
2012-09-24,27.7,0.0,42875.17,43432.6
2012-09-25,24.6,5.6,38568.05,43264.12
2012-09-26,25.0,6.8,27757.13,43095.94
2012-09-27,27.2,1.8,38397.2,42928.15
2012-09-28,27.9,0.0,38828.3,42760.86
2012-09-29,29.6,0.0,40025.21,42594.17
2012-09-30,26.0,10.2,26891.38,42428.18
2012-10-01,25.3,3.1,39367.35,42263.0
2012-10-02,23.1,1.2,37142.84,42098.58
2012-10-03,23.0,0.0,38297.21,41933.75
2012-10-04,22.6,0.0,39944.54,41768.33
2012-10-05,23.5,0.0,40034.67,41602.43
2012-10-06,24.5,0.0,40125.61,41436.17
2012-10-07,22.7,0.9,16647.87,41269.66
2012-10-08,24.1,0.0,36520.65,41103.02
2012-10-09,22.6,0.8,33929.91,40936.35
2012-10-10,23.2,0.7,37037.85,40769.79
2012-10-11,23.3,1.4,29878.59,40603.44
2012-10-12,19.8,20.2,3071.49,40437.42
2012-10-13,21.9,8.7,33588.02,40271.86
2012-10-14,20.6,0.7,36000.0,40106.87
2012-10-15,20.0,27.6,15388.25,39942.58
2012-10-16,19.0,5.0,36000.0,39779.12
2012-10-17,20.9,0.0,36352.86,39616.61
2012-10-18,21.9,0.0,36390.01,39455.18
2012-10-19,23.9,0.0,36427.33,39294.97
2012-10-20,25.3,0.0,36144.93,39136.11
2012-10-21,26.1,0.0,36181.92,38978.74
2012-10-22,24.4,0.0,36000.0,38822.82
2012-10-23,22.7,0.8,36000.0,38667.07
2012-10-24,22.2,0.0,36000.0,38511.28
2012-10-25,22.1,0.0,36000.0,38355.61
2012-10-26,20.5,16.2,27657.44,38200.18
2012-10-27,19.7,41.6,18000.0,38045.13
2012-10-28,16.4,3.1,34619.0,37890.61
2012-10-29,12.6,7.9,35388.53,37736.76
2012-10-30,14.4,0.0,32400.0,37583.72
2012-10-31,16.9,36.4,0.0,37431.66
2012-11-01,17.5,10.6,30042.97,37280.72
2012-11-02,18.3,2.0,35390.73,37131.06
2012-11-03,18.1,0.0,22996.64,36982.85
2012-11-04,18.7,7.7,2777.67,36836.24
2012-11-05,21.0,2.3,16862.43,36691.39
2012-11-06,17.1,0.0,33437.73,36548.49
2012-11-07,16.7,0.1,35510.57,36407.71
2012-11-08,16.9,0.0,35444.88,36269.22
2012-11-09,16.1,0.0,35381.37,36133.19
2012-11-10,18.6,0.0,35320.17,35999.83
2012-11-11,18.9,57.1,6155.08,35869.14
2012-11-12,20.6,17.2,16750.29,35739.81
2012-11-13,22.9,0.0,31908.73,35611.65
2012-11-14,20.5,0.0,34889.89,35484.83
2012-11-15,17.4,0.0,33521.79,35359.48
2012-11-16,17.5,0.0,34638.3,35235.76
2012-11-17,17.1,0.0,33159.8,35113.83
2012-11-18,17.1,0.6,2412.57,34993.86
2012-11-19,17.5,6.3,25093.16,34875.99
2012-11-20,15.7,3.0,1414.62,34760.42
2012-11-21,17.7,0.0,33336.01,34647.28
2012-11-22,17.1,0.0,27338.96,34536.77
2012-11-23,17.0,0.4,31292.06,34429.06
2012-11-24,16.8,0.0,29620.01,34324.32
2012-11-25,16.5,0.0,31422.12,34222.73
2012-11-26,16.3,0.0,31481.87,34124.48
2012-11-27,15.7,11.7,778.03,34029.74
2012-11-28,15.8,43.7,16.27,33938.7
2012-11-29,11.9,28.9,542.81,33851.54
2012-11-30,12.8,7.4,26205.22,33768.47
2012-12-01,12.9,3.5,29218.21,33689.52
2012-12-02,12.1,3.7,24795.36,33613.79
2012-12-03,9.5,3.1,31115.2,33541.13
2012-12-04,13.2,8.1,7371.77,33471.63
2012-12-05,11.1,1.9,29368.28,33405.39
2012-12-06,9.4,0.0,30137.99,33342.49
2012-12-07,10.4,5.8,26511.26,33283.02
2012-12-08,10.4,10.3,30573.32,33227.08
2012-12-09,7.7,0.0,30604.74,33174.77
2012-12-10,10.3,2.1,21689.48,33126.16
2012-12-11,9.6,0.7,30292.89,33081.36
2012-12-12,8.5,0.0,30317.3,33040.44
2012-12-13,8.5,0.0,23501.77,33003.49
2012-12-14,12.5,8.8,15770.63,32970.61
2012-12-15,13.6,12.7,0.0,32941.86
2012-12-16,15.2,2.2,17530.75,32917.35
2012-12-17,14.1,13.0,18471.9,32897.15
2012-12-18,10.8,0.0,29970.34,32881.33
2012-12-19,11.4,0.0,30332.96,32869.97
2012-12-20,10.4,0.0,19743.57,32863.16
2012-12-21,9.7,3.9,5237.55,32860.94
2012-12-22,12.0,0.0,30294.71,32863.28
2012-12-23,12.9,0.0,28800.0,32870.09
2012-12-24,13.8,0.0,12188.03,32881.33
2012-12-25,13.9,0.0,28800.0,32896.93
2012-12-26,15.6,6.6,22099.07,32916.84
2012-12-27,13.7,1.3,26726.31,32940.97
2012-12-28,13.8,0.0,31270.46,32969.29
2012-12-29,11.7,0.0,31317.28,33001.69
2012-12-30,12.2,0.0,31366.01,33038.13
2012-12-31,12.3,0.0,31416.53,33078.52
2013-01-01,11.8,0.0,29698.23,33122.79
2013-01-02,12.0,0.8,10650.13,33170.88
2013-01-03,13.9,0.0,31577.58,33222.7
2013-01-04,12.3,0.0,31634.01,33278.17
2013-01-05,12.3,0.0,31691.6,33337.22
2013-01-06,14.2,0.0,31750.22,33399.77
2013-01-07,14.1,0.0,31809.75,33465.74
2013-01-08,12.7,0.0,31870.05,33535.06
2013-01-09,12.2,0.0,31931.01,33607.63
2013-01-10,11.7,2.5,5888.63,33683.49
2013-01-11,11.2,4.4,27330.33,33763.51
2013-01-12,11.7,0.0,31538.84,33847.7
2013-01-13,12.0,8.7,16024.28,33935.91
2013-01-14,11.6,18.8,24254.07,34027.94
2013-01-15,9.7,6.1,26070.03,34123.61
2013-01-16,7.2,17.7,5512.69,34222.76
2013-01-17,9.0,7.2,29758.21,34325.18
2013-01-18,6.9,2.6,26545.83,34430.72
2013-01-19,9.0,2.1,4827.68,34539.2
2013-01-20,13.8,17.0,358.68,34650.44
2013-01-21,11.4,10.0,32400.0,34764.29
2013-01-22,10.3,2.4,32250.74,34880.57
2013-01-23,9.3,5.5,2661.89,34999.11
2013-01-24,10.7,1.2,31103.9,35119.77
2013-01-25,11.0,0.0,32400.0,35242.37
2013-01-26,9.8,0.0,32617.4,35366.76
2013-01-27,9.8,0.0,32933.64,35492.79
2013-01-28,8.0,7.3,0.0,35620.32
2013-01-29,12.0,0.0,32872.79,35749.18
2013-01-30,12.7,0.0,32841.19,35879.41
2013-01-31,15.5,0.0,31659.64,36012.33
2013-02-01,14.2,0.0,32434.64,36148.08
2013-02-02,14.6,10.0,23343.14,36286.46
2013-02-03,10.7,2.1,32400.0,36427.29
2013-02-04,10.9,0.0,34015.59,36570.38
2013-02-05,10.9,0.2,2114.48,36715.55
2013-02-06,10.8,8.5,21930.43,36862.62
2013-02-07,9.2,6.3,32511.54,37011.43
2013-02-08,9.8,0.1,33627.77,37161.79
2013-02-09,8.2,0.0,34203.88,37313.55
2013-02-10,7.2,0.0,36022.55,37466.54
2013-02-11,9.5,17.8,374.69,37620.58
2013-02-12,10.8,3.8,32693.49,37775.55
2013-02-13,11.3,0.0,34277.29,37931.26
2013-02-14,11.6,0.0,30856.95,38087.59
2013-02-15,10.9,0.0,33177.7,38244.37
2013-02-16,12.0,0.0,37218.43,38401.46
2013-02-17,10.9,1.7,35959.27,38558.71
2013-02-18,10.6,0.8,36972.76,38716.0
2013-02-19,11.0,0.0,38329.3,38873.35
2013-02-20,10.1,0.0,29958.1,39032.11
2013-02-21,11.7,0.0,37423.05,39192.47
2013-02-22,10.4,21.2,5300.84,39354.29
2013-02-23,11.2,26.6,4530.86,39517.43
2013-02-24,8.3,3.8,38671.96,39681.75
2013-02-25,9.8,4.2,38627.35,39847.1
2013-02-26,11.5,0.3,39116.09,40013.35
2013-02-27,12.9,0.0,39188.95,40180.38
2013-02-28,13.0,0.0,39261.55,40348.05
2013-03-01,14.8,0.0,22276.18,40516.23
2013-03-02,15.7,0.0,38740.95,40684.79
2013-03-03,13.7,0.0,39477.6,40853.61
2013-03-04,14.4,0.0,39548.99,41022.57
2013-03-05,15.1,0.0,23708.28,41191.54
2013-03-06,14.9,7.7,6937.94,41360.4
2013-03-07,16.1,6.1,20974.03,41529.04
2013-03-08,14.6,4.0,9260.99,41697.31
2013-03-09,16.2,4.3,39569.22,41865.13
2013-03-10,15.4,8.3,35920.53,42032.36
2013-03-11,12.7,18.1,21890.61,42199.04
2013-03-12,12.2,12.3,10592.98,42366.4
2013-03-13,12.5,7.2,15697.81,42534.65
2013-03-14,11.3,0.7,39600.0,42703.67
2013-03-15,11.3,0.0,31819.46,42873.35
2013-03-16,10.7,0.0,41317.11,43043.58
2013-03-17,10.6,2.8,27396.3,43214.26
2013-03-18,14.1,18.7,5085.94,43385.28
2013-03-19,14.2,0.0,41159.4,43556.53
2013-03-20,14.4,6.4,24032.77,43727.9
2013-03-21,15.3,0.4,41671.58,43899.3
2013-03-22,15.7,0.0,42350.16,44070.6
2013-03-23,15.5,0.0,41875.76,44241.71
2013-03-24,19.2,0.0,41003.41,44412.51
2013-03-25,13.3,17.6,7551.83,44582.9
2013-03-26,13.9,9.1,42520.64,44752.77
2013-03-27,14.4,1.1,42352.21,44922.01
2013-03-28,15.4,0.0,31499.08,45090.49
2013-03-29,17.1,2.1,25401.17,45258.14
2013-03-30,16.0,5.6,14739.29,45424.81
2013-03-31,14.5,10.5,32445.76,45590.53
2013-04-01,15.3,6.2,35878.96,45756.49
2013-04-02,15.7,34.4,31392.14,45922.84
2013-04-03,15.1,0.1,43447.29,46089.5
2013-04-04,16.7,1.3,43725.33,46256.36
2013-04-05,14.6,14.9,42447.55,46423.32
2013-04-06,16.7,0.4,38977.83,46590.27
2013-04-07,19.2,0.0,44874.65,46757.09
2013-04-08,15.2,0.5,43200.0,46923.71
2013-04-09,16.6,3.4,42947.29,47089.99
2013-04-10,17.0,0.0,42909.31,47255.82
2013-04-11,17.3,0.0,43507.38,47421.1
2013-04-12,18.0,0.0,45353.48,47585.72
2013-04-13,19.3,0.0,45245.14,47749.55
2013-04-14,21.4,0.0,45905.92,47912.46
2013-04-15,22.0,0.0,46139.28,48074.36
2013-04-16,21.4,0.0,45679.82,48235.1
2013-04-17,21.8,0.0,46179.24,48394.58
2013-04-18,22.3,0.0,46516.2,48552.64
2013-04-19,23.5,0.0,46854.81,48709.17
2013-04-20,17.3,0.0,37630.26,48864.18
2013-04-21,16.1,0.5,45594.39,49018.78
2013-04-22,14.3,8.7,42618.39,49173.14
2013-04-23,17.3,2.1,45832.46,49327.16
2013-04-24,23.4,0.0,46975.84,49480.71
2013-04-25,25.0,0.6,42221.39,49633.69
2013-04-26,23.5,2.8,34667.77,49785.98
2013-04-27,17.7,8.2,7451.41,49937.45
2013-04-28,22.5,0.2,47703.73,50087.98
2013-04-29,26.8,0.0,47021.54,50237.44
2013-04-30,27.4,0.3,35539.01,50385.71
2013-05-01,25.7,0.0,31243.21,50532.65
2013-05-02,23.1,0.3,36513.31,50678.13
2013-05-03,25.9,0.0,49903.41,50822.01
2013-05-04,25.0,0.0,49980.01,50964.15
2013-05-05,22.8,5.5,38628.08,51104.41
2013-05-06,19.4,17.0,30735.69,51242.63
2013-05-07,19.2,6.6,40504.49,51378.67
2013-05-08,21.0,0.9,49011.35,51512.38
2013-05-09,23.0,0.0,47667.35,51643.6
2013-05-10,21.9,0.1,44084.04,51772.3
2013-05-11,20.3,0.2,48186.71,51899.5
2013-05-12,20.5,2.1,49842.25,52025.33
2013-05-13,22.2,0.0,50400.0,52149.69
2013-05-14,22.1,0.0,50400.0,52272.44
2013-05-15,20.9,0.7,37198.84,52393.48
2013-05-16,22.2,5.3,41096.86,52512.67
2013-05-17,18.5,13.1,27130.6,52629.9
2013-05-18,24.5,0.0,50400.0,52745.02
2013-05-19,19.5,0.0,49408.38,52857.92
2013-05-20,19.4,0.3,50400.0,52968.46
2013-05-21,20.9,7.2,45393.03,53076.5
2013-05-22,23.1,3.9,35581.13,53181.91
2013-05-23,17.7,2.7,26123.53,53284.55
2013-05-24,17.4,0.0,49987.99,53384.28
2013-05-25,17.0,9.1,47378.81,53480.95
2013-05-26,17.3,0.0,48695.29,53574.44
2013-05-27,18.7,0.0,45897.75,53664.58
2013-05-28,23.2,0.6,43200.0,53751.24
2013-05-29,18.5,0.3,50400.0,53834.27
2013-05-30,16.7,6.3,38705.97,53913.62
2013-05-31,17.0,3.9,50400.0,53989.93
2013-06-01,17.5,3.2,28645.27,54063.33
2013-06-02,21.1,0.0,47798.82,54133.73
2013-06-03,20.8,1.2,34159.81,54201.05
2013-06-04,21.5,0.0,47840.28,54265.23
2013-06-05,21.9,6.2,48171.35,54326.2
2013-06-06,22.7,0.3,50400.0,54383.87
2013-06-07,25.3,0.2,50400.0,54438.19
2013-06-08,25.9,0.0,38961.17,54489.08
2013-06-09,23.7,0.0,48612.81,54536.47
2013-06-10,21.4,0.7,48118.13,54580.29
2013-06-11,23.6,0.0,50400.0,54620.47
2013-06-12,27.6,0.0,50971.15,54656.96
2013-06-13,28.5,0.0,51313.2,54689.67
2013-06-14,28.5,0.0,50945.97,54718.55
2013-06-15,28.1,0.0,50934.65,54743.54
2013-06-16,29.0,0.0,51279.79,54764.56
2013-06-17,31.4,0.0,50914.86,54781.59
2013-06-18,31.2,0.0,51262.1,54794.53
2013-06-19,32.9,0.0,50898.92,54803.36
2013-06-20,32.2,0.0,51603.42,54808.11
2013-06-21,30.2,0.0,51241.51,54808.81
2013-06-22,27.9,0.0,45286.37,54805.52
2013-06-23,28.2,0.0,51231.07,54798.27
2013-06-24,24.6,1.1,49917.29,54787.1
2013-06-25,27.2,0.0,50868.28,54772.04
2013-06-26,25.9,6.2,51575.7,54753.16
2013-06-27,25.1,0.0,50509.35,54730.49
2013-06-28,24.4,0.2,47423.98,54704.08
2013-06-29,25.3,0.2,50400.0,54673.99
2013-06-30,27.5,0.0,51571.94,54640.27
2013-07-01,27.4,0.0,51573.0,54602.96
2013-07-02,29.1,0.0,51574.99,54562.12
2013-07-03,28.5,0.0,50400.0,54517.82
2013-07-04,26.5,0.4,42830.75,54470.1
2013-07-05,31.6,0.0,51586.35,54419.03
2013-07-06,31.4,0.3,51240.42,54364.65
2013-07-07,31.2,2.4,45058.16,54307.03
2013-07-08,30.8,0.2,39118.69,54246.24
2013-07-09,30.0,1.5,42213.73,54182.24
2013-07-10,30.0,1.0,49921.7,54114.46
2013-07-11,28.4,4.6,48367.8,54042.85
2013-07-12,29.3,0.2,50949.31,53967.55
2013-07-13,29.6,0.2,50614.81,53888.71
2013-07-14,30.0,4.5,50976.99,53806.46
2013-07-15,30.1,0.3,50645.57,53720.92
2013-07-16,31.1,0.0,50662.25,53632.24
2013-07-17,31.5,0.0,51025.18,53540.54
2013-07-18,29.7,4.0,50400.0,53445.97
2013-07-19,27.5,4.9,40988.79,53348.64
2013-07-20,29.0,2.2,50400.0,53248.69
2013-07-21,30.3,1.9,50054.9,53146.26
2013-07-22,31.6,0.0,50438.91,53041.45
2013-07-23,31.8,0.0,50459.94,52934.4
2013-07-24,31.2,0.0,50342.33,52825.24
2013-07-25,31.2,0.0,50286.65,52714.07
2013-07-26,32.3,0.0,50230.68,52601.04
2013-07-27,34.2,0.0,50174.51,52486.24
2013-07-28,35.3,0.0,50118.22,52369.79
2013-07-29,34.5,0.0,50061.87,52251.69
2013-07-30,32.5,0.2,50004.99,52130.96
2013-07-31,33.4,0.0,49947.4,52007.5
2013-08-01,34.1,0.0,49889.15,51881.48
2013-08-02,33.0,0.0,49830.31,51753.05
2013-08-03,34.9,0.0,49611.77,51622.35
2013-08-04,37.2,0.0,49632.22,51489.55
2013-08-05,37.4,0.0,49650.82,51354.79
2013-08-06,35.5,1.1,49345.29,51218.2
2013-08-07,35.2,0.0,49039.44,51079.93
2013-08-08,36.1,0.0,49062.04,50940.12
2013-08-09,32.8,2.2,43347.35,50798.9
2013-08-10,32.3,0.0,48131.32,50656.4
2013-08-11,31.4,0.0,48156.51,50512.76
2013-08-12,31.9,0.0,48181.81,50368.1
2013-08-13,31.8,0.0,45788.4,50222.54
2013-08-14,31.2,0.0,47587.05,50076.21
2013-08-15,31.9,5.9,44134.28,49929.21
2013-08-16,31.6,0.0,47319.19,49781.68
2013-08-17,31.8,0.0,47346.58,49633.72
2013-08-18,31.5,0.0,47053.8,49485.3
2013-08-19,31.5,0.0,47044.76,49335.35
2013-08-20,28.3,6.0,46224.12,49183.74
2013-08-21,30.5,0.0,46602.24,49030.58
2013-08-22,30.0,0.4,46348.56,48876.02
2013-08-23,29.8,0.0,46396.53,48720.17
2013-08-24,29.1,0.0,46301.91,48563.16
2013-08-25,25.4,14.7,28584.77,48405.11
2013-08-26,26.2,1.1,45590.39,48246.14
2013-08-27,26.1,9.7,43676.97,48086.36
2013-08-28,25.6,0.6,44663.53,47925.89
2013-08-29,26.6,0.0,43456.99,47764.83
2013-08-30,26.8,2.7,34810.94,47603.31
2013-08-31,27.0,0.0,43864.35,47441.42
2013-09-01,26.9,0.2,44223.72,47279.27
2013-09-02,28.6,0.0,44271.15,47116.97
2013-09-03,28.7,0.0,43696.61,46954.61
2013-09-04,30.5,0.0,43745.01,46792.3
2013-09-05,29.7,0.0,43200.0,46630.15
2013-09-06,29.4,0.3,43200.0,46468.24
2013-09-07,29.4,0.0,43270.8,46306.53
2013-09-08,28.7,0.0,43200.0,46143.96
2013-09-09,26.3,1.9,38947.44,45980.34
2013-09-10,24.5,1.2,28416.28,45815.79
2013-09-11,24.4,2.2,42487.49,45650.42
2013-09-12,22.7,0.0,43200.0,45484.33
2013-09-13,24.3,0.0,43200.0,45317.64
2013-09-14,24.8,0.0,43200.0,45150.43
2013-09-15,22.9,11.1,23522.86,44982.81
2013-09-16,23.6,17.1,39600.0,44814.89
2013-09-17,23.0,0.5,39739.36,44646.77
2013-09-18,22.6,0.0,43200.0,44478.54
2013-09-19,23.9,0.0,42714.12,44310.3
2013-09-20,24.8,0.0,41665.92,44142.15
2013-09-21,26.9,0.0,43160.1,43974.19
2013-09-22,26.2,0.0,43097.66,43806.52
2013-09-23,23.5,0.0,43035.06,43639.23
2013-09-24,24.7,0.0,42915.58,43472.42
2013-09-25,24.3,0.0,42749.55,43306.2
2013-09-26,25.2,0.0,42584.19,43140.65
2013-09-27,25.5,0.0,42419.21,42975.74
2013-09-28,25.4,0.0,42253.49,42810.32
2013-09-29,23.0,34.3,13470.7,42644.22
2013-09-30,21.5,26.7,22932.8,42477.55
2013-10-01,23.0,0.0,41715.29,42310.41
2013-10-02,24.3,0.0,41546.61,42142.92
2013-10-03,22.3,0.2,39210.03,41975.17
2013-10-04,22.8,0.0,36816.99,41807.29
2013-10-05,18.9,17.3,0.0,41639.4
2013-10-06,22.4,14.4,36295.61,41471.58
2013-10-07,22.0,3.2,36673.6,41303.97
2013-10-08,19.3,11.0,23741.85,41136.67
2013-10-09,19.9,2.3,33037.07,40969.78
2013-10-10,19.2,12.0,32588.77,40803.45
2013-10-11,19.4,18.7,23916.1,40637.76
2013-10-12,21.0,4.7,24951.09,40472.85
2013-10-13,23.8,0.0,36000.0,40308.84
2013-10-14,24.3,0.0,36549.34,40145.85
2013-10-15,20.4,4.2,4020.08,39983.99
2013-10-16,21.3,15.9,27471.23,39823.4
2013-10-17,22.0,0.0,36660.43,39664.04
2013-10-18,21.6,0.0,36379.5,39504.65
2013-10-19,21.5,0.0,35810.64,39345.04
2013-10-20,23.3,0.0,36000.0,39185.33
2013-10-21,23.3,0.0,35348.31,39025.66
2013-10-22,22.8,0.0,36000.0,38866.15
2013-10-23,22.9,0.0,34853.25,38706.95
2013-10-24,20.0,3.0,3173.36,38548.19
2013-10-25,22.8,0.0,36000.0,38390.01
2013-10-26,23.3,0.0,36000.0,38232.55
2013-10-27,21.3,0.0,26823.37,38075.96
2013-10-28,21.7,0.2,21600.88,37920.38
2013-10-29,22.3,0.0,36000.0,37765.96
2013-10-30,21.7,0.0,35054.5,37612.85
2013-10-31,22.1,0.0,33207.17,37461.22
2013-11-01,21.6,0.0,35957.4,37311.22
2013-11-02,19.1,1.8,21418.85,37163.01
2013-11-03,20.4,2.0,31334.62,37016.76
2013-11-04,19.6,2.8,34117.71,36872.64
2013-11-05,18.2,13.6,24217.7,36730.83
2013-11-06,19.3,0.0,35599.01,36591.31
2013-11-07,20.6,0.0,35532.72,36452.77
2013-11-08,20.6,0.0,22938.72,36315.01
2013-11-09,20.1,2.1,19589.14,36178.18
2013-11-10,17.6,13.6,25856.33,36042.43
2013-11-11,15.7,5.7,32404.33,35907.92
2013-11-12,15.2,8.5,4510.81,35774.8
2013-11-13,18.2,0.0,29303.7,35643.24
2013-11-14,19.7,0.5,34335.52,35513.4
2013-11-15,15.8,19.8,0.0,35385.45
2013-11-16,19.4,0.2,30161.99,35259.56
2013-11-17,18.3,0.0,34219.11,35135.91
2013-11-18,18.5,0.0,22794.35,35014.67
2013-11-19,16.2,21.0,18385.01,34896.02
2013-11-20,15.2,13.0,33390.47,34780.14
2013-11-21,12.4,11.3,26298.16,34667.23
2013-11-22,12.7,7.5,18016.08,34557.47
2013-11-23,10.5,14.0,3786.53,34451.04
2013-11-24,12.9,0.4,29910.4,34348.15
2013-11-25,12.8,0.1,30686.09,34248.99
2013-11-26,8.0,0.0,31351.32,34153.61
2013-11-27,8.2,0.3,29000.51,34060.95
2013-11-28,10.5,0.0,31938.64,33970.83
2013-11-29,12.7,0.0,31992.29,33883.38
2013-11-30,12.4,0.0,31683.55,33798.7
2013-12-01,11.6,2.7,6785.0,33716.93
2013-12-02,15.0,0.0,25346.47,33638.18
2013-12-03,14.6,0.0,30737.34,33562.59
2013-12-04,13.9,0.0,31146.18,33490.26
2013-12-05,12.2,0.0,30822.7,33421.31
2013-12-06,10.9,0.0,26588.63,33355.88
2013-12-07,13.1,0.0,30533.28,33294.08
2013-12-08,13.4,0.0,22823.68,33236.04
2013-12-09,14.2,0.0,29028.58,33181.87
2013-12-10,13.8,0.0,29893.82,33131.7
2013-12-11,14.3,0.0,29181.04,33085.65
2013-12-12,13.3,0.0,29637.22,33043.84
2013-12-13,12.1,0.0,29635.02,33006.38
2013-12-14,12.3,0.0,29260.35,32973.39
2013-12-15,13.4,0.1,29998.43,32944.99
2013-12-16,13.1,0.0,30020.02,32921.24
2013-12-17,13.0,0.0,30403.84,32901.85
2013-12-18,12.0,0.0,29668.16,32886.7
2013-12-19,11.5,0.0,28347.51,32875.79
2013-12-20,13.7,0.0,27745.57,32869.11
2013-12-21,14.7,0.0,29939.38,32866.63
2013-12-22,14.0,0.0,29177.82,32868.34
2013-12-23,13.7,0.0,28383.38,32874.2
2013-12-24,13.0,0.0,27751.86,32884.2
2013-12-25,13.5,0.8,10157.88,32898.3
2013-12-26,12.7,30.3,18553.86,32916.47
2013-12-27,10.6,1.2,22553.61,32938.69
2013-12-28,12.8,0.0,30178.74,32964.92
2013-12-29,13.7,1.3,8688.72,32995.12
2013-12-30,10.8,13.0,0.0,33029.26
2013-12-31,13.3,0.2,22582.78,33067.29
2014-01-01,12.6,0.0,31457.52,33109.19
2014-01-02,12.4,0.7,24726.87,33154.9
2014-01-03,14.7,3.9,21392.23,33204.38
2014-01-04,14.2,2.4,6801.02,33257.59
2014-01-05,13.6,19.1,8850.99,33314.56
2014-01-06,13.6,0.0,31726.15,33375.94
2014-01-07,13.5,0.0,31785.0,33441.76
2014-01-08,13.3,0.0,30231.01,33511.83
2014-01-09,12.4,0.0,26097.67,33586.01
2014-01-10,11.6,0.0,8913.45,33664.12
2014-01-11,13.0,0.0,26630.04,33746.02
2014-01-12,13.2,0.0,15163.91,33831.55
2014-01-13,13.9,0.0,32174.36,33920.54
2014-01-14,11.4,16.7,0.0,34012.83
2014-01-15,13.0,0.1,32314.71,34108.27
2014-01-16,12.7,0.0,23677.39,34206.7
2014-01-17,13.4,0.0,0.0,34307.97
2014-01-18,15.2,1.0,27666.67,34411.93
2014-01-19,15.4,11.1,24132.51,34518.43
2014-01-20,12.2,6.6,3110.26,34627.31
2014-01-21,12.7,0.0,30610.49,34738.44
2014-01-22,12.3,2.7,32138.53,34851.66
2014-01-23,11.9,1.5,22112.63,34966.84
2014-01-24,10.6,15.9,11431.48,35083.84
2014-01-25,10.7,0.6,32400.0,35202.68
2014-01-26,10.7,0.1,32626.96,35324.61
2014-01-27,7.8,4.3,393.64,35449.74
2014-01-28,9.6,1.1,32569.16,35577.88
2014-01-29,10.6,4.7,32881.52,35708.83
2014-01-30,12.9,15.2,664.07,35842.41
2014-01-31,13.4,41.5,0.0,35978.42
2014-02-01,14.0,10.1,32400.0,36116.68
2014-02-02,11.8,16.9,0.0,36257.01
2014-02-03,12.9,4.8,14929.4,36399.22
2014-02-04,12.1,2.4,17481.87,36543.15
2014-02-05,11.8,6.6,6290.68,36688.63
2014-02-06,12.6,8.8,22212.33,36835.47
2014-02-07,14.0,3.3,34397.39,36983.54
2014-02-08,13.6,8.0,27839.21,37132.65
2014-02-09,14.0,14.0,22014.24,37282.65
2014-02-10,12.4,14.1,0.0,37433.4
2014-02-11,12.0,21.4,3089.34,37584.74
2014-02-12,12.5,1.4,26598.79,37736.51
2014-02-13,13.0,0.0,22481.13,37888.58
2014-02-14,15.3,0.2,36804.52,38040.97
2014-02-15,16.4,0.0,36840.31,38195.06
2014-02-16,17.2,0.0,36227.34,38351.03
2014-02-17,18.2,0.0,37242.4,38508.72
2014-02-18,20.5,0.0,27687.86,38667.97
2014-02-19,17.1,0.8,32384.92,38828.63
2014-02-20,13.5,6.8,27861.7,38990.56
2014-02-21,15.0,0.0,38611.11,39153.61
2014-02-22,14.1,11.0,32147.22,39317.63
2014-02-23,13.8,0.0,38877.45,39482.47
2014-02-24,13.6,0.0,38951.6,39648.02
2014-02-25,14.1,0.0,39025.45,39814.11
2014-02-26,13.4,0.3,29631.01,39980.64
2014-02-27,13.2,2.4,29002.25,40147.45
2014-02-28,12.5,6.8,19848.42,40314.42
2014-03-01,10.7,28.1,11532.39,40481.42
2014-03-02,11.1,0.5,39197.58,40648.33
2014-03-03,12.5,1.9,33623.42,40815.01
2014-03-04,11.7,16.2,20224.83,40981.34
2014-03-05,14.1,0.3,39600.0,41147.2
2014-03-06,15.0,0.0,36163.92,41312.63
2014-03-07,17.4,0.0,39600.0,41478.89
2014-03-08,14.8,0.0,39457.54,41646.18
2014-03-09,16.7,0.0,39600.0,41814.39
2014-03-10,15.4,0.0,39600.0,41983.4
2014-03-11,14.3,0.0,27927.13,42153.09
2014-03-12,15.4,0.0,39990.42,42323.35
2014-03-13,16.9,0.0,40248.05,42494.07
2014-03-14,17.7,0.0,40505.12,42665.14
2014-03-15,17.3,0.0,40452.57,42836.45
2014-03-16,17.5,0.0,40399.98,43007.89
2014-03-17,19.2,0.0,41274.15,43179.35
2014-03-18,17.6,0.0,39986.13,43350.71
2014-03-19,16.9,0.0,40860.03,43521.88
2014-03-20,19.8,0.0,41733.7,43692.74
2014-03-21,18.2,0.0,40447.16,43863.17
2014-03-22,16.1,5.8,32692.84,44033.08
2014-03-23,14.9,23.9,28800.0,44202.35
2014-03-24,11.2,6.5,40156.92,44370.86
2014-03-25,11.9,3.9,19329.94,44538.51
2014-03-26,13.4,2.2,41099.47,44705.33
2014-03-27,12.9,3.8,18927.89,44872.49
2014-03-28,16.9,0.0,43075.57,45040.18
2014-03-29,18.5,0.0,43452.88,45208.29
2014-03-30,19.0,0.0,40995.59,45376.73
2014-03-31,18.6,0.0,43859.68,45545.4
2014-04-01,17.4,0.0,43827.73,45714.17
2014-04-02,17.3,0.0,43795.91,45882.97
2014-04-03,18.3,0.0,27524.72,46051.67
2014-04-04,16.4,12.4,32622.82,46220.17
2014-04-05,15.9,1.1,43171.61,46388.38
2014-04-06,20.1,0.0,44290.73,46556.16
2014-04-07,22.2,0.0,44570.96,46723.42
2014-04-08,20.7,0.0,43200.0,46890.05
2014-04-09,19.7,0.7,26556.61,47055.92
2014-04-10,17.8,0.0,44793.23,47220.94
2014-04-11,18.4,0.0,45076.37,47384.96
2014-04-12,17.7,0.1,43558.81,47547.88
2014-04-13,18.5,0.5,39301.72,47709.57
2014-04-14,18.8,0.0,44677.8,47869.91
2014-04-15,16.6,12.0,37884.08,48028.92
2014-04-16,15.3,0.2,46155.93,48187.72
2014-04-17,15.8,0.0,46191.87,48346.49
2014-04-18,18.4,0.0,43563.44,48505.13
2014-04-19,15.6,10.4,34563.08,48663.52
2014-04-20,18.0,1.4,44332.53,48821.55
2014-04-21,19.8,1.5,46899.1,48979.1
2014-04-22,20.2,0.2,45723.87,49136.06
2014-04-23,21.3,5.0,25420.77,49292.32
2014-04-24,21.4,0.0,47929.75,49447.74
2014-04-25,21.2,0.3,47633.73,49602.21
2014-04-26,19.4,11.3,28187.06,49755.59
2014-04-27,17.0,6.1,13811.79,49907.76
2014-04-28,17.0,5.5,38707.53,50058.59
2014-04-29,17.2,0.8,45939.2,50207.93
2014-04-30,17.7,4.9,46153.12,50355.66
2014-05-01,19.0,1.4,47602.07,50501.62
2014-05-02,16.6,11.3,22811.23,50645.68
2014-05-03,16.6,12.8,39363.44,50787.69
2014-05-04,17.8,0.0,44981.86,50927.49
2014-05-05,19.4,0.0,50034.38,51065.06
2014-05-06,21.3,0.0,48511.82,51201.48
2014-05-07,20.0,0.0,50177.33,51336.89
2014-05-08,21.6,0.0,49349.14,51471.15
2014-05-09,22.3,0.0,50315.75,51604.17
2014-05-10,21.8,0.0,49597.53,51735.82
2014-05-11,20.9,0.0,46139.08,51865.98
2014-05-12,21.3,0.0,44427.08,51994.49
2014-05-13,18.8,4.2,32043.13,52121.26
2014-05-14,20.3,0.1,50400.0,52246.13
2014-05-15,20.8,0.3,42016.47,52368.97
2014-05-16,18.8,0.0,38359.66,52489.65
2014-05-17,20.7,0.0,50400.0,52608.03
2014-05-18,21.2,0.0,49531.98,52723.95
2014-05-19,19.4,2.8,33198.52,52837.28
2014-05-20,22.7,0.0,50400.0,52947.87
2014-05-21,24.5,0.0,50400.0,53055.56
2014-05-22,25.2,0.0,49620.64,53160.21
2014-05-23,21.8,2.1,8762.53,53261.66
2014-05-24,24.5,0.0,49765.02,53359.77
2014-05-25,26.8,3.2,48103.65,53454.46
2014-05-26,23.5,4.6,49865.6,53546.53
2014-05-27,19.9,0.1,46425.7,53636.1
2014-05-28,20.5,0.3,47590.43,53723.07
2014-05-29,22.8,0.0,46800.0,53807.35
2014-05-30,23.1,0.2,50400.0,53888.83
2014-05-31,22.1,5.0,35419.03,53967.44
2014-06-01,23.1,0.0,50459.35,54043.08
2014-06-02,23.0,0.0,50438.26,54115.64
2014-06-03,24.8,0.0,50400.0,54185.05
2014-06-04,25.7,0.0,50749.86,54251.2
2014-06-05,24.9,0.0,50730.96,54314.0
2014-06-06,27.8,0.0,50400.0,54373.35
2014-06-07,30.5,0.0,49704.79,54429.17
2014-06-08,32.0,0.0,50678.37,54481.35
2014-06-09,32.8,0.0,50662.34,54529.81
2014-06-10,32.2,0.0,47143.14,54574.46
2014-06-11,32.1,2.9,50400.0,54615.2
2014-06-12,32.3,1.7,50047.33,54651.95
2014-06-13,31.2,0.6,45004.89,54684.62
2014-06-14,27.7,3.9,47897.93,54713.15
2014-06-15,25.8,13.3,38147.45,54737.77
2014-06-16,24.7,37.0,31653.6,54758.53
2014-06-17,23.6,7.0,48682.65,54775.43
2014-06-18,23.3,10.1,36064.31,54788.49
2014-06-19,24.1,1.2,37504.24,54797.71
2014-06-20,24.9,0.0,51249.98,54803.1
2014-06-21,25.5,0.0,51242.91,54804.67
2014-06-22,26.3,0.0,51236.56,54802.46
2014-06-23,27.3,0.0,50078.18,54796.45
2014-06-24,28.2,0.0,51581.48,54786.68
2014-06-25,25.6,9.1,44159.93,54773.17
2014-06-26,23.4,3.8,28823.96,54755.93
2014-06-27,26.4,0.0,51216.74,54734.99
2014-06-28,26.7,0.0,51569.9,54710.38
2014-06-29,27.7,0.0,46800.0,54682.13
2014-06-30,25.0,8.8,51215.44,54650.26
2014-07-01,25.5,0.0,50509.58,54614.8
2014-07-02,25.3,0.0,51572.8,54575.78
2014-07-03,29.1,0.0,51576.03,54533.24
2014-07-04,30.8,0.0,51227.6,54487.16
2014-07-05,27.8,0.0,51233.06,54437.07
2014-07-06,28.9,0.0,51239.41,54382.98
2014-07-07,29.8,0.0,50544.05,54325.0
2014-07-08,25.4,1.5,49940.06,54263.25
2014-07-09,25.2,1.4,50562.99,54197.85
2014-07-10,23.2,5.7,42359.33,54128.91
2014-07-11,25.8,0.0,50585.6,54056.56
2014-07-12,23.7,2.0,49224.94,53980.91
2014-07-13,23.5,8.9,39600.0,53902.08
2014-07-14,23.9,8.7,36256.44,53820.19
2014-07-15,27.7,0.0,50988.26,53735.35
2014-07-16,28.9,0.0,50657.72,53647.69
2014-07-17,31.0,1.7,49820.81,53557.31
2014-07-18,31.9,0.0,50692.77,53464.34
2014-07-19,31.4,0.0,50711.59,53368.89
2014-07-20,32.0,0.0,50400.0,53271.06
2014-07-21,25.4,3.4,39600.0,53170.98
2014-07-22,24.3,0.7,42851.83,53068.74
2014-07-23,27.3,0.0,50454.24,52964.47
2014-07-24,26.1,5.7,49716.24,52858.15
2014-07-25,28.0,0.0,50302.51,52748.86
2014-07-26,28.7,0.4,44840.89,52636.55
2014-07-27,28.0,0.8,50055.91,52521.35
2014-07-28,27.4,0.0,50135.04,52403.44
2014-07-29,27.5,0.2,40112.43,52282.96
2014-07-30,22.4,22.8,26573.51,52160.07
2014-07-31,26.1,0.0,47824.23,52034.91
2014-08-01,28.7,0.0,49567.12,51907.63
2014-08-02,28.2,0.0,48569.26,51778.37
2014-08-03,28.2,1.5,41749.69,51647.27
2014-08-04,29.7,0.0,49298.5,51514.48
2014-08-05,29.6,0.0,49320.03,51380.11
2014-08-06,30.5,0.0,49013.19,51244.33
2014-08-07,30.1,0.0,49035.66,51107.23
2014-08-08,30.4,0.0,48731.25,50968.97
2014-08-09,29.3,0.0,45744.86,50829.65
2014-08-10,30.7,0.0,48126.77,50689.4
2014-08-11,31.6,0.0,48151.66,50548.35
2014-08-12,30.3,0.0,47852.24,50406.6
2014-08-13,30.0,0.0,47230.59,50264.13
2014-08-14,28.3,0.5,42924.95,50119.88
2014-08-15,26.9,0.0,47284.69,49973.73
2014-08-16,26.5,0.0,47311.94,49825.8
2014-08-17,28.7,0.0,47339.35,49676.23
2014-08-18,27.9,0.0,47366.81,49525.17
2014-08-19,28.5,0.2,46784.09,49372.73
2014-08-20,29.5,0.4,46693.11,49219.06
2014-08-21,27.3,3.7,43522.15,49064.27
2014-08-22,28.7,0.0,46550.26,48908.48
2014-08-23,28.1,0.5,45067.84,48751.82
2014-08-24,26.4,0.0,46319.72,48594.41
2014-08-25,27.7,0.0,46224.49,48436.35
2014-08-26,26.8,0.0,46128.69,48277.78
2014-08-27,28.5,0.0,45551.33,48118.78
2014-08-28,29.7,0.1,44967.24,47959.48
2014-08-29,29.6,0.0,45011.38,47799.98
2014-08-30,30.3,0.1,44743.14,47640.38
2014-08-31,29.2,0.9,43226.84,47480.8
2014-09-01,22.6,13.2,38330.29,47321.32
2014-09-02,27.2,0.0,43200.0,47161.92
2014-09-03,26.9,2.8,42202.55,47001.51
2014-09-04,25.6,0.2,43200.0,46839.94
2014-09-05,26.7,0.0,43467.13,46677.31
2014-09-06,27.7,0.0,43200.0,46513.75
2014-09-07,28.6,0.2,43200.0,46349.35
2014-09-08,28.3,0.0,43200.0,46184.23
2014-09-09,27.5,0.0,42903.87,46018.48
2014-09-10,26.2,11.2,30148.67,45852.22
2014-09-11,23.9,19.3,26100.8,45685.55
2014-09-12,24.3,2.6,39086.37,45518.57
2014-09-13,24.9,0.0,43200.0,45351.37
2014-09-14,25.7,0.0,43200.0,45184.06
2014-09-15,24.9,0.0,42469.19,45016.74
2014-09-16,25.7,0.2,43200.0,44849.51
2014-09-17,25.4,0.2,43200.0,44682.46
2014-09-18,26.5,0.0,43200.0,44515.69
2014-09-19,28.1,0.0,43200.0,44349.29
2014-09-20,28.5,0.7,32400.0,44183.37
2014-09-21,26.6,0.1,42141.96,44018.01
2014-09-22,26.1,0.1,37502.53,43853.17
2014-09-23,26.0,0.0,42516.01,43687.74
2014-09-24,22.8,1.1,38474.47,43521.55
2014-09-25,23.6,3.3,33232.91,43354.69
2014-09-26,24.8,0.0,42630.1,43187.29
2014-09-27,26.8,0.0,42462.09,43019.44
2014-09-28,24.0,0.0,42293.73,42851.24
2014-09-29,24.8,0.0,41201.73,42682.81
2014-09-30,24.9,0.0,39932.88,42514.25
2014-10-01,24.1,3.9,31573.51,42345.66
2014-10-02,22.4,14.5,35066.08,42177.16
2014-10-03,24.1,0.0,39503.74,42008.84
2014-10-04,23.3,0.4,38970.4,41840.82
2014-10-05,23.9,0.0,39961.49,41673.2
2014-10-06,23.5,0.2,39150.34,41506.1
2014-10-07,23.5,0.0,38614.6,41339.61
2014-10-08,24.6,0.0,37450.61,41173.85
2014-10-09,25.7,0.0,38793.06,41008.95
2014-10-10,25.8,0.0,37939.87,40845.0
2014-10-11,25.4,0.0,37398.73,40682.13
2014-10-12,25.1,0.5,36466.73,40520.29
2014-10-13,25.5,0.0,36270.68,40358.27
2014-10-14,26.3,1.3,35743.26,40195.86
2014-10-15,26.1,1.9,23282.36,40033.19
2014-10-16,22.9,4.7,31236.36,39870.38
2014-10-17,24.0,0.4,36000.0,39707.58
2014-10-18,25.4,0.0,36000.0,39544.88
2014-10-19,25.7,0.0,36089.59,39382.44
2014-10-20,24.5,0.0,36126.75,39220.37
2014-10-21,22.1,0.5,24242.5,39058.81
2014-10-22,20.0,1.1,34510.43,38897.9
2014-10-23,18.1,0.0,36000.0,38737.77
2014-10-24,19.0,0.1,36000.0,38578.56
2014-10-25,20.0,0.0,36000.0,38420.42
2014-10-26,19.5,0.0,36000.0,38263.49
2014-10-27,18.8,0.0,36000.0,38107.92
2014-10-28,18.7,0.0,32400.0,37953.85
2014-10-29,18.8,0.4,36000.0,37801.44
2014-10-30,19.8,0.0,36000.0,37650.86
2014-10-31,19.9,0.0,36000.0,37502.26
2014-11-01,19.6,0.0,35981.08,37355.62
2014-11-02,19.4,0.0,35906.91,37209.62
2014-11-03,18.6,0.0,34752.51,37064.07
2014-11-04,18.1,0.5,31376.16,36919.11
2014-11-05,17.6,47.5,1198.44,36774.88
2014-11-06,17.0,31.0,0.0,36631.54
2014-11-07,18.7,27.2,0.0,36489.25
2014-11-08,19.5,3.8,30843.79,36348.15
2014-11-09,18.9,2.1,35348.01,36208.43
2014-11-10,19.5,0.0,27829.77,36070.22
2014-11-11,19.5,0.7,16610.14,35933.72
2014-11-12,16.3,8.0,0.0,35799.08
2014-11-13,16.9,1.7,30831.53,35666.49
2014-11-14,18.2,0.0,34941.23,35536.1
2014-11-15,17.3,18.1,15093.4,35408.12
2014-11-16,17.4,15.5,30644.05,35282.72
2014-11-17,16.7,11.1,17489.47,35160.09
2014-11-18,16.4,7.0,33839.98,35040.43
2014-11-19,16.4,12.0,32400.92,34923.92
2014-11-20,16.3,0.0,33759.12,34810.76
2014-11-21,16.2,0.0,33718.1,34700.99
2014-11-22,17.0,0.0,33320.95,34593.42
2014-11-23,16.7,0.8,22106.82,34487.88
2014-11-24,17.3,0.0,30961.17,34384.51
2014-11-25,17.7,0.0,31204.0,34283.44
2014-11-26,16.9,3.5,16086.69,34184.81
2014-11-27,17.0,0.6,29696.5,34088.76
2014-11-28,19.5,0.0,25678.21,33995.44
2014-11-29,19.6,1.3,14406.07,33904.99
2014-11-30,22.2,0.3,29825.68,33817.55
2014-12-01,18.2,17.8,26242.57,33733.26
2014-12-02,16.9,1.3,28857.6,33652.29
2014-12-03,15.5,18.5,704.29,33574.77
2014-12-04,16.3,5.7,25572.46,33500.86
2014-12-05,14.5,2.8,13444.95,33430.7
2014-12-06,13.7,8.2,19895.77,33364.44
2014-12-07,13.2,1.7,28342.42,33302.24
2014-12-08,13.7,0.0,30195.35,33244.24
2014-12-09,13.5,0.0,29638.17,33190.59
2014-12-10,12.5,0.0,30257.49,33141.45
2014-12-11,12.4,0.0,28282.34,33096.87
2014-12-12,12.5,0.0,30307.99,33056.31
2014-12-13,14.5,0.0,21117.5,33019.66
2014-12-14,15.1,0.0,28374.85,32986.94
2014-12-15,14.7,1.6,8313.48,32958.18
2014-12-16,13.3,4.5,1504.05,32933.41
2014-12-17,13.6,0.2,29241.43,32912.64
2014-12-18,15.0,0.0,29976.26,32895.9
2014-12-19,14.1,0.0,29965.44,32883.21
2014-12-20,14.8,0.0,19600.29,32874.58
2014-12-21,15.8,0.0,30312.89,32870.03
2014-12-22,14.2,0.0,29178.77,32869.58
2014-12-23,13.7,0.0,29162.62,32873.22
2014-12-24,13.3,0.0,29145.35,32880.97
2014-12-25,13.5,0.0,18301.02,32892.85
2014-12-26,12.9,0.0,30974.29,32908.85
2014-12-27,10.5,16.8,22837.38,32928.97
2014-12-28,10.9,5.0,29233.89,32953.22
2014-12-29,6.3,0.0,31296.32,32981.59
2014-12-30,3.2,0.0,31340.78,33014.08
2014-12-31,2.2,0.0,31386.8,33050.73
2015-01-01,7.9,0.0,31435.26,33091.97
2015-01-02,9.9,0.0,31486.11,33137.77
2015-01-03,12.1,0.0,23049.5,33188.0
2015-01-04,14.2,0.1,28374.91,33242.53
2015-01-05,11.0,0.0,31651.6,33301.23
2015-01-06,12.4,0.0,31710.64,33363.96
2015-01-07,12.9,0.0,29903.21,33430.59
2015-01-08,12.5,0.0,21170.6,33500.99
2015-01-09,13.3,0.0,24336.1,33575.01
2015-01-10,14.4,0.0,28362.51,33652.54
2015-01-11,14.0,0.1,1581.02,33733.42
2015-01-12,12.8,0.0,32095.97,33817.54
2015-01-13,13.0,0.0,32164.1,33904.75
2015-01-14,13.4,0.1,22152.49,33994.92
2015-01-15,13.3,0.0,31810.04,34087.92
2015-01-16,14.2,0.0,32372.52,34183.63
2015-01-17,13.9,3.2,25600.45,34281.92
2015-01-18,12.2,4.4,16495.8,34382.65
2015-01-19,12.8,0.8,28275.33,34485.71
2015-01-20,11.4,9.3,3323.84,34591.11
2015-01-21,12.2,5.5,21677.32,34700.0
2015-01-22,12.0,2.6,13123.17,34812.47
2015-01-23,12.0,2.1,27528.19,34928.33
2015-01-24,13.3,0.0,32400.0,35047.38
2015-01-25,11.6,0.0,32400.0,35169.42
2015-01-26,11.6,0.0,32400.0,35294.25
2015-01-27,9.4,0.0,32948.58,35421.7
2015-01-28,9.6,0.0,32917.88,35551.58
2015-01-29,10.0,9.4,9335.98,35683.72
2015-01-30,12.8,19.8,19508.64,35817.92
2015-01-31,9.4,16.7,17111.21,35954.01
2015-02-01,8.4,3.1,31091.37,36091.83
2015-02-02,9.3,2.2,32412.16,36231.22
2015-02-03,9.2,8.3,15105.77,36371.99
2015-02-04,12.0,12.9,15138.94,36513.99
2015-02-05,10.9,22.1,11163.42,36657.06
2015-02-06,10.1,0.6,32941.56,36801.05
2015-02-07,10.8,5.0,31704.46,36945.81
2015-02-08,10.2,0.1,33426.31,37091.19
2015-02-09,7.2,0.0,35310.92,37237.21
2015-02-10,14.1,0.0,35672.58,37385.24
2015-02-11,14.3,0.0,35375.77,37535.47
2015-02-12,13.1,0.1,34683.77,37687.71
2015-02-13,12.0,1.9,20480.56,37841.81
2015-02-14,11.8,0.7,34474.22,37997.58
2015-02-15,12.4,0.0,30708.74,38154.88
2015-02-16,11.2,11.4,1127.34,38313.54
2015-02-17,17.1,0.0,37237.31,38473.42
2015-02-18,13.7,0.0,37926.7,38634.35
2015-02-19,12.3,0.0,36154.47,38796.18
2015-02-20,12.2,0.0,34319.75,38958.78
2015-02-21,10.5,4.1,17887.02,39122.0
2015-02-22,12.9,8.1,10288.41,39285.69
2015-02-23,15.0,0.0,29597.81,39449.72
2015-02-24,12.8,6.1,25436.98,39613.96
2015-02-25,13.3,0.4,21984.66,39778.26
2015-02-26,14.1,0.8,32608.49,39942.49
2015-02-27,14.3,0.0,39155.19,40106.52
2015-02-28,14.0,0.0,39227.54,40270.23
2015-03-01,13.9,0.0,33172.85,40433.64
2015-03-02,13.8,1.4,2542.56,40598.08
2015-03-03,16.7,0.0,39442.49,40763.71
2015-03-04,14.4,4.5,21500.26,40930.43
2015-03-05,10.7,38.2,0.0,41098.11
2015-03-06,11.4,0.7,39600.0,41266.62
2015-03-07,12.0,0.0,39600.0,41435.85
2015-03-08,13.5,0.0,39600.0,41605.68
2015-03-09,14.4,0.0,39600.0,41775.99
2015-03-10,13.8,0.0,39600.0,41946.67
2015-03-11,14.7,0.0,39741.67,42117.59
2015-03-12,13.7,0.3,39999.71,42288.65
2015-03-13,14.3,0.0,40257.27,42459.72
2015-03-14,14.2,0.0,39895.7,42630.71
2015-03-15,11.9,6.6,7596.11,42801.48
2015-03-16,12.8,20.2,0.0,42971.94
2015-03-17,14.6,5.5,8749.05,43141.97
2015-03-18,16.4,0.0,40615.46,43311.45
2015-03-19,17.2,0.0,40872.85,43480.28
2015-03-20,16.1,0.0,41439.22,43648.32
2015-03-21,14.3,0.0,36603.63,43815.64
2015-03-22,12.3,8.7,6596.5,43983.41
2015-03-23,15.8,0.2,40884.98,44151.82
2015-03-24,18.3,0.0,39271.79,44320.78
2015-03-25,14.4,35.4,9916.88,44490.17
2015-03-26,18.4,9.5,39494.57,44659.91
2015-03-27,17.2,5.6,40290.45,44829.88
2015-03-28,18.4,0.0,43058.2,44999.98
2015-03-29,17.2,0.0,43014.42,45170.1
2015-03-30,16.0,0.0,16014.52,45340.14
2015-03-31,18.7,0.0,43249.62,45510.0
2015-04-01,19.2,0.0,43835.29,45679.57
2015-04-02,17.3,0.0,43803.49,45848.74
2015-04-03,17.1,0.5,42870.57,46017.4
2015-04-04,15.1,7.1,33231.53,46185.46
2015-04-05,13.3,10.5,9714.52,46352.78
2015-04-06,14.2,0.0,44608.74,46519.25
2015-04-07,11.7,0.0,44889.26,46684.77
2015-04-08,15.9,0.0,45170.64,46849.22
2015-04-09,17.9,0.0,45141.53,47012.47
2015-04-10,16.9,0.0,45424.34,47174.56
2015-04-11,15.5,0.0,44147.31,47336.61
2015-04-12,18.1,0.0,45367.67,47498.81
2015-04-13,20.3,0.0,45652.56,47661.05
2015-04-14,21.5,0.0,45872.66,47823.22
2015-04-15,19.9,0.0,45938.49,47985.22
2015-04-16,19.6,0.0,44461.9,48146.94
2015-04-17,20.1,0.3,42431.29,48308.26
2015-04-18,18.6,0.1,41550.27,48469.06
2015-04-19,18.6,8.0,39720.63,48629.24
2015-04-20,18.0,3.3,46267.85,48788.67
2015-04-21,21.5,0.0,47210.29,48947.24
2015-04-22,21.3,0.0,47517.77,49104.8
2015-04-23,20.0,0.0,36201.8,49261.25
2015-04-24,20.1,0.2,42930.27,49416.45
2015-04-25,19.7,0.1,45657.9,49570.27
2015-04-26,19.5,0.0,40523.15,49722.56
2015-04-27,18.0,16.3,18303.21,49873.21
2015-04-28,18.2,12.0,22259.01,50022.06
2015-04-29,18.7,0.7,41043.48,50168.96
2015-04-30,18.0,0.2,46800.0,50313.92
2015-05-01,18.8,0.1,43689.0,50458.01
2015-05-02,19.7,0.0,46509.05,50601.4
2015-05-03,22.5,0.0,48519.89,50743.99
2015-05-04,24.5,0.0,49936.58,50885.64
2015-05-05,27.6,0.0,47805.48,51026.22
2015-05-06,25.7,0.0,32701.12,51165.63
2015-05-07,26.8,0.0,50157.69,51303.73
2015-05-08,25.1,0.0,50229.05,51440.39
2015-05-09,24.8,0.0,50299.12,51575.47
2015-05-10,27.2,0.0,50367.84,51708.85
2015-05-11,26.0,0.0,50400.0,51840.37
2015-05-12,24.3,0.0,50400.0,51969.91
2015-05-13,24.6,0.0,50400.0,52097.33
2015-05-14,23.6,0.0,36870.9,52222.46
2015-05-15,24.8,0.0,25588.31,52345.16
2015-05-16,21.1,0.0,36880.89,52465.28
2015-05-17,30.6,0.0,49632.7,52582.67
2015-05-18,28.6,0.0,50400.0,52697.17
2015-05-19,26.3,0.0,50400.0,52808.61
2015-05-20,24.3,0.0,49102.21,52916.97
2015-05-21,20.2,0.0,49781.01,53023.1
2015-05-22,19.7,1.5,46800.0,53127.15
2015-05-23,18.7,4.3,33586.9,53229.01
2015-05-24,19.4,3.6,43291.18,53328.57
2015-05-25,21.5,0.0,50400.0,53425.73
2015-05-26,21.2,1.9,49887.9,53520.36
2015-05-27,22.7,3.4,44730.1,53612.37
2015-05-28,23.4,0.0,50400.0,53701.65
2015-05-29,23.7,0.0,50400.0,53788.07
2015-05-30,23.1,0.0,50400.0,53871.53
2015-05-31,24.6,0.0,47127.65,53951.92
2015-06-01,26.3,0.2,50400.0,54029.12
2015-06-02,27.7,0.0,50441.06,54103.01
2015-06-03,29.3,0.0,50420.69,54173.49
2015-06-04,29.5,0.0,50401.03,54240.43
2015-06-05,31.2,0.2,50400.0,54303.72
2015-06-06,30.6,0.2,49504.64,54363.25
2015-06-07,30.4,1.8,43182.26,54418.9
2015-06-08,26.5,3.7,42059.51,54470.56
2015-06-09,27.8,1.1,49366.3,54518.19
2015-06-10,29.3,1.6,50400.0,54562.14
2015-06-11,29.2,0.7,50639.63,54602.52
2015-06-12,28.7,0.0,33571.72,54639.28
2015-06-13,30.9,0.0,50967.56,54672.4
2015-06-14,25.6,4.4,47483.46,54701.87
2015-06-15,24.4,1.4,21721.52,54727.66
2015-06-16,25.7,0.3,48079.48,54749.75
2015-06-17,24.8,6.1,41874.67,54768.12
2015-06-18,26.8,0.0,51267.35,54782.74
2015-06-19,26.4,0.0,50547.09,54793.62
2015-06-20,25.9,3.6,49565.91,54800.74
2015-06-21,26.9,0.0,51242.66,54804.08
2015-06-22,26.4,0.0,51591.59,54803.64
2015-06-23,27.0,0.0,50400.0,54799.4
2015-06-24,25.9,0.9,49245.2,54791.37
2015-06-25,26.4,0.5,51221.54,54779.54
2015-06-26,28.4,0.0,51573.67,54763.9
2015-06-27,30.2,0.0,50030.72,54744.46
2015-06-28,31.0,0.0,51570.48,54721.22
2015-06-29,30.5,0.0,49808.64,54694.15
2015-06-30,29.8,0.5,51216.8,54662.94
2015-07-01,31.4,0.0,51572.28,54627.64
2015-07-02,31.2,0.0,51220.98,54588.32
2015-07-03,32.4,2.3,50518.12,54545.08
2015-07-04,33.2,0.0,51581.1,54498.01
2015-07-05,32.2,1.8,50881.11,54447.21
2015-07-06,32.6,0.0,50535.51,54392.78
2015-07-07,32.8,0.0,50894.44,54334.8
2015-07-08,31.5,0.0,51253.28,54273.4
2015-07-09,31.5,0.0,51261.63,54208.66
2015-07-10,32.7,0.2,50571.23,54140.67
2015-07-11,32.4,0.0,51280.91,54069.55
2015-07-12,32.6,0.0,49212.63,53995.39
2015-07-13,30.8,0.0,50607.57,53918.28
2015-07-14,31.8,0.0,50621.55,53838.34
2015-07-15,34.1,0.0,50636.45,53755.65
2015-07-16,35.2,0.0,50998.52,53670.31
2015-07-17,35.8,0.0,51014.68,53582.44
2015-07-18,35.7,0.0,51031.77,53492.09
2015-07-19,34.6,0.0,50705.53,53399.29
2015-07-20,35.4,0.0,50400.0,53303.21
2015-07-21,35.5,0.0,50403.06,53203.79
2015-07-22,35.7,1.9,47914.31,53101.18
2015-07-23,34.3,0.3,50137.36,52995.55
2015-07-24,33.5,3.9,50373.78,52887.03
2015-07-25,31.0,0.0,50318.45,52775.78
2015-07-26,29.9,0.0,50262.34,52661.95
2015-07-27,30.2,0.0,49128.16,52545.68
2015-07-28,30.0,0.0,48813.15,52427.12
2015-07-29,31.4,0.0,50090.08,52306.4
2015-07-30,31.8,0.0,49856.76,52183.67
2015-07-31,32.0,0.8,48876.95,52059.06
2015-08-01,32.8,1.0,49652.07,51932.71
2015-08-02,32.1,0.1,48920.31,51804.74
2015-08-03,33.9,0.0,49794.41,51675.28
2015-08-04,34.5,0.0,49624.32,51544.47
2015-08-05,35.8,0.0,49315.48,51412.42
2015-08-06,35.4,0.0,49008.13,51279.26
2015-08-07,35.3,0.0,48702.18,51145.1
2015-08-08,35.8,0.0,48724.96,51009.92
2015-08-09,33.9,0.1,48094.72,50872.69
2015-08-10,28.2,15.7,32369.71,50733.28
2015-08-11,27.0,9.4,33091.5,50591.84
2015-08-12,31.7,0.0,47195.3,50448.51
2015-08-13,33.7,0.0,48193.75,50303.44
2015-08-14,32.2,0.1,40695.87,50156.76
2015-08-15,27.9,2.9,38903.87,50008.62
2015-08-16,25.2,3.1,27580.38,49859.13
2015-08-17,26.1,0.0,47332.06,49708.43
2015-08-18,27.3,0.0,47039.29,49556.65
2015-08-19,24.4,7.3,38031.71,49403.9
2015-08-20,27.6,0.0,47005.65,49250.32
2015-08-21,28.7,0.0,46942.88,49096.03
2015-08-22,28.5,0.0,46561.56,48941.12
2015-08-23,27.7,0.4,46433.87,48785.73
2015-08-24,28.4,0.0,42259.55,48629.96
2015-08-25,28.3,0.0,46247.61,48473.93
2015-08-26,29.2,0.0,46153.97,48317.74
2015-08-27,30.2,0.0,45853.08,48161.49
2015-08-28,29.9,0.0,45894.48,48005.16
2015-08-29,32.1,0.0,45623.49,47847.65
2015-08-30,34.1,0.0,45041.39,47688.82
2015-08-31,34.1,0.0,44774.03,47528.8
2015-09-01,32.7,0.0,44820.11,47367.68
2015-09-02,30.2,0.5,44243.6,47205.6
2015-09-03,29.3,0.0,43980.33,47042.65
2015-09-04,29.0,15.4,38261.57,46878.96
2015-09-05,25.2,80.9,29233.41,46714.62
2015-09-06,24.5,0.0,39473.03,46549.75
2015-09-07,24.2,1.0,42271.21,46384.44
2015-09-08,24.8,0.0,43200.0,46218.81
2015-09-09,25.0,0.0,29682.48,46052.96
2015-09-10,25.5,0.0,43200.0,45886.98
2015-09-11,24.8,0.0,38736.53,45720.98
2015-09-12,26.0,0.0,43200.0,45555.05
2015-09-13,26.7,1.8,39307.59,45389.3
2015-09-14,26.6,1.5,39134.83,45223.81
2015-09-15,28.0,0.3,40555.39,45058.69
2015-09-16,28.4,0.0,43200.0,44894.03
2015-09-17,30.7,0.0,43200.0,44729.79
2015-09-18,29.0,0.0,43200.0,44564.87
2015-09-19,28.1,0.0,42742.63,44399.09
2015-09-20,25.2,0.2,43200.0,44232.57
2015-09-21,27.5,0.0,43189.53,44065.41
2015-09-22,25.0,0.0,43127.15,43897.71
2015-09-23,22.7,9.5,34998.58,43729.58
2015-09-24,21.5,1.3,43001.92,43561.12
2015-09-25,22.0,0.0,29516.7,43392.44
2015-09-26,23.5,0.0,39279.04,43223.62
2015-09-27,23.1,1.0,37061.65,43054.78
2015-09-28,22.8,0.2,38443.92,42886.02
2015-09-29,22.5,0.0,38809.17,42717.44
2015-09-30,22.3,0.9,31636.91,42549.15
2015-10-01,17.9,21.1,0.0,42381.24
2015-10-02,21.0,3.5,23651.87,42213.83
2015-10-03,21.9,3.5,40359.7,42047.01
2015-10-04,22.9,0.1,37167.39,41880.89
2015-10-05,23.2,3.6,33042.35,41715.57
2015-10-06,24.2,0.5,36693.8,41551.17
2015-10-07,21.4,6.1,19786.82,41387.65
2015-10-08,22.6,0.0,36797.93,41223.8
2015-10-09,21.6,3.1,21950.12,41059.45
2015-10-10,20.3,29.7,590.82,40894.7
2015-10-11,20.1,0.7,36744.43,40729.69
2015-10-12,21.6,0.0,37776.22,40564.53
2015-10-13,21.4,17.6,28973.48,40399.34
2015-10-14,19.9,43.5,12619.21,40234.23
2015-10-15,18.9,11.8,36000.0,40069.33
2015-10-16,18.0,0.7,36000.0,39904.77
2015-10-17,18.6,0.3,36325.27,39740.67
2015-10-18,20.7,0.0,32400.0,39577.17
2015-10-19,21.0,3.8,20368.3,39414.37
2015-10-20,20.8,1.0,27309.53,39252.42
2015-10-21,19.0,0.0,20636.75,39091.46
2015-10-22,17.9,0.0,36000.0,38931.62
2015-10-23,18.7,0.0,36000.0,38773.03
2015-10-24,19.3,0.0,36000.0,38615.85
2015-10-25,19.6,0.0,30877.02,38460.21
2015-10-26,18.6,0.0,26114.57,38306.26
2015-10-27,20.5,4.6,36000.0,38153.98
2015-10-28,18.4,3.9,9622.11,38002.05
2015-10-29,17.0,15.1,25055.66,37850.28
2015-10-30,21.1,0.0,36000.0,37698.81
2015-10-31,21.0,0.0,36000.0,37547.77
2015-11-01,19.8,0.0,36000.0,37397.33
2015-11-02,19.6,0.0,35927.83,37247.63
2015-11-03,19.8,0.0,35852.49,37098.82
2015-11-04,20.6,0.0,35778.4,36951.05
2015-11-05,19.4,1.7,32687.6,36804.47
2015-11-06,20.1,0.0,33534.88,36659.28
2015-11-07,20.7,0.0,35564.65,36515.6
2015-11-08,21.2,0.0,35496.55,36373.62
2015-11-09,20.1,0.0,35430.2,36233.51
2015-11-10,18.6,0.0,35365.7,36095.44
2015-11-11,18.8,0.0,35303.15,35959.59
2015-11-12,17.6,0.0,32281.52,35826.15
2015-11-13,17.0,0.0,33351.18,35695.29
2015-11-14,18.0,0.0,31873.47,35567.22
2015-11-15,17.5,0.0,34666.87,35442.1
2015-11-16,17.3,0.0,34723.3,35319.99
2015-11-17,16.7,0.0,32922.26,35199.61
2015-11-18,17.0,0.0,26663.98,35080.76
2015-11-19,17.6,0.0,27416.4,34963.61
2015-11-20,17.4,0.1,16363.13,34848.3
2015-11-21,17.0,10.3,0.0,34734.97
2015-11-22,12.7,1.0,30021.57,34623.79
2015-11-23,12.7,9.2,21930.59,34514.9
2015-11-24,14.0,1.3,27866.58,34408.46
2015-11-25,12.1,0.3,33190.24,34304.63
2015-11-26,8.3,9.8,46.47,34203.58
2015-11-27,9.9,4.2,12995.29,34105.47
2015-11-28,11.7,0.0,32634.38,34010.46
2015-11-29,12.7,0.0,31970.71,33918.72
2015-11-30,12.8,0.0,32026.46,33830.42
2015-12-01,15.0,0.0,22711.96,33745.73
2015-12-02,14.7,0.0,31039.8,33664.82
2015-12-03,14.6,0.0,28833.14,33587.86
2015-12-04,14.6,0.0,27207.36,33515.03
2015-12-05,14.9,0.0,28895.38,33446.49
2015-12-06,15.1,0.0,29290.87,33382.33
2015-12-07,16.0,0.0,29416.13,33321.75
2015-12-08,15.8,0.0,28898.55,33264.65
2015-12-09,14.7,0.0,25446.4,33211.07
2015-12-10,14.4,0.0,29876.51,33161.09
2015-12-11,12.5,0.0,30272.97,33114.78
2015-12-12,13.3,0.0,29928.3,33072.18
2015-12-13,12.8,0.0,27824.35,33033.38
2015-12-14,13.9,0.0,25500.57,32998.43
2015-12-15,13.6,0.0,29626.93,32967.39
2015-12-16,13.9,0.0,29620.49,32940.31
2015-12-17,13.5,0.0,30022.2,32917.26
2015-12-18,13.6,0.0,30033.68,32898.28
2015-12-19,14.2,0.0,29966.18,32883.44
2015-12-20,14.4,0.0,29955.0,32872.78
2015-12-21,14.7,0.0,30315.67,32866.35
2015-12-22,14.6,0.0,29928.99,32864.19
2015-12-23,14.4,0.0,29914.19,32866.36
2015-12-24,13.8,0.0,29151.53,32872.9
2015-12-25,15.0,0.0,29507.88,32883.84
2015-12-26,14.1,0.0,29863.04,32899.24
2015-12-27,14.7,0.0,30963.1,32919.26
2015-12-28,14.1,0.0,31234.53,32943.86
2015-12-29,12.4,0.0,30918.03,32972.93
2015-12-30,11.8,0.0,31324.77,33006.4
2015-12-31,10.6,0.0,26505.77,33044.15
2016-01-01,11.5,0.0,16622.37,33086.1
2016-01-02,11.4,5.9,0.0,33132.14
2016-01-03,11.8,12.3,28647.0,33182.16
2016-01-04,13.0,11.5,0.0,33236.08
2016-01-05,12.2,4.4,0.0,33293.78
2016-01-06,11.3,10.1,18693.4,33355.16
2016-01-07,12.0,0.0,28775.46,33420.11
2016-01-08,15.4,0.0,14846.15,33488.54
2016-01-09,15.8,0.5,19873.17,33560.34
2016-01-10,15.9,8.6,31953.06,33635.39
2016-01-11,16.1,1.4,23350.13,33713.61
2016-01-12,13.4,1.1,31930.62,33794.87
2016-01-13,12.2,1.1,32148.21,33879.08
2016-01-14,11.6,7.7,19743.4,33966.14
2016-01-15,12.2,9.1,612.25,34056.07
2016-01-16,9.3,0.0,17268.49,34149.86
2016-01-17,7.4,0.0,32491.65,34247.6
2016-01-18,6.8,0.0,32473.8,34349.08
2016-01-19,8.4,0.0,32400.0,34454.11
2016-01-20,8.9,0.9,32434.51,34562.5
2016-01-21,11.7,0.1,32400.0,34674.07
2016-01-22,12.1,0.0,32400.0,34788.62
2016-01-23,11.5,0.0,32400.0,34905.98
2016-01-24,12.1,0.0,32400.0,35025.98
2016-01-25,12.6,0.0,32664.36,35148.42
2016-01-26,12.9,0.0,32400.0,35273.13
2016-01-27,13.8,0.0,25863.55,35399.95
2016-01-28,13.6,0.0,11620.1,35528.71
2016-01-29,13.5,0.0,14033.25,35659.24
2016-01-30,13.5,0.1,12942.15,35791.38
2016-01-31,13.8,1.4,11810.99,35924.97
2016-02-01,15.2,0.0,30900.47,36059.85
2016-02-02,14.6,0.0,14558.91,36195.87
2016-02-03,13.9,1.2,23094.66,36332.89
2016-02-04,11.7,1.2,33030.37,36470.93
2016-02-05,14.0,0.0,34004.3,36611.34
2016-02-06,13.3,0.0,33627.46,36754.27
2016-02-07,12.2,1.9,4274.59,36899.54
2016-02-08,13.3,0.7,27917.1,37046.98
2016-02-09,14.2,0.4,21046.89,37196.4
2016-02-10,12.9,6.4,33521.43,37347.65
2016-02-11,12.4,7.5,30258.79,37500.54
2016-02-12,11.7,9.5,10760.89,37654.9
2016-02-13,15.0,8.3,25371.54,37810.59
2016-02-14,16.1,16.5,18000.0,37967.43
2016-02-15,14.5,14.9,29638.79,38125.29
2016-02-16,15.6,3.0,15640.45,38283.99
2016-02-17,14.7,5.0,33853.02,38443.39
2016-02-18,14.7,0.0,32501.07,38603.35
2016-02-19,13.5,0.0,36342.09,38763.71
2016-02-20,12.9,0.7,38380.68,38924.34
2016-02-21,14.5,0.0,38542.43,39085.1
2016-02-22,16.0,0.0,30427.39,39245.86
2016-02-23,15.8,0.2,35372.14,39406.46
2016-02-24,16.1,0.0,37102.9,39566.96
2016-02-25,15.0,4.5,33933.88,39728.68
2016-02-26,14.3,0.4,39063.44,39891.83
2016-02-27,14.1,2.2,11891.84,40056.25
2016-02-28,15.6,24.1,0.0,40221.82
2016-02-29,12.4,29.8,23956.57,40388.4
2016-03-01,16.0,2.0,39353.27,40555.87
2016-03-02,15.2,0.0,36037.72,40724.11
2016-03-03,12.4,4.0,36674.12,40892.97
2016-03-04,13.2,0.0,39568.05,41062.34
2016-03-05,13.4,8.4,14290.65,41232.09
2016-03-06,13.0,7.3,38586.28,41402.11
2016-03-07,11.7,1.7,38297.14,41572.27
2016-03-08,12.2,7.9,35283.27,41742.45
2016-03-09,10.7,6.5,31905.98,41912.54
2016-03-10,12.5,5.1,31148.64,42082.43
2016-03-11,15.7,0.0,40010.64,42251.98
2016-03-12,16.7,0.0,39600.0,42421.08
2016-03-13,16.6,0.2,39050.18,42589.63
2016-03-14,16.2,0.1,40167.37,42757.5
2016-03-15,12.7,1.6,38126.12,42924.72
2016-03-16,13.0,1.0,40066.33,43092.52
2016-03-17,16.3,1.8,38789.02,43261.09
2016-03-18,15.6,1.3,39600.0,43430.31
2016-03-19,16.7,0.0,42061.73,43600.1
2016-03-20,15.3,0.3,31408.58,43770.34
2016-03-21,18.5,1.1,29886.94,43940.92
2016-03-22,21.2,0.1,28881.14,44111.75
2016-03-23,14.3,3.9,27660.61,44282.71
2016-03-24,15.7,0.0,40838.9,44453.71
2016-03-25,14.6,0.0,42683.96,44624.64
2016-03-26,17.1,0.0,42788.02,44795.38
2016-03-27,16.3,0.0,42891.88,44965.84
2016-03-28,15.4,3.9,25877.92,45135.91
2016-03-29,16.9,0.3,35877.95,45305.48
2016-03-30,18.4,0.0,42800.24,45474.44
2016-03-31,22.0,0.0,43200.0,45642.67
2016-04-01,21.8,0.0,43200.0,45810.08
2016-04-02,22.7,0.0,43200.0,45976.54
2016-04-03,22.5,0.0,44057.53,46141.93
2016-04-04,21.3,0.0,44026.41,46306.3
2016-04-05,22.3,0.0,42862.61,46470.77
2016-04-06,24.0,0.0,44585.68,46635.54
2016-04-07,24.6,0.0,41949.01,46800.5
2016-04-08,19.5,1.1,3005.7,46965.55
2016-04-09,15.0,0.0,37988.47,47130.57
2016-04-10,18.3,0.7,45402.09,47295.48
2016-04-11,18.6,0.0,45061.28,47460.15
2016-04-12,20.7,0.0,43200.0,47624.48
2016-04-13,22.5,0.1,44377.6,47788.35
2016-04-14,20.4,0.0,38724.22,47951.66
2016-04-15,19.9,0.0,46147.65,48114.28
2016-04-16,21.6,0.4,46167.26,48276.1
2016-04-17,22.6,0.0,46187.3,48436.99
2016-04-18,21.9,0.0,20750.73,48596.83
2016-04-19,20.7,0.0,46545.59,48755.51
2016-04-20,22.9,0.0,47202.37,48912.88
2016-04-21,21.0,0.0,39783.63,49068.82
2016-04-22,19.5,5.0,38166.4,49223.2
2016-04-23,17.2,12.7,29627.74,49375.87
2016-04-24,16.5,17.4,21134.19,49526.85
2016-04-25,14.7,4.7,46602.26,49677.23
2016-04-26,15.4,1.7,47699.61,49827.2
2016-04-27,16.2,1.8,46230.52,49976.62
2016-04-28,16.3,3.0,2916.63,50125.39
2016-04-29,20.4,0.4,48626.99,50273.39
2016-04-30,19.4,3.2,42362.15,50420.49
2016-05-01,16.8,13.2,44800.83,50566.56
2016-05-02,16.8,0.9,41000.1,50711.49
2016-05-03,21.7,0.0,49918.97,50855.14
2016-05-04,21.9,0.0,49443.74,50997.37
2016-05-05,20.8,3.1,50070.07,51138.06
2016-05-06,20.8,0.0,50143.65,51277.06
2016-05-07,21.1,0.0,43844.58,51414.23
2016-05-08,20.8,0.5,43652.22,51549.42
2016-05-09,22.2,0.0,42687.32,51682.49
2016-05-10,23.5,0.0,48170.3,51813.29
2016-05-11,21.5,3.9,23200.46,51941.65
2016-05-12,19.1,16.4,39600.0,52067.44
2016-05-13,18.8,10.0,50351.03,52190.48
2016-05-14,17.2,18.7,25324.39,52310.74
2016-05-15,19.7,5.0,39803.61,52429.19
2016-05-16,20.3,2.3,49404.34,52545.94
2016-05-17,19.1,10.8,34461.92,52660.91
2016-05-18,19.3,0.3,50086.95,52773.97
2016-05-19,18.5,9.3,45498.9,52884.99
2016-05-20,21.0,1.1,50400.0,52993.89
2016-05-21,25.2,0.0,50400.0,53100.5
2016-05-22,24.2,0.0,50400.0,53204.74
2016-05-23,20.5,0.6,50400.0,53306.46
2016-05-24,19.8,0.8,50400.0,53405.54
2016-05-25,21.8,0.0,49922.17,53501.87
2016-05-26,23.1,0.0,50400.0,53595.3
2016-05-27,26.3,0.0,50400.0,53685.7
2016-05-28,25.9,0.0,46100.3,53772.96
2016-05-29,23.8,0.7,43972.78,53856.93
2016-05-30,20.8,0.4,50291.18,53937.49
2016-05-31,21.9,0.0,50467.26,54014.49
2016-06-01,21.6,0.5,48466.08,54087.82
2016-06-02,19.5,15.5,28480.34,54157.34
2016-06-03,21.4,0.0,43284.99,54222.98
2016-06-04,22.5,0.5,50400.0,54285.29
2016-06-05,24.1,0.7,50400.0,54344.37
2016-06-06,25.0,0.9,50400.0,54400.15
2016-06-07,25.7,0.0,50400.0,54452.58
2016-06-08,25.5,2.6,49332.81,54501.62
2016-06-09,22.0,11.8,16579.57,54547.21
2016-06-10,24.3,0.2,46738.3,54589.29
2016-06-11,24.3,0.7,48745.11,54627.83
2016-06-12,23.7,5.7,41936.63,54662.76
2016-06-13,23.9,0.4,50400.0,54694.05
2016-06-14,23.7,0.3,50944.19,54721.65
2016-06-15,24.1,0.0,51283.21,54745.52
2016-06-16,29.6,0.0,50922.01,54765.61
2016-06-17,24.3,0.0,34765.02,54781.88
2016-06-18,26.0,0.0,50903.22,54794.3
2016-06-19,24.8,1.9,50142.76,54802.83
2016-06-20,22.4,0.2,39566.69,54807.43
2016-06-21,27.1,0.0,51237.65,54808.07
2016-06-22,29.0,0.0,50876.98,54804.72
2016-06-23,32.7,0.0,51583.78,54797.35
2016-06-24,33.7,0.0,50514.25,54785.82
2016-06-25,33.5,1.6,50400.0,54770.19
2016-06-26,30.7,0.0,51574.96,54750.51
2016-06-27,27.9,0.0,51218.71,54726.85
2016-06-28,29.6,0.0,51572.6,54699.27
2016-06-29,30.4,0.0,50400.0,54667.85
2016-06-30,29.6,0.0,51573.24,54632.65
2016-07-01,31.5,0.0,51574.74,54593.74
2016-07-02,31.6,0.0,51577.05,54551.2
2016-07-03,30.4,0.0,51227.44,54505.1
2016-07-04,30.8,0.0,50527.15,54455.51
2016-07-05,30.8,0.0,51237.09,54402.52
2016-07-06,30.5,0.9,51243.23,54346.19
2016-07-07,32.1,0.1,51250.29,54286.61
2016-07-08,31.7,0.0,51258.3,54223.85
2016-07-09,31.9,0.0,51267.23,54157.99
2016-07-10,32.0,0.0,49782.37,54089.11
2016-07-11,33.1,0.0,51288.02,54017.29
2016-07-12,33.4,0.0,51299.9,53942.6
2016-07-13,31.0,0.0,50965.08,53865.04
2016-07-14,28.3,0.0,50320.72,53783.89
2016-07-15,22.5,7.0,34450.96,53699.11
2016-07-16,25.4,0.0,51011.28,53610.85
2016-07-17,28.5,0.0,51028.58,53519.26
2016-07-18,31.8,0.0,51046.78,53424.48
2016-07-19,33.9,0.0,50722.04,53326.67
2016-07-20,33.9,0.0,50742.74,53225.94
2016-07-21,33.7,0.0,50764.28,53122.47
2016-07-22,32.0,0.0,50445.0,53016.37
2016-07-23,34.1,0.0,47319.08,52907.79
2016-07-24,31.9,1.2,26101.1,52796.86
2016-07-25,29.7,1.6,45365.73,52683.73
2016-07-26,32.0,0.0,50216.31,52568.51
2016-07-27,31.3,3.5,50159.03,52451.34
2016-07-28,30.0,0.0,46966.98,52332.35
2016-07-29,30.8,0.0,50043.55,52211.66
2016-07-30,32.3,0.0,49985.52,52089.4
2016-07-31,32.4,0.0,49927.39,51965.68
2016-08-01,30.0,0.4,46894.22,51840.63
2016-08-02,31.8,0.0,49598.26,51714.23
2016-08-03,33.0,0.0,49287.87,51585.47
2016-08-04,32.4,0.0,49308.74,51454.24
2016-08-05,30.2,0.0,41406.77,51320.71
2016-08-06,30.3,0.4,47053.81,51185.01
2016-08-07,32.6,0.0,48717.73,51047.3
2016-08-08,30.7,0.1,48414.11,50907.71
2016-08-09,31.9,0.0,48438.14,50766.4
2016-08-10,28.6,0.0,48137.03,50623.49
2016-08-11,28.9,0.0,47188.21,50479.13
2016-08-12,29.8,0.0,47539.44,50333.44
2016-08-13,29.6,0.0,47889.39,50186.56
2016-08-14,29.4,0.0,47592.94,50038.6
2016-08-15,30.4,0.0,47619.82,49889.71
2016-08-16,31.0,0.0,47325.56,49739.99
2016-08-17,29.0,0.4,46800.0,49589.57
2016-08-18,28.9,1.0,46436.51,49438.56
2016-08-19,29.9,0.0,44583.72,49287.09
2016-08-20,30.7,0.0,46642.32,49135.24
2016-08-21,31.1,0.0,46580.42,48983.16
2016-08-22,32.9,0.0,46462.35,48830.78
2016-08-23,31.4,0.0,46455.93,48677.05
2016-08-24,31.9,0.0,46391.63,48521.81
2016-08-25,32.1,0.0,46182.73,48365.19
2016-08-26,32.2,0.0,46086.99,48207.31
2016-08-27,33.3,0.0,45990.17,48048.31
2016-08-28,32.0,0.0,45892.36,47888.28
2016-08-29,30.7,0.0,45344.92,47727.35
2016-08-30,31.0,0.7,43827.73,47565.62
2016-08-31,28.6,4.6,31902.59,47403.23
2016-09-01,29.6,0.0,43611.78,47240.26
2016-09-02,31.9,0.0,43971.83,47076.84
2016-09-03,32.2,0.0,44020.51,46913.06
2016-09-04,30.9,0.0,43448.11,46749.04
2016-09-05,28.3,2.9,37642.04,46584.87
2016-09-06,27.3,0.0,39600.0,46420.65
2016-09-07,27.4,0.8,32673.99,46256.49
2016-09-08,28.3,0.0,43200.0,46092.49
2016-09-09,30.5,2.5,35623.31,45928.74
2016-09-10,27.9,5.1,28800.0,45765.33
2016-09-11,27.6,13.3,33281.46,45602.24
2016-09-12,27.3,0.2,43200.0,45438.36
2016-09-13,27.6,0.7,42649.49,45273.53
2016-09-14,27.5,0.6,43200.0,45107.87
2016-09-15,25.6,1.3,33949.25,44941.46
2016-09-16,24.4,20.1,889.13,44774.42
2016-09-17,23.8,1.9,41152.36,44606.86
2016-09-18,20.7,11.9,34292.11,44438.87
2016-09-19,22.8,1.9,42566.85,44270.55
2016-09-20,25.0,0.0,43200.0,44102.01
2016-09-21,22.8,7.9,31883.74,43933.35
2016-09-22,24.0,0.1,42808.92,43764.67
2016-09-23,22.9,1.1,41913.6,43596.06
2016-09-24,23.7,0.2,39425.79,43427.62
2016-09-25,23.9,0.0,42702.19,43259.47
2016-09-26,24.3,0.0,42534.5,43091.69
2016-09-27,23.7,0.0,42367.27,42924.39
2016-09-28,23.3,0.0,42200.62,42757.67
2016-09-29,24.2,0.0,42034.62,42591.62
2016-09-30,23.3,0.0,41869.4,42426.35
2016-10-01,24.0,3.0,35299.03,42261.83
2016-10-02,23.1,37.6,25836.93,42096.87
2016-10-03,22.9,0.5,37675.33,41931.31
2016-10-04,23.5,0.0,40258.15,41765.26
2016-10-05,20.5,0.6,39639.99,41598.83
2016-10-06,19.6,15.7,22999.45,41432.13
2016-10-07,19.7,24.3,26296.09,41265.27
2016-10-08,20.5,9.1,32738.0,41098.38
2016-10-09,20.9,1.5,36952.2,40931.56
2016-10-10,19.4,5.3,33166.51,40764.92
2016-10-11,18.0,2.9,27290.81,40598.6
2016-10-12,17.9,0.0,37847.1,40432.69
2016-10-13,17.7,4.4,5728.84,40267.33
2016-10-14,24.6,9.3,36000.0,40102.64
2016-10-15,22.2,12.1,30052.83,39938.74
2016-10-16,23.1,0.0,36633.32,39775.75
2016-10-17,22.0,0.0,32610.95,39613.8
2016-10-18,18.6,9.8,0.0,39453.02
2016-10-19,19.0,1.6,33232.58,39293.55
2016-10-20,18.6,0.6,33539.69,39135.51
2016-10-21,18.5,0.3,36000.0,38978.88
2016-10-22,18.8,0.1,36000.0,38822.37
2016-10-23,20.8,0.0,29647.01,38665.78
2016-10-24,24.8,0.0,36000.0,38509.25
2016-10-25,23.7,0.0,36000.0,38352.91
2016-10-26,21.6,2.6,7655.71,38196.91
2016-10-27,21.4,17.9,28075.9,38041.38
2016-10-28,19.1,0.0,36000.0,37886.48
2016-10-29,19.3,0.0,36000.0,37732.35
2016-10-30,21.5,0.0,36000.0,37579.13
2016-10-31,20.6,0.0,36000.0,37426.99
2016-11-01,18.9,0.0,35940.71,37276.07
2016-11-02,19.3,2.5,31471.57,37126.54
2016-11-03,18.5,4.1,30473.22,36978.55
2016-11-04,18.5,0.7,31625.74,36832.29
2016-11-05,19.7,5.7,14720.8,36687.9
2016-11-06,21.6,12.9,20866.16,36545.58
2016-11-07,16.2,0.4,16010.3,36405.48
2016-11-08,15.1,5.3,7974.35,36267.8
2016-11-09,14.2,1.8,32400.0,36132.72
2016-11-10,14.8,1.4,33619.53,36000.24
2016-11-11,15.8,10.4,22885.07,35869.06
2016-11-12,12.1,0.9,34312.63,35738.97
2016-11-13,14.3,0.1,31934.35,35610.15
2016-11-14,14.7,1.3,4308.19,35482.72
2016-11-15,15.8,0.0,34760.61,35356.85
2016-11-16,15.0,0.0,34600.81,35232.7
2016-11-17,15.1,1.2,11379.58,35110.44
2016-11-18,18.4,0.7,33065.73,34990.21
2016-11-19,16.0,11.2,8982.86,34872.19
2016-11-20,18.5,0.5,31801.17,34756.55
2016-11-21,18.7,0.0,31158.18,34643.46
2016-11-22,19.3,0.0,30159.19,34533.09
2016-11-23,18.4,0.1,26998.66,34425.63
2016-11-24,19.0,1.4,20082.9,34321.24
2016-11-25,16.1,16.3,0.0,34220.12
2016-11-26,16.0,0.0,31481.15,34122.45
2016-11-27,16.1,0.0,32622.91,34028.4
2016-11-28,15.5,0.0,31958.56,33938.18
2016-11-29,9.9,0.0,32608.07,33851.97
2016-11-30,11.3,0.0,32427.42,33769.83
2016-12-01,11.2,0.0,31387.71,33690.81
2016-12-02,12.6,0.0,27918.23,33614.76
2016-12-03,14.4,0.0,28149.65,33541.77
2016-12-04,14.9,0.0,26373.5,33471.95
2016-12-05,15.9,0.0,30100.3,33405.4
2016-12-06,13.5,0.0,17188.71,33342.2
2016-12-07,15.5,0.0,30172.55,33282.47
2016-12-08,14.1,0.0,30205.6,33226.3
2016-12-09,13.3,0.0,30237.94,33173.78
2016-12-10,12.8,0.0,29897.57,33125.01
2016-12-11,14.0,0.0,28800.0,33080.09
2016-12-12,14.7,0.0,29981.09,33039.11
2016-12-13,14.1,0.0,29632.29,33002.15
2016-12-14,13.0,0.0,27102.1,32969.33
2016-12-15,14.4,0.0,30008.32,32940.72
2016-12-16,12.5,0.0,29650.84,32916.42
2016-12-17,11.1,0.0,30034.92,32896.51
2016-12-18,11.3,0.0,30044.29,32881.07
2016-12-19,8.9,9.0,6222.63,32870.19
2016-12-20,13.8,2.1,9761.49,32863.93
2016-12-21,16.4,0.0,29936.63,32862.19
2016-12-22,13.6,0.0,29548.56,32864.91
2016-12-23,13.5,0.0,30652.1,32872.02
2016-12-24,13.6,0.0,29887.56,32883.47
2016-12-25,12.8,0.0,30241.55,32899.22
2016-12-26,14.4,0.0,30594.01,32919.2
2016-12-27,13.9,0.0,30944.9,32943.37
2016-12-28,12.3,0.0,31272.04,32971.64
2016-12-29,8.8,0.0,31319.03,33003.97
2016-12-30,9.1,0.0,31367.87,33040.28
2016-12-31,9.1,0.0,30097.41,33080.52
2017-01-01,10.4,0.0,31185.56,33124.6
2017-01-02,12.0,0.8,30783.76,33172.48
2017-01-03,12.8,18.3,19339.63,33224.07
2017-01-04,10.1,0.0,31635.22,33279.31
2017-01-05,8.5,2.2,31692.45,33338.11
2017-01-06,3.0,0.0,31750.63,33400.42
2017-01-07,3.6,0.0,31809.65,33466.16
2017-01-08,4.1,0.0,30649.5,33535.25
2017-01-09,7.9,0.0,31930.0,33607.72
2017-01-10,8.4,0.0,31992.49,33684.41
2017-01-11,6.1,0.0,32056.8,33765.33
2017-01-12,9.6,0.3,5785.4,33850.31
2017-01-13,12.5,16.8,0.0,33939.18
2017-01-14,8.2,0.0,32259.32,34031.76
2017-01-15,7.6,3.6,3418.91,34127.86
2017-01-16,6.0,1.4,26374.93,34227.33
2017-01-17,11.0,3.2,22124.41,34329.97
2017-01-18,8.5,1.3,16493.78,34435.61
2017-01-19,11.7,0.0,28930.51,34544.1
2017-01-20,11.8,0.0,32416.49,34655.26
2017-01-21,14.2,0.0,32400.0,34768.93
2017-01-22,14.4,0.0,32400.0,34884.94
2017-01-23,12.2,3.1,1639.76,35003.13
2017-01-24,13.2,1.5,28403.99,35123.35
2017-01-25,13.7,0.0,32644.37,35245.44
2017-01-26,11.9,0.0,32400.0,35369.24
2017-01-27,12.0,0.0,32588.83,35494.62
2017-01-28,14.1,0.0,19979.99,35621.42
2017-01-29,12.1,0.0,32191.67,35749.67
2017-01-30,12.7,0.0,33182.49,35880.66
2017-01-31,13.6,0.7,29731.03,36014.55
2017-02-01,14.5,0.0,29022.58,36151.14
2017-02-02,15.0,0.0,7825.09,36290.23
2017-02-03,15.6,1.2,27045.27,36431.65
2017-02-04,16.2,4.0,22536.11,36575.22
2017-02-05,15.7,7.7,17280.25,36720.74
2017-02-06,12.6,15.9,9110.29,36868.05
2017-02-07,14.9,0.0,34043.67,37016.99
2017-02-08,13.9,0.4,17440.04,37167.36
2017-02-09,14.6,4.0,22309.64,37319.03
2017-02-10,15.1,0.3,32762.11,37471.81
2017-02-11,15.6,0.1,23376.34,37625.57
2017-02-12,15.8,0.1,32678.06,37780.14
2017-02-13,15.6,0.0,33702.71,37935.37
2017-02-14,15.5,0.0,36388.55,38091.1
2017-02-15,14.6,0.0,36856.8,38247.21
2017-02-16,14.7,0.0,37219.83,38403.53
2017-02-17,14.9,0.0,34475.58,38559.93
2017-02-18,14.5,6.6,34380.08,38716.45
2017-02-19,13.7,0.0,38307.03,38874.44
2017-02-20,13.5,0.1,37380.75,39034.08
2017-02-21,14.1,0.0,37425.27,39195.24
2017-02-22,14.8,0.0,29254.26,39357.77
2017-02-23,15.7,0.0,29219.74,39521.51
2017-02-24,16.0,5.8,32335.69,39686.34
2017-02-25,16.8,9.1,21858.54,39852.11
2017-02-26,16.4,0.0,39117.29,40018.68
2017-02-27,16.1,0.0,39190.33,40185.94
2017-02-28,15.0,0.4,32994.26,40353.74
2017-03-01,15.8,1.4,39335.54,40521.95
2017-03-02,15.6,0.0,27231.42,40690.45
2017-03-03,16.6,0.0,39479.52,40859.11
2017-03-04,16.7,3.5,22903.46,41027.81
2017-03-05,13.4,11.1,25200.0,41196.43
2017-03-06,15.8,3.7,15018.12,41364.83
2017-03-07,12.2,18.7,8930.58,41532.9
2017-03-08,16.6,0.0,39600.0,41700.53
2017-03-09,19.9,0.0,39600.0,41867.58
2017-03-10,20.8,0.0,39767.15,42034.1
2017-03-11,16.6,0.0,39717.29,42201.33
2017-03-12,15.5,0.0,39068.0,42369.47
2017-03-13,17.3,0.0,39925.6,42538.41
2017-03-14,16.4,0.0,39874.24,42708.03
2017-03-15,17.9,0.0,40440.88,42878.23
2017-03-16,19.3,0.0,40697.72,43048.9
2017-03-17,19.1,0.0,40954.16,43219.92
2017-03-18,16.7,0.0,34349.37,43391.2
2017-03-19,16.4,0.3,5101.48,43562.62
2017-03-20,18.7,0.0,33031.85,43734.08
2017-03-21,20.3,0.0,40744.08,43905.47
2017-03-22,18.4,0.0,33682.11,44076.68
2017-03-23,18.3,0.0,36021.99,44247.6
2017-03-24,21.4,0.0,36949.04,44418.13
2017-03-25,22.6,2.2,42664.33,44588.15
2017-03-26,18.5,4.8,41720.77,44757.56
2017-03-27,15.5,1.3,29389.05,44926.24
2017-03-28,17.5,0.0,43100.95,45094.08
2017-03-29,20.6,0.0,43169.04,45260.97
2017-03-30,24.0,0.0,43236.31,45426.94
2017-03-31,23.0,0.0,43541.89,45593.15
2017-04-01,20.9,0.0,39283.74,45759.78
2017-04-02,16.9,6.5,4056.8,45926.73
2017-04-03,20.0,0.0,43755.58,46093.89
2017-04-04,21.1,1.2,43724.06,46261.18
2017-04-05,20.4,1.6,36643.18,46428.48
2017-04-06,18.5,5.7,39773.99,46595.68
2017-04-07,20.0,1.5,44251.86,46762.68
2017-04-08,22.1,0.0,44221.49,46929.39
2017-04-09,22.5,0.0,44502.85,47095.67
2017-04-10,22.4,0.0,44785.17,47261.42
2017-04-11,21.8,0.0,44756.05,47426.54
2017-04-12,22.8,0.0,44101.49,47590.91
2017-04-13,22.0,0.0,45216.1,47754.4
2017-04-14,21.0,0.0,45610.93,47916.9
2017-04-15,22.5,0.1,45583.92,48078.29
2017-04-16,23.5,0.7,37974.16,48238.44
2017-04-17,24.2,0.0,46103.31,48397.23
2017-04-18,19.2,1.5,38740.74,48554.52
2017-04-19,15.8,0.2,46416.53,48710.34
2017-04-20,16.0,0.0,45667.09,48865.79
2017-04-21,17.3,0.0,46571.69,49021.06
2017-04-22,18.7,0.0,47563.97,49176.03
2017-04-23,18.8,0.0,47589.84,49330.58
2017-04-24,20.3,0.0,47616.14,49484.62
2017-04-25,20.8,0.0,47963.03,49637.99
2017-04-26,21.3,0.2,47557.51,49790.61
2017-04-27,20.7,6.7,28158.81,49942.33
2017-04-28,16.5,12.5,10835.18,50093.03
2017-04-29,21.2,0.0,49586.41,50242.58
2017-04-30,20.0,0.0,48923.17,50390.86
2017-05-01,20.3,0.1,47023.58,50537.73
2017-05-02,22.0,0.0,49507.67,50683.04
2017-05-03,22.1,0.0,40639.54,50826.66
2017-05-04,20.9,0.5,49981.89,50968.45
2017-05-05,23.3,1.8,49746.93,51108.25
2017-05-06,24.7,0.6,38300.56,51245.92
2017-05-07,22.7,0.4,50201.1,51381.31
2017-05-08,23.8,5.2,40506.33,51514.25
2017-05-09,21.2,4.6,50063.84,51644.74
2017-05-10,22.1,0.6,46895.14,51773.77
2017-05-11,27.2,0.0,29246.24,51901.51
2017-05-12,26.9,0.0,50276.75,52027.83
2017-05-13,25.0,0.0,50400.0,52152.62
2017-05-14,25.3,0.0,50400.0,52275.76
2017-05-15,26.3,0.4,49143.78,52397.11
2017-05-16,28.2,0.0,50400.0,52516.56
2017-05-17,28.4,0.0,50400.0,52633.97
2017-05-18,28.0,0.0,49121.12,52749.21
2017-05-19,26.6,0.0,45526.08,52862.15
2017-05-20,23.6,3.6,48904.57,52972.67
2017-05-21,24.2,0.0,50400.0,53080.6
2017-05-22,26.9,0.0,48311.65,53185.83
2017-05-23,27.6,0.6,50365.74,53288.2
2017-05-24,29.4,0.4,48217.17,53387.58
2017-05-25,26.5,0.5,46543.58,53483.81
2017-05-26,27.8,0.0,50400.0,53576.77
2017-05-27,29.9,0.0,50400.0,53666.29
2017-05-28,30.4,0.0,50400.0,53752.23
2017-05-29,28.5,0.0,50400.0,53834.53
2017-05-30,29.1,0.0,50400.0,53913.88
2017-05-31,28.7,0.0,48939.3,53990.38
2017-06-01,29.1,0.0,47007.85,54063.95
2017-06-02,28.7,0.0,49557.9,54134.51
2017-06-03,30.3,0.0,50413.9,54201.99
2017-06-04,29.4,0.0,47977.67,54266.33
2017-06-05,29.8,0.1,47342.8,54327.42
2017-06-06,27.5,0.5,47566.23,54385.21
2017-06-07,29.0,0.0,50115.96,54439.61
2017-06-08,30.8,0.0,50675.61,54490.55
2017-06-09,29.5,0.0,50659.46,54537.96
2017-06-10,30.2,0.0,49569.42,54581.76
2017-06-11,32.9,0.0,50629.35,54621.89
2017-06-12,30.2,0.0,50615.47,54658.27
2017-06-13,31.2,0.0,50602.45,54690.83
2017-06-14,30.8,0.0,48921.18,54719.51
2017-06-15,31.8,0.0,50934.5,54744.24
2017-06-16,33.5,0.0,48791.51,54764.95
2017-06-17,33.5,0.6,49109.9,54781.59
2017-06-18,32.4,0.4,50906.98,54794.1
2017-06-19,31.3,0.0,50899.35,54802.55
2017-06-20,32.0,0.0,51248.05,54806.99
2017-06-21,30.8,0.0,50050.91,54807.46
2017-06-22,33.3,0.0,50880.45,54803.99
2017-06-23,32.3,0.0,50875.56,54796.6
2017-06-24,32.6,0.0,47739.53,54785.34
2017-06-25,31.9,0.0,49345.36,54770.24
2017-06-26,33.3,0.5,51220.4,54751.36
2017-06-27,33.4,0.0,48962.35,54728.72
2017-06-28,33.8,1.8,46329.6,54702.37
2017-06-29,29.4,0.2,50400.0,54672.36
2017-06-30,29.6,3.4,35768.64,54638.74
2017-07-01,28.0,2.4,43639.28,54601.55
2017-07-02,28.7,0.0,51221.24,54560.84
2017-07-03,32.0,0.0,50871.69,54516.67
2017-07-04,32.1,0.0,50876.33,54469.09
2017-07-05,34.3,0.0,51234.02,54418.15
2017-07-06,35.7,0.0,51240.26,54363.9
2017-07-07,35.8,0.0,50896.4,54306.4
2017-07-08,35.4,0.0,50905.16,54245.63
2017-07-09,35.4,0.0,48264.72,54181.01
2017-07-10,33.4,0.0,50925.52,54112.53
2017-07-11,34.0,0.0,50937.08,54040.33
2017-07-12,33.1,0.0,50949.55,53964.51
2017-07-13,35.6,0.0,50962.94,53885.24
2017-07-14,32.9,0.0,50629.97,53802.63
2017-07-15,32.5,0.5,50645.73,53716.82
2017-07-16,30.7,0.0,50455.83,53627.95
2017-07-17,33.0,0.0,51025.25,53536.13
2017-07-18,32.2,0.0,50698.39,53441.51
2017-07-19,32.1,0.0,50717.7,53344.2
2017-07-20,31.7,0.0,50737.82,53244.34
2017-07-21,33.9,0.0,50416.28,53142.06
2017-07-22,33.2,0.0,50438.77,53037.46
2017-07-23,34.2,0.0,50455.92,52930.69
2017-07-24,29.2,3.0,49757.12,52821.86
2017-07-25,29.3,3.9,50112.16,52711.08
2017-07-26,28.3,3.2,39529.76,52598.48
2017-07-27,30.3,0.0,49546.53,52484.17
2017-07-28,29.1,0.0,49494.95,52368.14
2017-07-29,31.5,0.0,50059.71,52249.42
2017-07-30,33.6,0.0,50002.59,52127.93
2017-07-31,37.0,0.0,49885.55,52003.82
2017-08-01,38.3,0.0,49886.38,51877.25
2017-08-02,39.3,0.0,49592.68,51748.37
2017-08-03,39.2,0.0,49282.37,51617.33
2017-08-04,39.2,0.0,49303.55,51484.27
2017-08-05,38.3,0.0,48995.85,51349.33
2017-08-06,37.7,0.0,48689.81,51212.67
2017-08-07,38.2,0.0,48712.99,51074.41
2017-08-08,36.1,0.0,48409.4,50934.69
2017-08-09,37.0,0.0,48107.43,50793.64
2017-08-10,35.3,0.0,47806.99,50651.39
2017-08-11,28.7,0.0,47508.03,50508.07
2017-08-12,27.4,1.2,45735.11,50363.8
2017-08-13,32.5,0.0,47561.24,50218.7
2017-08-14,31.6,0.0,47265.17,50072.89
2017-08-15,34.5,0.0,47292.48,49926.49
2017-08-16,35.3,0.0,47319.76,49779.62
2017-08-17,35.7,0.0,47026.26,49632.23
2017-08-18,34.8,0.0,47054.21,49483.27
2017-08-19,32.7,0.0,44916.68,49332.6
2017-08-20,31.5,0.0,46670.87,49180.33
2017-08-21,32.4,0.0,46599.84,49026.63
2017-08-22,31.2,0.0,46536.11,48871.6
2017-08-23,31.3,0.0,46392.99,48715.36
2017-08-24,32.5,0.0,46298.19,48558.05
2017-08-25,32.6,0.0,46105.89,48399.78
2017-08-26,33.5,0.0,45518.82,48240.67
2017-08-27,35.3,0.0,45561.91,48080.84
2017-08-28,36.1,0.0,45292.07,47920.39
2017-08-29,35.2,1.0,45023.55,47759.44
2017-08-30,33.2,0.0,44443.68,47598.1
2017-08-31,32.1,0.0,43553.61,47436.47
2017-09-01,29.2,1.2,38457.71,47274.65
2017-09-02,26.2,3.0,41769.97,47112.76
2017-09-03,24.2,0.7,43386.31,46950.89
2017-09-04,26.0,0.0,40590.06,46789.15
2017-09-05,27.6,0.0,43483.21,46627.62
2017-09-06,27.2,0.0,39750.53,46466.28
2017-09-07,25.8,1.2,43271.2,46304.04
2017-09-08,27.1,2.8,42963.85,46140.73
2017-09-09,24.9,1.1,43200.0,45976.46
2017-09-10,24.5,25.4,5921.47,45811.35
2017-09-11,22.6,23.2,15774.51,45645.5
2017-09-12,24.5,0.0,43200.0,45479.02
2017-09-13,25.3,0.0,43200.0,45312.01
2017-09-14,24.0,0.0,39120.59,45144.57
2017-09-15,25.5,0.0,43027.55,44976.8
2017-09-16,26.2,37.9,30860.72,44808.82
2017-09-17,23.0,12.9,41683.88,44640.71
2017-09-18,23.2,0.0,43200.0,44472.56
2017-09-19,20.9,14.5,33882.55,44304.51
2017-09-20,20.1,4.6,43200.0,44136.62
2017-09-21,21.5,0.0,43157.14,43968.99
2017-09-22,23.0,0.0,43094.64,43801.74
2017-09-23,22.8,0.0,43032.0,43634.96
2017-09-24,22.9,0.0,41625.1,43468.74
2017-09-25,23.2,0.0,42746.75,43303.19
2017-09-26,22.3,0.5,33447.51,43138.25
2017-09-27,23.8,0.2,41784.52,42972.81
2017-09-28,25.5,0.0,41273.62,42806.66
2017-09-29,24.0,0.0,40642.51,42639.94
2017-09-30,22.5,0.5,40499.49,42472.74
2017-10-01,21.8,0.1,20723.95,42305.17
2017-10-02,22.4,0.8,37752.26,42137.34
2017-10-03,24.0,0.4,38901.88,41969.36
2017-10-04,25.6,0.0,39927.07,41801.34
2017-10-05,24.8,0.0,39706.06,41633.38
2017-10-06,23.2,2.2,28755.8,41465.6
2017-10-07,21.5,0.0,39262.97,41298.1
2017-10-08,20.9,0.0,33515.88,41131.01
2017-10-09,22.0,0.0,26835.64,40964.43
2017-10-10,22.0,0.0,36405.17,40798.47
2017-10-11,23.8,0.0,37424.72,40633.26
2017-10-12,23.1,0.0,37197.48,40468.9
2017-10-13,23.5,0.0,36968.56,40305.52
2017-10-14,24.7,0.0,36866.35,40143.24
2017-10-15,25.3,0.0,36586.85,39982.19
2017-10-16,24.9,0.0,36623.82,39822.32
2017-10-17,24.0,0.0,36025.35,39662.38
2017-10-18,22.3,0.0,35371.93,39502.18
2017-10-19,22.6,0.0,35320.66,39341.85
2017-10-20,23.4,0.0,36000.0,39181.52
2017-10-21,23.6,0.0,36000.0,39021.33
2017-10-22,20.3,15.7,8826.14,38861.39
2017-10-23,18.1,2.3,36000.0,38701.85
2017-10-24,20.7,0.0,36000.0,38542.85
2017-10-25,22.1,0.0,36000.0,38384.52
2017-10-26,21.6,0.0,36000.0,38227.02
2017-10-27,20.0,2.0,20764.53,38070.48
2017-10-28,20.6,0.0,36000.0,37915.06
2017-10-29,19.4,0.1,29101.69,37760.9
2017-10-30,21.1,0.2,33421.5,37608.16
2017-10-31,19.7,0.0,33585.37,37457.01
2017-11-01,19.0,0.0,35955.32,37307.58
2017-11-02,19.0,0.0,35880.17,37160.06
2017-11-03,18.1,1.7,23659.5,37014.61
2017-11-04,20.3,0.0,29373.98,36871.4
2017-11-05,19.2,8.5,16115.36,36730.42
2017-11-06,16.5,2.0,28882.05,36590.36
2017-11-07,14.3,0.2,28425.48,36451.01
2017-11-08,15.6,0.1,35467.34,36312.51
2017-11-09,17.2,2.6,20250.38,36175.03
2017-11-10,16.9,4.1,18087.67,36038.71
2017-11-11,17.9,0.1,35279.91,35903.72
2017-11-12,17.2,2.1,24308.93,35770.22
2017-11-13,15.3,2.3,19741.2,35638.36
2017-11-14,11.3,5.6,7214.78,35508.33
2017-11-15,13.8,5.8,3600.0,35380.29
2017-11-16,15.2,0.1,30869.38,35254.42
2017-11-17,17.8,0.0,34216.35,35130.89
2017-11-18,15.6,0.0,33824.68,35009.88
2017-11-19,14.2,0.0,34136.09,34891.58
2017-11-20,15.2,0.0,33741.62,34776.17
2017-11-21,15.7,0.0,6666.01,34663.84
2017-11-22,17.3,0.2,27929.14,34554.79
2017-11-23,17.4,0.0,30183.55,34449.2
2017-11-24,18.1,0.2,28079.51,34347.29
2017-11-25,17.5,0.0,14052.09,34249.08
2017-11-26,14.7,1.8,30742.59,34153.5
2017-11-27,12.1,0.0,32719.17,34060.37
2017-11-28,11.3,0.8,28720.34,33969.83
2017-11-29,12.9,32.0,2827.3,33881.97
2017-11-30,13.6,1.6,29925.09,33796.94
2017-12-01,12.3,0.0,31009.0,33714.86
2017-12-02,12.8,0.0,27757.67,33635.84
2017-12-03,10.6,5.7,22160.07,33560.03
2017-12-04,11.0,0.2,30052.14,33487.54
2017-12-05,11.7,0.0,30824.5,33418.5
2017-12-06,12.0,0.0,30497.29,33353.04
2017-12-07,13.3,0.0,29433.38,33291.28
2017-12-08,14.3,2.9,26793.28,33233.36
2017-12-09,12.8,4.2,26856.54,33179.38
2017-12-10,12.2,4.0,9449.4,33129.5
2017-12-11,16.5,2.0,28800.0,33083.82
2017-12-12,16.6,10.3,21353.65,33042.48
2017-12-13,13.8,10.6,24577.93,33005.58
2017-12-14,13.6,1.8,0.0,32973.26
2017-12-15,13.6,31.3,0.0,32945.59
2017-12-16,13.1,2.9,29620.67,32922.2
2017-12-17,10.3,0.0,30030.79,32903.01
2017-12-18,9.1,0.0,30412.33,32887.99
2017-12-19,8.9,0.0,30419.21,32877.17
2017-12-20,6.7,1.1,21875.45,32870.51
2017-12-21,9.3,0.0,30798.66,32867.99
2017-12-22,12.9,0.0,30669.48,32869.63
2017-12-23,13.4,0.0,30279.73,32875.39
2017-12-24,13.2,0.0,30635.16,32885.26
2017-12-25,11.9,0.0,29869.37,32899.2
2017-12-26,12.7,1.4,12946.11,32917.21
2017-12-27,12.0,31.0,0.0,32939.26
2017-12-28,10.5,12.3,18159.04,32965.32
2017-12-29,9.6,0.0,31312.66,32995.35
2017-12-30,12.4,0.0,3876.63,33029.34
2017-12-31,15.0,0.0,16489.45,33067.25
2018-01-01,14.6,2.7,20870.0,33109.04
2018-01-02,12.8,4.4,26187.32,33154.67
2018-01-03,13.4,0.0,14400.0,33204.12
2018-01-04,14.4,0.0,30733.7,33257.42
2018-01-05,16.3,0.0,31668.95,33315.18
2018-01-06,16.4,0.0,22070.46,33377.4
2018-01-07,18.7,0.0,21252.33,33443.92
2018-01-08,20.0,0.0,28800.0,33514.6
2018-01-09,16.0,12.9,0.0,33589.28
2018-01-10,13.6,2.4,31975.49,33667.78
2018-01-11,12.0,7.3,3324.76,33749.97
2018-01-12,13.8,1.5,24033.11,33835.69
2018-01-13,12.7,0.0,32178.17,33924.77
2018-01-14,11.8,0.0,22174.76,34017.08
2018-01-15,12.5,0.5,32318.83,34112.44
2018-01-16,13.5,2.6,17232.07,34210.72
2018-01-17,15.6,4.3,32400.0,34311.76
2018-01-18,12.8,0.0,25820.13,34415.41
2018-01-19,13.0,1.4,109.47,34521.53
2018-01-20,14.1,0.1,32422.97,34629.97
2018-01-21,15.5,0.7,30296.97,34740.6
2018-01-22,13.7,0.0,31348.26,34853.27
2018-01-23,15.3,0.0,32400.0,34967.84
2018-01-24,14.6,0.0,32680.38,35084.35
2018-01-25,13.3,0.0,32400.0,35204.0
2018-01-26,14.1,0.0,24569.84,35326.93
2018-01-27,14.6,0.0,30545.46,35452.93
2018-01-28,15.2,0.0,32912.35,35581.83
2018-01-29,14.1,0.0,32880.62,35713.4
2018-01-30,13.4,0.0,32400.0,35847.47
2018-01-31,12.6,0.5,13797.53,35983.85
2018-02-01,13.8,2.1,12956.36,36122.37
2018-02-02,15.6,7.5,32404.96,36262.84
2018-02-03,13.1,7.0,28800.0,36405.08
2018-02-04,11.6,0.5,33683.09,36548.93
2018-02-05,13.2,0.5,32400.0,36694.22
2018-02-06,12.7,5.8,19509.6,36840.78
2018-02-07,10.7,6.1,11332.77,36988.45
2018-02-08,12.4,0.6,28923.47,37137.08
2018-02-09,12.9,0.4,34889.7,37286.51
2018-02-10,13.5,0.0,35130.16,37436.58
2018-02-11,11.1,0.0,36047.28,37587.15
2018-02-12,10.4,0.4,4085.24,37738.07
2018-02-13,11.2,0.1,35851.06,37889.37
2018-02-14,7.5,3.8,9350.16,38042.42
2018-02-15,10.4,0.0,37166.97,38197.4
2018-02-16,12.1,0.0,35903.16,38354.16
2018-02-17,12.9,1.7,16757.55,38512.52
2018-02-18,11.5,5.9,2022.99,38672.35
2018-02-19,11.8,4.8,35248.87,38833.49
2018-02-20,11.0,0.3,30997.19,38995.78
2018-02-21,10.5,2.4,19051.81,39159.1
2018-02-22,10.5,15.3,11973.97,39323.27
2018-02-23,9.0,22.3,0.0,39488.19
2018-02-24,11.4,15.4,284.94,39653.69
2018-02-25,12.6,7.7,33675.32,39819.66
2018-02-26,5.1,20.4,28300.62,39985.95
2018-02-27,1.7,0.0,37631.04,40152.43
2018-02-28,7.1,0.1,34708.28,40318.98
2018-03-01,13.1,1.4,0.0,40485.46
2018-03-02,15.5,3.6,25941.57,40651.75
2018-03-03,14.7,13.7,8853.6,40817.72
2018-03-04,14.1,7.4,276.98,40983.25
2018-03-05,9.7,25.3,0.0,41148.37
2018-03-06,13.1,14.8,10560.42,41314.37
2018-03-07,14.4,18.5,26744.2,41481.44
2018-03-08,15.2,0.0,36162.41,41649.45
2018-03-09,16.6,0.7,39600.0,41818.31
2018-03-10,15.9,0.0,18112.28,41987.87
2018-03-11,19.6,11.6,24449.41,42158.04
2018-03-12,14.6,16.7,29082.91,42328.69
2018-03-13,15.5,1.5,39600.0,42499.72
2018-03-14,16.4,0.3,39884.48,42671.01
2018-03-15,15.2,2.2,6534.45,42842.45
2018-03-16,16.7,8.3,28800.0,43013.93
2018-03-17,13.6,2.7,14133.76,43185.34
2018-03-18,13.4,17.5,24134.81,43356.56
2018-03-19,11.6,17.5,26019.98,43527.49
2018-03-20,11.9,7.3,6993.27,43698.02
2018-03-21,14.5,3.7,31814.82,43868.03
2018-03-22,12.6,0.2,35760.74,44037.41
2018-03-23,12.1,0.0,40764.05,44206.05
2018-03-24,12.1,0.0,42533.42,44373.83
2018-03-25,15.8,0.0,41169.35,44540.8
2018-03-26,15.1,0.7,42734.25,44708.11
2018-03-27,16.0,1.0,42835.39,44875.98
2018-03-28,16.5,0.0,42564.0,45044.28
2018-03-29,18.6,0.0,42514.68,45212.92
2018-03-30,19.1,1.6,23183.17,45381.8
2018-03-31,15.8,26.3,25200.0,45550.82
2018-04-01,15.5,4.2,39608.27,45719.87
2018-04-02,15.7,0.0,43200.0,45888.85
2018-04-03,19.2,0.0,34747.63,46057.66
2018-04-04,18.7,5.8,25043.24,46226.18
2018-04-05,17.1,6.8,39331.64,46394.31
2018-04-06,21.9,0.0,43200.0,46561.94
2018-04-07,19.7,0.0,43326.85,46728.96
2018-04-08,22.7,1.9,43295.47,46895.25
2018-04-09,14.6,16.2,2166.92,47060.71
2018-04-10,18.0,0.4,36819.98,47225.22
2018-04-11,20.3,0.6,27915.63,47388.65
2018-04-12,16.7,12.7,4259.16,47550.89
2018-04-13,19.2,0.1,36329.35,47711.81
2018-04-14,25.2,0.0,30721.27,47871.43
2018-04-15,23.7,0.3,24056.51,48030.89
2018-04-16,21.1,1.3,44305.71,48190.35
2018-04-17,20.6,0.9,30259.78,48349.71
2018-04-18,22.2,1.2,39374.28,48508.87
2018-04-19,24.0,0.2,44219.57,48667.69
2018-04-20,25.7,0.0,45457.58,48826.09
2018-04-21,24.6,0.0,45114.24,48983.93
2018-04-22,23.1,0.0,45912.47,49141.1
2018-04-23,23.6,0.0,46334.78,49297.48
2018-04-24,23.4,0.0,46652.1,49452.95
2018-04-25,24.3,0.0,46996.34,49607.38
2018-04-26,24.2,0.0,47342.3,49760.64
2018-04-27,25.8,0.0,44146.67,49912.6
2018-04-28,26.9,0.0,46145.19,50063.13
2018-04-29,26.9,0.1,44845.3,50212.08
2018-04-30,21.4,0.0,47636.19,50359.33
2018-05-01,18.2,2.2,11351.76,50504.72
2018-05-02,25.1,0.5,28053.35,50648.1
2018-05-03,22.0,13.2,21773.68,50789.34
2018-05-04,21.0,11.7,44216.41,50928.41
2018-05-05,21.2,3.8,40118.46,51066.38
2018-05-06,20.2,1.1,12118.47,51203.41
2018-05-07,21.6,1.2,27641.04,51339.37
2018-05-08,20.3,7.4,14347.22,51474.15
2018-05-09,21.0,10.5,37987.17,51607.62
2018-05-10,21.2,5.4,46795.84,51739.65
2018-05-11,22.6,1.0,49182.33,51870.12
2018-05-12,22.4,4.8,42622.27,51998.9
2018-05-13,21.1,1.1,43836.35,52125.85
2018-05-14,17.8,7.9,48373.02,52250.82
2018-05-15,16.0,8.0,39343.2,52373.7
2018-05-16,19.4,2.8,46669.92,52494.33
2018-05-17,21.3,8.2,49407.79,52612.56
2018-05-18,22.2,0.3,50315.94,52728.26
2018-05-19,23.0,1.6,50400.0,52841.27
2018-05-20,24.8,0.1,49000.17,52951.44
2018-05-21,23.7,7.1,36419.36,53058.62
2018-05-22,23.3,5.6,25907.26,53162.65
2018-05-23,21.9,14.0,38889.7,53263.38
2018-05-24,25.5,0.1,47709.5,53360.75
2018-05-25,26.2,0.0,50400.0,53455.57
2018-05-26,27.7,1.7,48939.68,53547.95
2018-05-27,28.0,0.2,48899.84,53637.8
2018-05-28,27.1,0.0,32078.6,53725.03
2018-05-29,30.0,2.6,44551.81,53809.53
2018-05-30,27.6,4.4,48054.16,53891.22
2018-05-31,26.8,0.0,50400.0,53969.99
2018-06-01,27.1,0.0,50400.0,54045.75
2018-06-02,28.2,0.0,50400.0,54118.4
2018-06-03,29.1,0.0,49620.92,54187.85
2018-06-04,26.1,0.1,39887.11,54253.99
2018-06-05,24.9,0.0,50400.0,54316.73
2018-06-06,26.6,0.0,41588.41,54375.97
2018-06-07,29.1,0.7,44935.95,54431.62
2018-06-08,25.5,3.1,49392.95,54483.57
2018-06-09,25.5,0.8,50400.0,54531.74
2018-06-10,29.5,0.0,50400.0,54576.03
2018-06-11,29.4,0.0,50400.0,54616.35
2018-06-12,26.7,0.2,50040.13,54652.6
2018-06-13,25.3,0.9,43189.38,54684.73
2018-06-14,25.2,6.2,29055.07,54712.99
2018-06-15,26.4,0.3,46719.49,54737.44
2018-06-16,27.1,0.3,49560.32,54758.08
2018-06-17,28.9,0.1,50400.0,54774.9
2018-06-18,29.5,0.1,50554.66,54787.92
2018-06-19,30.6,0.0,50161.19,54797.14
2018-06-20,30.8,0.1,43131.68,54802.56
2018-06-21,29.9,0.0,39088.46,54804.19
2018-06-22,28.3,0.1,49018.92,54802.03
2018-06-23,28.0,0.0,49466.25,54796.11
2018-06-24,26.2,0.1,45888.95,54786.43
2018-06-25,27.0,4.9,32681.22,54773.01
2018-06-26,27.7,0.0,51218.77,54755.88
2018-06-27,28.4,0.0,51216.56,54735.03
2018-06-28,28.6,0.8,49780.57,54710.51
2018-06-29,28.6,0.7,51214.99,54682.33
2018-06-30,32.1,0.0,51215.67,54650.51
2018-07-01,31.5,0.0,50572.06,54615.08
2018-07-02,31.1,0.0,50513.42,54576.06
2018-07-03,29.4,0.9,46799.46,54533.44
2018-07-04,31.2,0.0,50502.07,54486.78
2018-07-05,30.2,0.0,49144.71,54436.1
2018-07-06,30.4,1.2,49193.46,54381.49
2018-07-07,33.8,0.0,50896.01,54323.07
2018-07-08,32.2,0.0,50904.5,54260.96
2018-07-09,32.5,0.0,51264.08,54195.28
2018-07-10,31.3,0.2,51273.76,54126.13
2018-07-11,28.9,1.5,51284.34,54053.64
2018-07-12,30.7,0.0,50947.18,53977.92
2018-07-13,32.4,0.0,50960.02,53899.08
2018-07-14,34.8,0.0,50973.76,53817.23
2018-07-15,34.1,0.0,50988.38,53732.5
2018-07-16,31.9,3.5,31754.99,53645.0
2018-07-17,30.4,10.8,44633.14,53554.84
2018-07-18,31.9,0.0,50692.72,53462.12
2018-07-19,32.7,0.0,49265.48,53366.97
2018-07-20,32.1,0.0,50731.18,53269.48
2018-07-21,32.4,0.0,50463.48,53169.77
2018-07-22,31.9,0.0,47258.9,53067.95
2018-07-23,31.1,1.9,44779.47,52964.0
2018-07-24,32.3,0.0,50355.89,52857.03
2018-07-25,34.3,0.0,50301.48,52746.97
2018-07-26,32.8,0.0,50246.18,52633.98
2018-07-27,33.0,0.0,50190.04,52518.2
2018-07-28,31.8,0.0,47478.68,52399.8
2018-07-29,35.0,0.0,50075.55,52278.93
2018-07-30,35.3,0.0,49861.65,52155.73
2018-07-31,36.1,0.0,49880.81,52030.36
2018-08-01,36.4,0.0,49568.03,51902.95
2018-08-02,36.3,0.5,49588.34,51773.65
2018-08-03,32.6,1.9,38060.95,51642.59
2018-08-04,33.0,0.4,40941.06,51509.92
2018-08-05,33.6,0.0,47488.55,51375.75
2018-08-06,32.7,0.0,48685.69,51240.23
2018-08-07,33.6,0.3,48381.1,51103.49
2018-08-08,32.5,2.0,47118.43,50965.64
2018-08-09,33.5,0.1,48102.71,50826.81
2018-08-10,33.5,0.4,47801.76,50687.13
2018-08-11,35.2,0.0,47827.23,50546.7
2018-08-12,32.7,0.5,47852.64,50405.5
2018-08-13,31.5,0.2,47230.95,50262.48
2018-08-14,28.6,6.8,26572.99,50117.51
2018-08-15,28.5,3.9,41480.47,49970.72
2018-08-16,30.8,0.2,46990.73,49822.26
2018-08-17,30.0,1.7,46800.0,49672.26
2018-08-18,29.2,0.2,41785.93,49520.85
2018-08-19,30.9,0.5,46780.41,49368.17
2018-08-20,31.6,0.3,46217.78,49214.32
2018-08-21,32.4,0.0,46610.55,49059.45
2018-08-22,31.5,1.2,45703.81,48903.67
2018-08-23,31.6,0.3,44437.87,48747.08
2018-08-24,31.7,0.0,45742.09,48589.83
2018-08-25,28.8,0.2,43200.0,48432.02
2018-08-26,26.9,1.1,42689.24,48273.74
2018-08-27,29.5,0.0,45238.84,48115.14
2018-08-28,29.2,0.0,44968.57,47956.29
2018-08-29,30.8,0.0,44699.45,47797.31
2018-08-30,30.1,0.0,44431.4,47638.31
2018-08-31,28.3,0.0,43200.0,47479.38
2018-09-01,27.1,5.6,42365.21,47320.49
2018-09-02,25.0,5.3,43633.71,47160.55
2018-09-03,25.7,0.9,43370.52,46999.42
2018-09-04,26.9,0.2,43200.0,46837.2
2018-09-05,28.6,0.0,43468.84,46674.01
2018-09-06,29.5,0.7,43200.0,46509.96
2018-09-07,28.2,2.6,39587.75,46345.15
2018-09-08,28.1,0.5,43200.0,46179.7
2018-09-09,29.3,0.0,41350.86,46013.71
2018-09-10,30.1,0.0,39403.2,45847.28
2018-09-11,30.9,0.0,43200.0,45680.52
2018-09-12,32.2,0.0,43200.0,45513.53
2018-09-13,24.8,1.8,0.0,45346.4
2018-09-14,29.2,0.0,43200.0,45179.24
2018-09-15,28.6,0.7,43200.0,45012.15
2018-09-16,29.2,0.1,43200.0,44845.23
2018-09-17,29.3,0.3,42928.6,44678.57
2018-09-18,27.6,12.5,38885.52,44512.27
2018-09-19,25.1,10.5,5038.5,44346.42
2018-09-20,26.5,5.0,4714.78,44181.13
2018-09-21,28.1,2.4,40175.93,44016.35
2018-09-22,29.3,0.0,43110.29,43850.96
2018-09-23,28.2,0.0,43047.68,43684.79
2018-09-24,28.3,1.5,42960.9,43517.95
2018-09-25,26.2,4.1,40287.49,43350.54
2018-09-26,24.1,0.0,42625.37,43182.67
2018-09-27,27.8,0.0,42457.0,43014.44
2018-09-28,26.2,0.0,42288.37,42845.96
2018-09-29,27.6,0.0,42119.58,42677.33
2018-09-30,25.9,0.0,41880.27,42508.66
2018-10-01,24.2,4.4,32935.72,42340.05
2018-10-02,23.5,0.5,34350.42,42171.62
2018-10-03,26.6,0.0,38883.56,42003.46
2018-10-04,26.2,0.5,31128.89,41835.67
2018-10-05,25.7,0.9,32787.46,41668.37
2018-10-06,20.5,13.9,11629.78,41501.67
2018-10-07,22.8,5.5,35572.29,41335.68
2018-10-08,24.5,0.1,36513.21,41170.51
2018-10-09,24.0,1.3,37540.2,41006.26
2018-10-10,25.2,0.5,30527.94,40843.06
2018-10-11,20.9,18.5,0.0,40680.87
2018-10-12,25.5,8.3,36225.73,40518.46
2018-10-13,24.8,0.0,36626.41,40355.65
2018-10-14,23.7,0.0,36540.4,40192.56
2018-10-15,24.1,0.0,36577.37,40029.31
2018-10-16,24.5,1.2,28352.76,39866.03
2018-10-17,25.3,0.1,33492.88,39702.83
2018-10-18,26.5,0.0,36053.4,39539.86
2018-10-19,25.8,0.0,36090.31,39377.23
2018-10-20,25.6,0.0,36127.42,39215.07
2018-10-21,23.1,5.4,29870.87,39053.53
2018-10-22,16.7,4.8,18646.64,38892.72
2018-10-23,22.8,0.5,36000.0,38732.79
2018-10-24,21.5,0.0,36000.0,38573.9
2018-10-25,23.6,0.0,36000.0,38416.15
2018-10-26,22.3,0.1,32895.1,38259.71
2018-10-27,22.8,4.1,36000.0,38104.73
2018-10-28,20.1,55.4,3600.0,37951.35
2018-10-29,23.4,24.5,20791.0,37799.73
2018-10-30,17.1,10.9,22670.6,37650.03
2018-10-31,19.6,2.0,36000.0,37502.23
2018-11-01,19.0,52.5,0.0,37355.01
2018-11-02,18.8,25.4,0.0,37208.15
2018-11-03,21.9,3.8,24200.51,37061.83
2018-11-04,19.4,5.3,5776.89,36916.17
2018-11-05,18.8,9.7,16610.83,36771.34
2018-11-06,20.1,0.0,34587.01,36627.48
2018-11-07,18.2,8.0,32737.84,36484.77
2018-11-08,18.4,0.0,35304.9,36343.34
2018-11-09,19.2,0.0,34664.13,36203.38
2018-11-10,19.0,0.0,35352.42,36065.05
2018-11-11,19.6,0.0,35289.99,35928.52
2018-11-12,19.5,0.0,35201.63,35793.96
2018-11-13,18.7,0.0,27690.35,35661.56
2018-11-14,17.5,0.0,34936.6,35531.49
2018-11-15,18.2,0.0,34807.8,35403.94
2018-11-16,17.5,0.0,31465.6,35279.09
2018-11-17,16.1,0.0,34558.56,35157.15
2018-11-18,14.7,0.0,32785.3,35038.28
2018-11-19,13.3,14.5,8183.73,34922.71
2018-11-20,16.7,49.2,12718.32,34810.46
2018-11-21,17.5,1.1,31718.47,34700.34
2018-11-22,17.0,0.8,31549.63,34592.15
2018-11-23,17.3,0.9,9239.53,34486.04
2018-11-24,16.6,6.1,0.0,34382.16
2018-11-25,15.4,33.8,0.0,34280.62
2018-11-26,15.1,9.5,23322.11,34181.6
2018-11-27,12.8,7.3,1735.61,34085.22
2018-11-28,12.0,0.0,32285.92,33991.63
2018-11-29,14.3,0.0,31981.71,33900.99
2018-11-30,13.4,0.5,3173.67,33813.44
2018-12-01,14.4,0.7,9110.7,33729.14
2018-12-02,14.2,0.1,26142.67,33648.22
2018-12-03,16.2,2.4,6301.55,33570.86
2018-12-04,18.4,0.1,30046.67,33497.19
2018-12-05,17.1,0.0,30818.83,33427.38
2018-12-06,15.7,1.8,9064.69,33361.58
2018-12-07,14.8,0.4,29061.27,33299.93
2018-12-08,16.2,3.1,29634.9,33242.61
2018-12-09,16.6,0.1,29858.89,33189.76
2018-12-10,14.8,0.0,29888.3,33141.43
2018-12-11,12.2,0.0,30283.72,33097.06
2018-12-12,10.9,0.1,26652.73,33056.52
2018-12-13,11.5,8.6,22313.76,33019.84
2018-12-14,8.8,31.4,0.0,32987.06
2018-12-15,9.5,0.0,30370.72,32958.2
2018-12-16,10.7,0.3,24416.2,32933.32
2018-12-17,10.9,10.4,25406.53,32912.43
2018-12-18,11.6,0.0,30407.6,32895.55
2018-12-19,12.5,0.0,24736.49,32882.72
2018-12-20,13.9,2.1,16408.94,32873.95
2018-12-21,13.6,0.2,28819.96,32869.28
2018-12-22,14.3,2.1,0.0,32868.7
2018-12-23,16.0,0.0,23825.04,32872.27
2018-12-24,16.2,0.0,16546.46,32879.95
2018-12-25,13.8,0.0,30993.69,32891.81
2018-12-26,11.8,0.0,30974.39,32907.81
2018-12-27,12.6,0.0,31211.04,32927.99
2018-12-28,10.9,0.0,30932.33,32952.36
2018-12-29,10.8,0.0,31282.66,32980.9
2018-12-30,13.1,0.0,26319.18,33013.68
2018-12-31,12.9,0.0,31386.02,33051.05
2019-01-01,12.0,0.0,31205.37,33092.99
2019-01-02,13.9,0.0,25920.78,33139.39
2019-01-03,7.4,0.0,31540.54,33190.12
2019-01-04,5.5,0.1,31596.31,33245.04
2019-01-05,8.8,0.0,30710.12,33304.03
2019-01-06,11.7,0.0,31713.43,33366.96
2019-01-07,11.3,0.0,31774.5,33433.71
2019-01-08,12.0,1.9,18887.08,33504.15
2019-01-09,10.8,1.4,31901.0,33578.14
2019-01-10,9.6,0.0,31966.14,33655.55
2019-01-11,9.1,0.1,32032.36,33736.27
2019-01-12,8.7,0.0,32099.53,33820.16
2019-01-13,11.7,0.0,25244.69,33907.08
2019-01-14,13.6,1.8,25036.16,33996.93
2019-01-15,12.1,0.0,32423.34,34089.56
2019-01-16,13.2,0.0,31672.35,34184.86
2019-01-17,13.0,2.3,32316.6,34282.71
2019-01-18,13.1,4.2,27879.98,34382.97
2019-01-19,11.6,0.5,31905.18,34485.68
2019-01-20,10.4,3.8,10017.37,34591.96
2019-01-21,10.5,5.0,7568.2,34701.89
2019-01-22,7.7,22.9,4436.25,34815.27
2019-01-23,9.3,2.7,28982.62,34931.92
2019-01-24,9.1,0.4,0.0,35051.63
2019-01-25,10.3,0.0,32400.0,35174.21
2019-01-26,10.2,0.0,32400.0,35299.48
2019-01-27,12.4,3.7,15770.82,35427.25
2019-01-28,11.5,4.0,32573.16,35557.33
2019-01-29,10.1,0.0,32885.65,35689.56
2019-01-30,8.8,2.2,14400.0,35823.74
2019-01-31,10.6,3.8,22521.31,35959.72
2019-02-01,15.1,6.6,6180.49,36097.32
2019-02-02,13.3,27.0,0.0,36236.38
2019-02-03,13.0,16.9,31355.0,36376.73
2019-02-04,16.0,0.0,32635.42,36518.22
2019-02-05,14.2,0.0,32979.98,36660.68
2019-02-06,15.8,0.0,34500.78,36803.97
2019-02-07,14.8,0.0,34577.94,36947.93
2019-02-08,14.4,0.1,32534.24,37092.61
2019-02-09,14.2,0.0,34917.19,37239.36
2019-02-10,14.9,0.1,28776.42,37388.35
2019-02-11,13.3,1.0,32421.82,37539.4
2019-02-12,13.5,0.0,36396.02,37692.36
2019-02-13,13.8,0.0,36431.23,37847.04
2019-02-14,16.0,0.0,35270.23,38003.3
2019-02-15,17.5,0.0,37159.26,38160.97
2019-02-16,14.5,0.0,37197.77,38319.9
2019-02-17,14.5,0.0,37562.52,38479.93
2019-02-18,13.5,0.0,35461.57,38640.91
2019-02-19,12.1,0.0,36154.25,38802.69
2019-02-20,13.9,0.0,36919.99,38965.13
2019-02-21,14.6,0.0,38585.58,39128.1
2019-02-22,16.4,0.0,38741.69,39291.43
2019-02-23,9.5,0.0,38864.23,39455.01
2019-02-24,12.7,0.0,38938.28,39618.7
2019-02-25,16.0,0.0,39011.88,39782.35
2019-02-26,15.1,0.0,29837.22,39945.85
2019-02-27,20.9,0.0,39157.6,40109.06
2019-02-28,16.3,0.0,39229.77,40272.01
2019-03-01,15.2,1.0,22883.99,40436.02
2019-03-02,18.0,2.0,37479.44,40601.28
2019-03-03,17.5,0.0,39444.94,40767.66
2019-03-04,16.3,0.0,39516.22,40935.04
2019-03-05,16.7,0.0,28668.55,41103.29
2019-03-06,18.3,0.0,39600.0,41272.28
2019-03-07,19.7,0.0,37133.33,41441.91
2019-03-08,16.9,0.8,28183.18,41612.05
2019-03-09,17.5,0.1,38492.45,41782.57
2019-03-10,15.7,0.6,7368.68,41953.37
2019-03-11,17.2,3.2,26528.38,42124.33
2019-03-12,14.2,1.2,39688.19,42295.33
2019-03-13,14.9,3.1,27208.43,42466.26
2019-03-14,16.2,0.5,39600.0,42637.0
2019-03-15,17.7,0.0,40151.69,42807.44
2019-03-16,16.6,0.2,17853.37,42977.47
2019-03-17,16.6,0.0,33652.5,43146.96
2019-03-18,16.0,0.1,39997.38,43315.81
2019-03-19,13.9,3.8,29592.96,43483.91
2019-03-20,16.4,0.0,32212.93,43651.29
2019-03-21,22.6,0.0,41388.77,43819.14
2019-03-22,21.5,0.0,41954.99,43987.65
2019-03-23,20.9,0.0,40361.05,44156.74
2019-03-24,21.3,0.0,42500.38,44326.28
2019-03-25,18.9,0.0,42603.31,44496.19
2019-03-26,16.4,3.5,37078.81,44666.35
2019-03-27,17.7,1.2,40705.36,44836.66
2019-03-28,20.9,0.0,42913.66,45007.02
2019-03-29,20.5,0.0,43017.28,45177.31
2019-03-30,18.9,0.0,43200.67,45347.45
2019-03-31,20.4,0.0,43247.41,45517.31
2019-04-01,20.7,0.0,41662.35,45686.8
2019-04-02,19.6,0.0,27151.98,45855.8
2019-04-03,14.0,7.0,16212.28,46024.2
2019-04-04,15.2,18.9,31685.83,46191.89
2019-04-05,15.7,1.4,43706.71,46358.76
2019-04-06,18.1,0.0,40498.23,46524.69
2019-04-07,15.8,2.9,32533.61,46689.58
2019-04-08,17.2,0.7,42270.37,46853.29
2019-04-09,18.1,0.1,43893.8,47015.85
2019-04-10,16.8,3.7,38044.82,47178.4
2019-04-11,15.9,2.4,40960.21,47341.11
2019-04-12,17.1,2.8,36054.6,47503.9
2019-04-13,16.5,14.0,33668.65,47666.64
2019-04-14,15.7,3.7,43200.0,47829.23
2019-04-15,19.6,0.0,44026.03,47991.57
2019-04-16,18.0,0.0,39868.42,48153.53
2019-04-17,19.2,0.0,44282.1,48315.03
2019-04-18,21.2,0.0,40556.01,48475.92
2019-04-19,21.6,0.0,44540.77,48636.09
2019-04-20,22.7,0.0,45145.9,48795.44
2019-04-21,22.3,0.4,20556.33,48953.83
2019-04-22,23.0,5.1,16350.59,49111.14
2019-04-23,19.4,4.2,43102.19,49267.24
2019-04-24,24.5,0.0,43157.65,49422.0
2019-04-25,26.5,0.0,46684.9,49575.3
2019-04-26,21.4,6.0,17727.15,49726.98
2019-04-27,19.7,0.4,46727.89,49876.92
2019-04-28,17.9,0.5,46792.24,50024.98
2019-04-29,16.0,2.6,43106.73,50171.14
2019-04-30,18.2,0.7,46177.39,50316.51
2019-05-01,20.0,6.0,37739.63,50461.23
2019-05-02,20.7,0.1,47578.3,50605.2
2019-05-03,19.9,0.2,38517.51,50748.29
2019-05-04,16.1,9.6,9913.5,50890.39
2019-05-05,15.4,6.2,38308.38,51031.35
2019-05-06,16.3,2.4,46800.0,51171.08
2019-05-07,18.5,0.0,50079.0,51309.42
2019-05-08,18.3,0.0,40933.42,51446.25
2019-05-09,20.8,2.3,18242.94,51581.42
2019-05-10,22.0,0.0,47339.27,51714.81
2019-05-11,21.0,0.4,24818.81,51846.27
2019-05-12,19.5,15.7,36363.35,51975.65
2019-05-13,19.6,3.3,25368.38,52102.81
2019-05-14,19.1,0.5,35765.53,52227.6
2019-05-15,11.9,25.8,387.45,52349.87
2019-05-16,19.6,0.0,47261.29,52469.45
2019-05-17,20.4,0.7,42593.62,52586.19
2019-05-18,18.5,15.7,30288.48,52699.94
2019-05-19,17.3,20.4,29736.58,52810.65
2019-05-20,17.8,2.7,42919.1,52919.21
2019-05-21,18.9,5.0,38118.43,53025.76
2019-05-22,20.1,0.8,50400.0,53130.19
2019-05-23,21.8,1.1,48890.13,53232.4
2019-05-24,22.0,0.2,49071.59,53332.26
2019-05-25,22.0,1.9,34837.02,53429.68
2019-05-26,18.9,17.3,0.0,53524.53
2019-05-27,21.6,11.4,14967.95,53616.72
2019-05-28,20.4,6.4,44859.28,53706.11
2019-05-29,18.9,5.2,48195.53,53792.6
2019-05-30,19.6,2.2,40467.3,53876.06
2019-05-31,21.5,2.0,49844.74,53956.39
2019-06-01,25.1,0.0,46800.0,54033.47
2019-06-02,25.7,0.2,49512.03,54107.16
2019-06-03,26.4,0.5,50400.0,54177.37
2019-06-04,25.3,0.0,47775.23,54243.96
2019-06-05,25.8,0.0,48607.24,54306.82
2019-06-06,25.7,0.1,49220.98,54365.84
2019-06-07,29.7,0.0,44481.79,54420.89
2019-06-08,30.3,0.0,43200.0,54471.92
2019-06-09,33.1,0.0,50400.0,54519.35
2019-06-10,34.3,0.0,49065.22,54563.24
2019-06-11,30.7,0.0,50400.0,54603.58
2019-06-12,29.3,0.0,50624.12,54640.32
2019-06-13,32.5,0.0,50610.81,54673.45
2019-06-14,36.3,0.0,44695.94,54702.93
2019-06-15,30.9,0.0,50586.11,54728.73
2019-06-16,30.4,0.0,50930.24,54750.85
2019-06-17,29.8,0.0,50564.21,54769.24
2019-06-18,31.1,0.0,50554.41,54783.9
2019-06-19,30.1,0.0,50901.02,54794.8
2019-06-20,31.5,0.0,50892.87,54801.92
2019-06-21,32.1,0.0,49211.55,54805.26
2019-06-22,31.5,0.0,39033.19,54804.79
2019-06-23,30.4,0.0,50873.67,54800.51
2019-06-24,33.7,0.0,51224.5,54792.41
2019-06-25,34.9,0.0,51220.81,54780.48
2019-06-26,34.7,0.3,50863.08,54764.71
2019-06-27,36.9,0.0,51216.5,54745.1
2019-06-28,37.4,0.0,50506.52,54721.61
2019-06-29,37.8,0.0,51215.89,54694.0
2019-06-30,33.7,0.0,51570.83,54662.28
2019-07-01,34.4,0.0,51218.4,54626.53
2019-07-02,34.9,0.0,51220.85,54586.83
2019-07-03,35.1,0.0,51577.2,54543.3
2019-07-04,34.1,0.0,51580.84,54496.0
2019-07-05,34.1,0.0,51233.08,54445.05
2019-07-06,34.8,0.0,51590.6,54390.52
2019-07-07,33.3,0.0,51245.42,54332.51
2019-07-08,34.5,0.0,50901.99,54271.12
2019-07-09,35.1,0.0,38827.31,54206.44
2019-07-10,29.9,7.7,47596.92,54138.57
2019-07-11,29.5,0.0,49209.48,54067.59
2019-07-12,30.4,0.1,50942.73,53993.62
2019-07-13,30.0,1.0,50955.19,53916.73
2019-07-14,30.5,0.0,50400.0,53837.03
2019-07-15,28.7,0.9,34719.47,53754.62
2019-07-16,31.7,2.1,50998.19,53669.58
2019-07-17,30.5,0.0,51014.41,53582.0
2019-07-18,30.6,0.0,50686.66,53491.87
2019-07-19,30.9,0.0,50705.57,53398.4
2019-07-20,32.3,0.0,50725.42,53301.53
2019-07-21,34.1,0.0,50746.26,53201.42
2019-07-22,34.9,0.0,50425.79,53098.22
2019-07-23,35.5,0.0,50449.22,52992.07
2019-07-24,35.5,0.0,50444.53,52883.14
2019-07-25,35.5,0.0,50414.06,52771.56
2019-07-26,36.3,0.0,50258.99,52657.48
2019-07-27,31.6,5.9,45012.12,52541.05
2019-07-28,24.9,26.5,41289.18,52422.4
2019-07-29,29.7,0.0,50086.21,52301.69
2019-07-30,30.4,0.0,50027.66,52179.03
2019-07-31,31.7,0.0,49544.69,52054.57
2019-08-01,32.1,0.0,49564.87,51928.44
2019-08-02,32.7,0.0,48258.92,51800.77
2019-08-03,32.9,0.0,49605.47,51671.69
2019-08-04,31.9,0.0,49295.8,51541.31
2019-08-05,32.4,0.0,49316.99,51409.77
2019-08-06,32.7,0.0,49009.48,51277.18
2019-08-07,34.1,0.0,48703.42,51143.51
2019-08-08,32.9,0.0,46800.0,51007.75
2019-08-09,35.4,0.0,48095.99,50869.76
2019-08-10,35.9,0.0,48120.51,50729.7
2019-08-11,36.8,0.0,48145.22,50587.71
2019-08-12,38.0,0.0,47845.61,50443.92
2019-08-13,36.2,0.0,47547.57,50298.49
2019-08-14,31.9,0.0,47574.09,50151.54
2019-08-15,31.9,0.0,47600.78,50003.21
2019-08-16,31.2,0.0,46984.08,49853.63
2019-08-17,31.2,0.0,47012.29,49702.93
2019-08-18,32.1,0.0,47040.58,49551.22
2019-08-19,33.1,0.0,47066.33,49398.64
2019-08-20,33.9,0.0,46706.99,49245.3
2019-08-21,32.8,0.0,46623.11,49091.31
2019-08-22,33.1,0.0,46285.79,48936.8
2019-08-23,31.0,1.1,43282.72,48781.87
2019-08-24,31.7,0.0,45100.83,48626.63
2019-08-25,31.0,6.6,45141.9,48471.2
2019-08-26,30.2,4.1,45183.3,48315.67
2019-08-27,31.8,0.0,45225.14,48160.03
2019-08-28,30.8,0.0,40936.08,48003.17
2019-08-29,31.7,0.4,40006.39,47844.96
2019-08-30,32.0,1.0,43791.47,47685.53
2019-08-31,31.2,0.4,43838.35,47524.97
2019-09-01,29.2,5.9,36028.03,47363.41
2019-09-02,29.9,8.0,38628.98,47200.96
2019-09-03,31.0,0.0,43359.85,47037.74
2019-09-04,29.5,0.1,43409.42,46873.85
2019-09-05,29.4,0.1,43459.33,46709.4
2019-09-06,25.9,0.6,43509.57,46544.49
2019-09-07,25.8,0.1,43250.06,46379.23
2019-09-08,25.7,0.9,43200.0,46213.73
2019-09-09,26.2,0.0,43200.0,46048.07
2019-09-10,27.8,0.0,41867.7,45882.37
2019-09-11,30.3,0.0,43200.0,45716.72
2019-09-12,31.9,0.0,43200.0,45551.21
2019-09-13,32.0,0.0,43200.0,45385.96
2019-09-14,30.2,0.0,43200.0,45221.05
2019-09-15,29.8,0.0,43200.0,45056.57
2019-09-16,30.2,0.0,43200.0,44892.49
2019-09-17,29.3,0.0,43200.0,44727.71
2019-09-18,29.6,0.0,40542.83,44562.05
2019-09-19,27.0,6.5,33280.63,44395.62
2019-09-20,27.5,0.2,43200.0,44228.53
2019-09-21,26.3,0.0,38224.46,44060.89
2019-09-22,22.0,26.5,3046.32,43892.79
2019-09-23,25.9,6.3,32241.78,43724.33
2019-09-24,25.0,0.0,42998.12,43555.64
2019-09-25,25.6,2.5,41000.54,43386.8
2019-09-26,27.1,0.0,42084.63,43217.92
2019-09-27,27.5,0.0,42491.56,43049.1
2019-09-28,26.1,1.1,41904.29,42880.44
2019-09-29,25.5,2.7,41251.99,42712.05
2019-09-30,24.9,0.8,40772.06,42544.02
2019-10-01,25.8,0.0,40803.5,42376.47
2019-10-02,22.4,16.3,13625.97,42209.49
2019-10-03,20.2,7.0,40107.67,42043.2
2019-10-04,21.7,0.0,40600.07,41877.69
2019-10-05,23.5,1.1,37478.52,41713.08
2019-10-06,22.7,1.8,38502.0,41549.33
2019-10-07,22.6,7.5,19540.93,41385.23
2019-10-08,22.9,0.0,39304.75,41220.62
2019-10-09,23.9,0.0,38767.84,41055.61
2019-10-10,23.2,0.2,37288.08,40890.31
2019-10-11,24.6,0.0,37690.44,40724.85
2019-10-12,24.2,0.0,37149.6,40559.33
2019-10-13,24.7,0.0,34964.48,40393.87
2019-10-14,24.7,0.1,34354.4,40228.6
2019-10-15,23.6,7.8,22168.79,40063.65
2019-10-16,22.7,3.0,36288.98,39899.12
2019-10-17,22.7,0.0,36008.23,39735.14
2019-10-18,22.5,0.0,36362.98,39571.85
2019-10-19,22.8,0.0,36081.45,39409.37
2019-10-20,24.2,0.0,36000.0,39247.83
2019-10-21,27.2,0.0,36000.0,39087.38
2019-10-22,27.2,0.0,35099.95,38928.13
2019-10-23,27.0,0.0,36000.0,38770.22
2019-10-24,26.4,5.5,30949.39,38613.81
2019-10-25,25.2,3.1,36000.0,38459.04
2019-10-26,25.7,0.0,36000.0,38305.87
2019-10-27,24.3,0.0,36000.0,38153.01
2019-10-28,22.3,0.0,35117.1,38000.26
2019-10-29,21.6,0.0,25701.71,37847.75
2019-10-30,20.4,6.6,23433.23,37695.63
2019-10-31,21.4,3.9,31616.61,37544.04
2019-11-01,18.9,22.6,9691.72,37393.15
2019-11-02,20.0,6.9,16152.18,37243.08
2019-11-03,20.3,39.1,22945.73,37094.0
2019-11-04,20.0,1.7,35773.72,36946.06
2019-11-05,20.0,15.4,30690.81,36799.43
2019-11-06,17.8,6.2,32825.04,36654.26
2019-11-07,18.4,0.8,35559.76,36510.74
2019-11-08,16.6,25.0,10514.22,36369.01
2019-11-09,15.5,7.6,23889.7,36229.26
2019-11-10,16.4,1.8,32336.64,36091.67
2019-11-11,17.4,13.5,7250.77,35956.4
2019-11-12,17.1,12.1,4280.35,35823.67
2019-11-13,16.7,2.7,25670.28,35693.63
2019-11-14,15.6,7.3,23584.01,35566.49
2019-11-15,17.8,29.4,14809.3,35442.27
2019-11-16,17.9,10.8,0.0,35319.69
2019-11-17,18.2,17.3,928.42,35198.57
2019-11-18,15.5,3.2,25913.43,35079.04
2019-11-19,15.4,6.4,688.24,34961.26
2019-11-20,15.3,1.9,16213.24,34845.39
2019-11-21,14.6,2.7,7367.8,34731.57
2019-11-22,16.5,0.4,30108.99,34619.96
2019-11-23,17.7,10.0,15709.94,34510.74
2019-11-24,15.0,24.4,0.0,34404.04
2019-11-25,17.4,2.2,31370.61,34300.04
2019-11-26,17.6,0.0,30225.11,34198.92
2019-11-27,17.5,8.6,21994.37,34100.82
2019-11-28,15.8,8.6,20487.73,34005.93
2019-11-29,17.1,2.0,25880.27,33914.43
2019-11-30,16.1,0.0,32029.01,33826.47
2019-12-01,16.8,0.7,29177.45,33742.24
2019-12-02,16.6,7.4,7829.11,33661.91
2019-12-03,15.5,1.1,20580.67,33585.66
2019-12-04,14.5,0.0,31132.02,33513.67
2019-12-05,14.3,0.0,28607.85,33445.99
2019-12-06,15.6,1.5,28059.93,33381.84
2019-12-07,15.8,4.1,19501.09,33321.07
2019-12-08,15.9,0.7,26432.61,33263.76
2019-12-09,15.6,2.7,26490.28,33209.97
2019-12-10,14.6,0.0,30008.09,33159.78
2019-12-11,12.2,0.0,30641.66,33113.26
2019-12-12,11.9,2.3,22438.34,33070.47
2019-12-13,14.6,20.8,433.5,33031.48
2019-12-14,13.8,0.0,30343.56,32996.37
2019-12-15,16.9,0.0,28173.82,32965.19
2019-12-16,17.6,0.0,27580.09,32938.02
2019-12-17,18.6,0.0,28838.39,32914.9
2019-12-18,17.4,0.0,6187.92,32895.9
2019-12-19,14.7,5.5,3522.45,32881.09
2019-12-20,15.3,1.9,20903.33,32870.51
2019-12-21,17.3,23.0,16854.09,32864.22
2019-12-22,15.7,14.9,29466.62,32862.28
2019-12-23,15.7,4.3,30662.04,32864.73
2019-12-24,14.2,0.0,31019.79,32871.61
2019-12-25,14.7,0.0,31002.8,32883.0
2019-12-26,14.9,0.0,30984.13,32898.99
2019-12-27,13.4,0.0,29470.55,32919.54
2019-12-28,12.3,0.0,31233.73,32944.57
2019-12-29,10.7,0.0,31278.18,32973.97
2019-12-30,10.8,0.0,30892.88,33007.69
2019-12-31,9.8,0.0,31373.81,33045.6
2020-01-01,11.8,0.0,31424.73,33087.63
2020-01-02,12.8,0.0,31477.54,33133.68
2020-01-03,12.2,0.0,31532.12,33183.67
2020-01-04,12.6,0.2,29464.99,33237.47
2020-01-05,13.4,0.0,31646.05,33295.02
2020-01-06,11.0,0.0,31705.14,33356.2
2020-01-07,9.5,0.0,28800.0,33420.91
2020-01-08,12.6,0.0,31826.9,33489.06
2020-01-09,11.6,0.0,31889.3,33560.56
2020-01-10,13.4,0.0,31952.55,33635.31
2020-01-11,12.9,0.0,32016.51,33713.18
2020-01-12,13.5,0.0,32081.04,33794.11
2020-01-13,12.9,0.0,32146.01,33877.99
2020-01-14,13.4,0.0,32211.63,33964.83
2020-01-15,13.1,0.0,32401.64,34055.63
2020-01-16,11.6,0.0,32347.59,34150.42
2020-01-17,12.9,0.0,32490.59,34249.03
2020-01-18,11.9,12.4,20401.96,34351.26
2020-01-19,13.0,0.3,32366.26,34456.92
2020-01-20,12.9,0.0,16537.14,34565.83
2020-01-21,14.1,0.0,32411.98,34677.8
2020-01-22,14.3,0.0,32400.0,34792.65
2020-01-23,13.8,0.0,32715.08,34910.2
2020-01-24,14.1,0.5,20267.01,35030.28
2020-01-25,14.7,8.7,29722.14,35152.7
2020-01-26,14.3,1.5,28638.8,35277.3
2020-01-27,13.9,0.5,32608.15,35403.9
2020-01-28,14.0,2.1,20985.02,35532.36
2020-01-29,15.3,2.7,32549.43,35662.49
2020-01-30,15.1,0.0,32518.88,35794.15
2020-01-31,13.7,0.1,923.43,35927.18
2020-02-01,15.4,0.7,13002.39,36061.41
2020-02-02,15.6,1.1,24049.84,36196.72
2020-02-03,18.6,0.0,32400.0,36333.1
2020-02-04,17.6,1.4,32400.0,36471.93
2020-02-05,12.3,0.4,34610.91,36613.35
2020-02-06,12.2,0.0,34863.86,36757.17
2020-02-07,12.9,0.0,35241.41,36903.22
2020-02-08,13.9,0.0,35271.12,37051.31
2020-02-09,14.2,0.0,26165.8,37201.27
2020-02-10,14.6,0.5,6762.14,37352.94
2020-02-11,18.0,0.0,34430.29,37506.14
2020-02-12,17.2,0.0,35735.13,37660.71
2020-02-13,15.5,0.0,32603.1,37816.49
2020-02-14,17.2,8.7,30661.73,37973.31
2020-02-15,16.6,0.0,37155.15,38131.04
2020-02-16,16.2,0.0,37192.75,38289.51
2020-02-17,15.7,0.0,36821.94,38448.59
2020-02-18,15.7,0.0,25508.08,38608.11
2020-02-19,14.0,2.8,36989.02,38767.95
2020-02-20,15.9,0.0,38384.3,38927.95
2020-02-21,15.7,0.0,38545.31,39087.98
2020-02-22,15.7,0.0,38706.17,39247.91
2020-02-23,16.0,0.0,38747.72,39407.76
2020-02-24,16.9,0.0,37770.78,39568.88
2020-02-25,16.6,0.0,35803.35,39731.45
2020-02-26,16.1,1.9,38230.07,39895.35
2020-02-27,13.1,0.5,38888.29,40060.42
2020-02-28,16.3,2.1,39210.82,40226.55
2020-02-29,15.1,0.0,39283.19,40393.6
2020-03-01,16.7,9.7,2933.17,40561.43
2020-03-02,16.2,15.1,21600.0,40729.93
2020-03-03,13.5,5.8,38986.52,40898.96
2020-03-04,14.7,0.3,39570.09,41068.41
2020-03-05,15.2,0.0,33640.0,41238.15
2020-03-06,15.6,11.7,39600.0,41408.07
2020-03-07,14.0,2.8,38476.33,41578.02
2020-03-08,15.6,0.0,39600.0,41747.92
2020-03-09,14.2,0.1,30911.03,41917.63
2020-03-10,16.3,0.0,33149.02,42087.04
2020-03-11,18.0,0.0,39699.6,42256.02
2020-03-12,17.5,0.0,36091.8,42424.47
2020-03-13,17.5,0.0,19466.63,42592.26
2020-03-14,15.9,0.4,10219.13,42759.44
2020-03-15,18.4,0.0,39807.5,42927.22
2020-03-16,17.9,0.0,40374.6,43095.81
2020-03-17,18.0,0.0,40940.9,43265.09
2020-03-18,19.1,0.0,40889.06,43434.96
2020-03-19,19.8,0.0,41454.43,43605.31
2020-03-20,18.6,0.0,41710.86,43776.03
2020-03-21,18.6,0.0,36709.64,43947.01
2020-03-22,19.4,0.2,40671.29,44118.16
2020-03-23,14.4,0.0,42479.61,44289.37
2020-03-24,10.1,0.0,42583.74,44460.52
2020-03-25,13.9,1.0,33770.86,44631.51
2020-03-26,11.7,20.0,0.0,44802.24
2020-03-27,15.6,3.7,23817.13,44972.59
2020-03-28,14.5,4.0,27985.91,45142.46
2020-03-29,16.6,1.2,41282.77,45311.73
2020-03-30,16.9,0.3,41811.35,45480.3
2020-03-31,16.5,6.0,36371.47,45648.05
2020-04-01,13.1,0.0,43499.9,45814.87
2020-04-02,13.0,0.0,33292.1,45980.63
2020-04-03,17.4,0.0,41327.13,46145.38
2020-04-04,20.5,0.0,43714.49,46310.25
2020-04-05,21.2,0.0,41506.92,46475.44
2020-04-06,20.8,0.0,43341.26,46640.83
2020-04-07,20.6,0.0,43309.74,46806.34
2020-04-08,20.5,0.0,43900.9,46971.85
2020-04-09,20.6,0.0,43870.26,47137.26
2020-04-10,22.0,0.0,44463.9,47302.46
2020-04-11,23.6,0.0,44434.35,47467.33
2020-04-12,22.9,0.0,43200.0,47631.78
2020-04-13,21.8,0.0,42486.02,47795.69
2020-04-14,15.8,4.0,24565.86,47958.95
2020-04-15,18.6,0.0,44946.27,48121.43
2020-04-16,18.9,0.0,44288.83,48283.02
2020-04-17,20.8,0.0,43944.85,48443.6
2020-04-18,20.6,0.0,36030.21,48603.04
2020-04-19,21.5,0.9,23466.15,48761.21
2020-04-20,19.6,19.1,0.0,48918.0
2020-04-21,21.8,7.3,14841.82,49073.26
2020-04-22,16.1,21.7,2972.67,49226.87
2020-04-23,20.2,2.2,44728.95,49378.82
2020-04-24,20.6,0.0,46984.74,49530.22
2020-04-25,21.1,0.0,47330.84,49681.24
2020-04-26,20.7,0.0,46715.88,49831.78
2020-04-27,21.3,0.0,48028.33,49981.7
2020-04-28,19.0,11.2,35740.39,50130.9
2020-04-29,19.6,2.8,46500.86,50279.24
2020-04-30,21.1,0.1,41250.17,50426.62
2020-05-01,21.0,0.2,38624.72,50572.89
2020-05-02,22.8,0.1,45228.74,50717.94
2020-05-03,24.2,0.0,46779.4,50861.63
2020-05-04,21.9,0.0,49769.01,51003.82
2020-05-05,22.7,0.0,49741.34,51144.38
2020-05-06,23.6,0.0,46800.0,51283.16
2020-05-07,25.4,0.1,50016.69,51420.03
2020-05-08,23.9,0.0,48220.66,51554.82
2020-05-09,24.3,0.0,46818.94,51687.41
2020-05-10,25.8,0.0,43568.34,51817.62
2020-05-11,24.0,1.5,42768.0,51945.31
2020-05-12,23.5,0.5,50400.0,52070.31
2020-05-13,29.2,0.2,40694.63,52192.61
2020-05-14,29.7,0.0,45243.99,52313.16
2020-05-15,24.1,0.0,39621.01,52432.11
2020-05-16,29.4,0.2,4914.95,52549.35
2020-05-17,27.3,0.0,32068.78,52664.75
2020-05-18,29.8,0.4,37203.03,52778.2
2020-05-19,24.7,1.9,45624.81,52889.58
2020-05-20,23.4,8.7,33375.97,52998.76
2020-05-21,27.7,0.0,50400.0,53105.62
2020-05-22,28.2,0.0,50400.0,53210.04
2020-05-23,27.9,0.0,50400.0,53311.88
2020-05-24,27.1,0.0,48465.48,53411.02
2020-05-25,27.8,0.0,50400.0,53507.32
2020-05-26,28.2,0.1,50400.0,53600.65
2020-05-27,25.2,0.2,50400.0,53690.89
2020-05-28,25.4,0.0,49374.46,53777.88
2020-05-29,22.4,16.4,25638.66,53861.51
2020-05-30,20.1,1.1,50400.0,53941.62
2020-05-31,24.0,2.4,49737.44,54018.09
2020-06-01,24.4,0.0,50400.0,54090.77
2020-06-02,23.9,0.6,50400.0,54159.62
2020-06-03,26.0,0.0,49911.57,54225.19
2020-06-04,24.2,2.6,47264.14,54287.59
2020-06-05,21.9,21.4,36911.51,54346.76
2020-06-06,26.8,0.0,50400.0,54402.63
2020-06-07,25.6,0.0,46398.41,54455.15
2020-06-08,24.1,15.3,40156.82,54504.26
2020-06-09,23.1,0.4,47290.17,54549.92
2020-06-10,21.1,11.6,42025.58,54592.06
2020-06-11,21.0,8.5,38547.48,54630.64
2020-06-12,25.1,0.0,50612.19,54665.59
2020-06-13,26.4,4.6,41518.87,54696.87
2020-06-14,23.2,2.8,48941.47,54724.44
2020-06-15,25.7,0.4,48912.76,54748.25
2020-06-16,25.8,0.5,50564.48,54768.24
2020-06-17,23.6,2.9,48488.66,54784.39
2020-06-18,25.1,0.1,50901.54,54796.63
2020-06-19,26.1,0.1,32400.0,54804.94
2020-06-20,28.6,0.0,50886.89,54809.28
2020-06-21,28.9,0.1,50400.0,54809.6
2020-06-22,30.5,0.0,50876.22,54805.88
2020-06-23,33.0,0.0,51227.52,54798.02
2020-06-24,31.8,0.0,51223.98,54786.07
2020-06-25,30.9,0.0,50866.01,54770.08
2020-06-26,31.9,0.0,51219.05,54750.09
2020-06-27,33.1,0.0,51217.71,54726.2
2020-06-28,33.7,0.0,51217.11,54698.44
2020-06-29,32.0,0.0,51217.32,54666.89
2020-06-30,30.4,0.0,51218.31,54631.62
2020-07-01,32.3,0.0,51220.16,54592.68
2020-07-02,32.8,0.0,51222.83,54550.15
2020-07-03,33.4,1.2,50945.6,54504.09
2020-07-04,28.1,1.5,41880.42,54454.58
2020-07-05,32.3,0.0,51587.96,54401.7
2020-07-06,32.5,0.0,51242.32,54345.5
2020-07-07,34.0,0.9,50898.54,54286.06
2020-07-08,31.7,0.0,51257.55,54223.46
2020-07-09,33.4,0.0,51266.63,54157.78
2020-07-10,34.1,0.0,51276.68,54089.08
2020-07-11,33.0,0.0,51287.71,54017.43
2020-07-12,33.2,0.0,50603.19,53942.83
2020-07-13,31.5,1.3,47886.42,53864.6
2020-07-14,30.4,0.0,50979.56,53782.68
2020-07-15,28.8,0.0,50810.56,53697.23
2020-07-16,29.8,0.0,50665.62,53608.4
2020-07-17,30.4,3.4,50585.42,53516.32
2020-07-18,28.8,2.5,51046.94,53421.14
2020-07-19,31.7,0.0,51065.95,53323.01
2020-07-20,32.1,0.0,50742.83,53222.05
2020-07-21,34.1,0.0,50764.32,53118.42
2020-07-22,35.8,0.0,50445.0,53012.24
2020-07-23,34.5,0.0,50450.39,52903.65
2020-07-24,32.4,0.0,50325.57,52792.8
2020-07-25,32.8,0.0,50388.17,52679.79
2020-07-26,31.8,0.0,50212.24,52564.77
2020-07-27,35.2,0.0,50155.02,52447.87
2020-07-28,34.4,0.0,50097.52,52329.21
2020-07-29,35.1,0.0,50039.83,52208.9
2020-07-30,38.7,0.0,49982.05,52087.08
2020-07-31,38.3,0.0,49924.24,51963.86
2020-08-01,36.9,0.0,49579.81,51839.22
2020-08-02,35.5,0.0,49599.61,51712.17
2020-08-03,32.6,0.0,47249.63,51582.59
2020-08-04,28.5,0.8,48980.65,51450.64
2020-08-05,29.5,0.3,48015.88,51316.48
2020-08-06,32.0,0.0,48696.49,51180.25
2020-08-07,32.5,0.6,48719.55,51042.1
2020-08-08,36.0,0.0,48416.03,50902.16
2020-08-09,36.5,0.0,48440.12,50760.59
2020-08-10,36.1,0.0,48139.06,50617.51
2020-08-11,34.7,0.2,47839.6,50473.06
2020-08-12,34.4,0.0,47865.53,50327.37
2020-08-13,35.4,0.0,47568.33,50180.57
2020-08-14,33.5,0.0,47595.14,50032.78
2020-08-15,34.3,0.1,46800.0,49884.14
2020-08-16,34.6,0.1,47327.75,49734.74
2020-08-17,32.6,0.2,46748.39,49584.73
2020-08-18,31.9,0.0,37942.1,49434.2
2020-08-19,33.8,0.0,47023.28,49283.28
2020-08-20,34.2,0.0,46643.99,49132.06
2020-08-21,36.0,0.0,46583.21,48980.54
2020-08-22,34.3,0.0,46520.9,48827.62
2020-08-23,34.3,0.0,46370.07,48673.17
2020-08-24,31.5,0.0,46276.23,48517.31
2020-08-25,32.4,0.0,46114.83,48360.17
2020-08-26,33.2,0.0,45842.13,48201.87
2020-08-27,31.3,0.0,45257.3,48042.51
2020-08-28,31.8,0.0,45301.49,47882.23
2020-08-29,33.7,0.0,44407.6,47721.12
2020-08-30,31.0,34.5,27361.05,47559.32
2020-08-31,22.8,15.4,11476.9,47396.92
2020-09-01,25.9,0.0,43301.6,47234.04
2020-09-02,26.3,0.4,21219.7,47070.77
2020-09-03,27.6,0.0,43710.94,46907.23
2020-09-04,29.0,0.0,43449.44,46743.51
2020-09-05,29.2,0.0,43499.02,46579.72
2020-09-06,28.8,0.0,42869.68,46415.96
2020-09-07,29.9,0.0,43200.0,46252.32
2020-09-08,32.9,0.0,43200.0,46088.9
2020-09-09,32.6,0.2,43200.0,45925.81
2020-09-10,32.5,0.0,43200.0,45762.99
2020-09-11,30.2,0.1,39357.37,45599.36
2020-09-12,31.8,0.1,43200.0,45434.76
2020-09-13,34.2,0.0,43200.0,45269.28
2020-09-14,33.8,0.0,43200.0,45103.05
2020-09-15,32.5,0.0,43200.0,44936.16
2020-09-16,32.3,0.1,43200.0,44768.72
2020-09-17,33.2,0.0,43200.0,44600.84
2020-09-18,31.9,0.0,43200.0,44432.61
2020-09-19,30.6,0.1,39600.0,44264.13
2020-09-20,29.9,3.4,42120.75,44095.51
2020-09-21,25.3,3.1,31849.06,43926.85
2020-09-22,25.7,13.0,42810.17,43758.25
2020-09-23,23.5,16.3,39737.76,43589.81
2020-09-24,25.9,4.7,39071.02,43421.62
2020-09-25,23.9,15.4,38802.84,43253.79
2020-09-26,20.7,1.4,35844.03,43086.42
2020-09-27,16.4,39.7,0.0,42919.62
2020-09-28,17.4,5.0,29940.5,42753.46
2020-09-29,21.6,0.0,41886.12,42588.08
2020-09-30,21.7,0.0,35761.57,42423.41
2020-10-01,21.5,0.3,40303.11,42258.3
2020-10-02,22.8,0.0,33564.6,42092.57
2020-10-03,24.0,27.2,27734.31,41926.33
2020-10-04,20.7,8.2,38078.08,41759.69
2020-10-05,21.5,5.7,27854.17,41592.77
2020-10-06,21.9,0.0,39193.81,41425.67
2020-10-07,22.2,12.2,25023.62,41258.51
2020-10-08,22.9,0.0,38748.72,41091.4
2020-10-09,22.5,0.0,37898.02,40924.46
2020-10-10,21.9,0.0,37358.95,40757.8
2020-10-11,17.6,21.4,11315.99,40591.54
2020-10-12,17.5,2.1,35434.31,40425.79
2020-10-13,17.5,0.0,36523.85,40260.69
2020-10-14,18.7,7.6,26139.12,40096.34
2020-10-15,17.4,29.0,32400.0,39932.88
2020-10-16,17.0,14.1,30568.63,39770.42
2020-10-17,17.4,3.3,35263.33,39609.1
2020-10-18,19.0,0.0,36072.55,39449.04
2020-10-19,19.7,0.0,36109.12,39290.38
2020-10-20,20.0,0.0,36145.83,39133.08
2020-10-21,20.5,0.0,36182.84,38975.88
2020-10-22,21.5,0.0,36000.0,38818.56
2020-10-23,21.4,0.1,23329.44,38661.28
2020-10-24,19.1,12.5,20155.76,38504.15
2020-10-25,18.8,0.1,36000.0,38347.32
2020-10-26,19.1,0.9,33929.69,38190.93
2020-10-27,18.6,10.5,28800.0,38035.13
2020-10-28,19.3,0.0,36000.0,37880.04
2020-10-29,19.1,0.0,36000.0,37725.83
2020-10-30,19.6,0.0,36000.0,37572.63
2020-10-31,19.9,0.0,36000.0,37420.62
2020-11-01,18.3,0.0,32336.46,37269.93
2020-11-02,19.2,0.0,34040.63,37120.74
2020-11-03,19.8,0.0,30086.93,36973.2
2020-11-04,19.9,0.0,35713.02,36827.48
2020-11-05,18.8,0.0,24426.15,36683.75
2020-11-06,20.6,0.0,35573.35,36542.17
2020-11-07,19.8,0.0,35506.65,36402.94
2020-11-08,19.4,0.0,35442.2,36266.23
2020-11-09,19.7,0.0,35379.89,36132.05
2020-11-10,19.9,0.0,35319.06,35999.07
2020-11-11,19.3,0.0,35026.08,35867.11
2020-11-12,17.5,1.8,22068.36,35736.31
2020-11-13,19.3,0.3,34019.21,35606.84
2020-11-14,18.3,5.1,10492.13,35478.85
2020-11-15,19.8,4.2,29696.36,35352.49
2020-11-16,18.2,34.0,9739.69,35227.93
2020-11-17,19.3,0.1,34506.42,35105.33
2020-11-18,19.8,0.0,34169.79,34984.86
2020-11-19,17.5,0.0,33775.5,34866.7
2020-11-20,14.7,9.0,21815.32,34751.01
2020-11-21,14.6,0.9,31871.19,34637.97
2020-11-22,13.4,0.0,33289.82,34527.77
2020-11-23,15.2,0.0,33244.83,34420.58
2020-11-24,15.4,0.0,32484.41,34316.59
2020-11-25,15.7,0.0,32143.32,34215.97
2020-11-26,15.0,0.0,31844.72,34118.94
2020-11-27,16.7,0.0,25051.47,34025.67
2020-11-28,17.2,0.2,14295.12,33936.35
2020-11-29,14.5,3.1,13284.06,33851.04
2020-11-30,15.6,0.0,31702.4,33768.77
2020-12-01,14.6,3.5,22811.4,33689.38
2020-12-02,12.5,33.3,0.0,33612.96
2020-12-03,12.6,2.6,25273.92,33539.63
2020-12-04,13.9,1.4,26401.12,33469.48
2020-12-05,17.3,11.8,25621.05,33402.63
2020-12-06,14.6,40.4,5128.74,33339.17
2020-12-07,12.5,11.6,22352.2,33279.2
2020-12-08,12.9,27.3,7628.76,33222.83
2020-12-09,12.5,4.6,26874.58,33170.17
2020-12-10,11.9,0.8,18412.7,33121.31
2020-12-11,12.3,3.2,28800.0,33076.35
2020-12-12,12.7,3.6,14483.77,33035.4
2020-12-13,12.6,0.0,30342.45,32998.55
2020-12-14,13.7,0.0,30733.37,32965.9
2020-12-15,13.4,0.0,11995.15,32937.55
2020-12-16,15.1,0.0,30396.68,32913.58
2020-12-17,13.7,0.0,28855.08,32894.1
2020-12-18,14.3,0.0,29972.43,32879.19
2020-12-19,13.4,0.0,29962.22,32868.92
2020-12-20,13.6,0.0,29798.27,32863.14
2020-12-21,13.8,0.0,29190.55,32861.76
2020-12-22,13.8,0.0,29921.82,32864.76
2020-12-23,14.5,0.4,22871.25,32872.08
2020-12-24,15.5,1.0,24179.38,32883.68
2020-12-25,14.2,3.8,23167.16,32899.51
2020-12-26,9.2,10.1,18000.0,32919.51
2020-12-27,10.0,0.0,31228.35,32943.65
2020-12-28,13.3,16.8,1820.95,32971.86
2020-12-29,14.4,6.7,29031.23,33004.08
2020-12-30,10.6,18.9,19805.6,33040.26
2020-12-31,10.7,0.0,31419.25,33080.33
2021-01-01,10.1,2.5,7672.6,33124.24
2021-01-02,11.0,22.9,7356.66,33171.92
2021-01-03,10.2,4.7,11545.28,33223.32
2021-01-04,10.7,3.3,30350.87,33278.36
2021-01-05,10.0,20.1,2894.09,33336.98
2021-01-06,11.1,3.4,24610.46,33399.11
2021-01-07,8.6,2.4,4869.69,33464.68
2021-01-08,8.9,0.0,17466.44,33533.74
2021-01-09,7.1,8.8,0.0,33607.05
2021-01-10,9.2,9.5,2890.45,33684.65
2021-01-11,7.6,0.0,32055.9,33766.38
2021-01-12,10.4,0.0,32122.48,33852.03
2021-01-13,11.3,0.0,32329.04,33941.46
2021-01-14,14.3,0.0,31368.69,34034.48
2021-01-15,10.7,2.2,12678.77,34130.92
2021-01-16,10.0,0.0,32492.35,34230.6
2021-01-17,5.7,3.1,4535.4,34333.37
2021-01-18,10.3,0.0,32456.14,34439.05
2021-01-19,12.1,0.0,32436.47,34547.47
2021-01-20,12.2,0.5,14607.04,34658.48
2021-01-21,14.8,0.2,13887.8,34771.91
2021-01-22,15.1,12.6,16294.62,34887.6
2021-01-23,13.1,7.5,32696.0,35005.4
2021-01-24,13.5,18.0,11413.11,35125.16
2021-01-25,13.4,4.4,3383.59,35246.72
2021-01-26,10.5,0.0,33307.76,35369.93
2021-01-27,10.6,0.0,32933.31,35494.66
2021-01-28,11.7,0.1,29647.03,35620.92
2021-01-29,15.1,0.1,15239.65,35750.01
2021-01-30,16.1,0.3,29581.97,35882.06
2021-01-31,13.8,14.5,17916.1,36016.89
2021-02-01,13.7,0.5,27471.16,36154.29
2021-02-02,15.7,0.0,33442.74,36294.1
2021-02-03,15.3,0.0,29320.63,36436.1
2021-02-04,16.8,0.0,29567.72,36580.13
2021-02-05,19.1,0.0,34306.8,36726.02
2021-02-06,20.4,0.0,34796.01,36873.58
2021-02-07,17.5,27.5,187.99,37022.65
2021-02-08,13.6,3.9,34175.05,37173.06
2021-02-09,14.9,14.6,24657.18,37324.65
2021-02-10,15.6,10.0,14400.0,37477.26
2021-02-11,15.7,0.0,36058.54,37630.72
2021-02-12,13.2,0.0,21258.24,37784.88
2021-02-13,10.0,16.1,7323.75,37939.61
2021-02-14,7.0,0.0,37472.05,38094.75
2021-02-15,8.7,0.0,37507.06,38250.15
2021-02-16,9.4,0.0,32373.8,38405.67
2021-02-17,12.2,0.0,9659.0,38561.34
2021-02-18,14.9,0.0,37295.47,38718.52
2021-02-19,14.7,0.0,36690.98,38877.4
2021-02-20,16.1,0.0,35076.8,39037.84
2021-02-21,17.2,0.0,38657.45,39199.67
2021-02-22,17.8,0.0,38821.46,39362.77
2021-02-23,17.5,0.0,38899.46,39526.98
2021-02-24,18.8,0.0,38973.25,39692.17
2021-02-25,19.5,0.0,39046.79,39858.21
2021-02-26,17.7,0.0,39120.06,40024.95
2021-02-27,15.2,0.0,39193.06,40192.27
2021-02-28,18.2,0.0,39265.76,40360.04
2021-03-01,16.2,0.0,39338.14,40528.12
2021-03-02,16.8,0.0,39410.2,40696.39
2021-03-03,17.3,0.0,39481.93,40864.73
2021-03-04,15.2,0.0,39553.31,41033.02
2021-03-05,14.7,0.8,32753.73,41201.13
2021-03-06,15.3,10.8,35503.7,41368.93
2021-03-07,13.1,6.8,5598.62,41536.31
2021-03-08,12.5,25.8,0.0,41703.15
2021-03-09,13.6,40.6,162.93,41869.48
2021-03-10,15.5,0.1,39600.0,42036.56
2021-03-11,14.9,0.0,36116.55,42204.58
2021-03-12,14.7,0.1,1760.78,42373.43
2021-03-13,17.7,1.7,39600.0,42542.99
2021-03-14,15.6,1.4,37884.93,42713.16
2021-03-15,14.8,0.0,40439.04,42883.82
2021-03-16,14.6,0.0,40386.71,43054.87
2021-03-17,13.9,0.0,36397.93,43226.19
2021-03-18,13.0,0.0,38527.23,43397.69
2021-03-19,12.4,0.7,34232.27,43569.24
2021-03-20,12.5,0.5,30236.92,43740.73
2021-03-21,13.8,0.0,41050.51,43912.07
2021-03-22,14.4,0.0,40046.61,44083.15
2021-03-23,12.7,0.0,39712.24,44253.85
2021-03-24,16.3,0.0,42564.58,44424.06
2021-03-25,16.5,0.0,42667.4,44593.67
2021-03-26,17.0,0.0,42769.65,44762.58
2021-03-27,17.2,0.0,37416.36,44930.67
2021-03-28,18.6,0.0,42971.92,45097.81
2021-03-29,20.3,0.0,43071.77,45264.06
2021-03-30,22.6,0.0,43171.71,45430.57
2021-03-31,22.7,0.0,43231.5,45597.53
2021-04-01,21.3,0.0,43200.0,45764.83
2021-04-02,20.8,0.0,41032.59,45932.39
2021-04-03,18.8,1.6,25998.44,46100.07
2021-04-04,19.4,3.1,43412.49,46267.81
2021-04-05,15.8,0.0,43089.43,46435.47
2021-04-06,17.3,1.9,35425.76,46602.96
2021-04-07,13.3,0.0,32525.74,46770.17
2021-04-08,14.4,0.0,44219.68,46936.98
2021-04-09,15.8,0.0,43877.84,47103.3
2021-04-10,16.0,0.2,32657.46,47268.99
2021-04-11,16.9,3.3,15979.7,47433.96
2021-04-12,15.8,15.2,5044.78,47598.09
2021-04-13,15.0,4.2,43756.64,47761.25
2021-04-14,15.0,0.3,44667.88,47923.32
2021-04-15,15.1,0.5,40274.68,48084.18
2021-04-16,16.1,0.0,32281.5,48243.71
2021-04-17,16.5,0.0,34198.25,48401.77
2021-04-18,15.0,7.6,24964.7,48558.38
2021-04-19,14.8,4.6,32016.07,48714.66
2021-04-20,15.9,2.8,42816.69,48870.78
2021-04-21,16.9,0.6,38873.33,49026.64
2021-04-22,15.2,3.3,9377.13,49182.11
2021-04-23,20.3,1.5,45827.78,49337.08
2021-04-24,21.9,0.0,47300.24,49491.45
2021-04-25,20.6,0.0,47646.41,49645.09
2021-04-26,21.6,0.4,43200.0,49797.87
2021-04-27,21.0,5.3,16707.56,49949.68
2021-04-28,19.3,18.5,33367.95,50100.39
2021-04-29,19.8,7.2,19585.57,50249.86
2021-04-30,25.0,0.1,45260.39,50397.96
2021-05-01,22.2,2.2,19010.25,50544.57
2021-05-02,18.7,0.4,47166.67,50689.54
2021-05-03,19.3,0.0,45775.38,50832.72
2021-05-04,19.3,3.5,24333.95,50973.98
2021-05-05,19.9,0.0,49419.3,51113.16
2021-05-06,21.5,0.0,48081.85,51250.12
2021-05-07,20.7,0.0,48382.99,51384.7
2021-05-08,24.0,0.0,50271.49,51516.88
2021-05-09,24.5,0.1,48922.62,51647.69
2021-05-10,25.3,0.0,50400.0,51777.26
2021-05-11,24.7,7.9,34108.04,51905.5
2021-05-12,20.1,3.3,49193.96,52032.28
2021-05-13,19.2,8.2,43200.0,52157.46
2021-05-14,18.2,6.1,20699.31,52280.94
2021-05-15,20.5,0.6,50400.0,52402.58
2021-05-16,21.7,0.0,28339.51,52522.24
2021-05-17,21.9,0.0,50139.77,52639.81
2021-05-18,21.7,0.0,50400.0,52755.15
2021-05-19,20.6,1.3,43923.0,52868.1
2021-05-20,22.7,0.0,49826.53,52978.55
2021-05-21,22.8,0.0,50400.0,53086.35
2021-05-22,22.4,0.0,50400.0,53191.34
2021-05-23,23.9,0.1,36722.5,53293.4
2021-05-24,29.5,0.2,35195.25,53392.37
2021-05-25,23.5,0.0,49445.3,53488.11
2021-05-26,23.9,0.0,50400.0,53580.47
2021-05-27,23.1,0.0,46800.0,53669.29
2021-05-28,27.1,0.0,50400.0,53754.52
2021-05-29,27.1,0.0,45630.17,53836.88
2021-05-30,23.5,2.5,29960.94,53916.46
2021-05-31,24.3,0.7,50033.03,53993.18
2021-06-01,25.6,0.0,50400.0,54066.96
2021-06-02,25.7,0.0,46112.46,54137.74
2021-06-03,29.3,0.0,50412.18,54205.41
2021-06-04,30.1,0.0,50400.0,54269.91
2021-06-05,24.0,0.0,2569.03,54331.14
2021-06-06,24.5,5.2,18552.78,54389.05
2021-06-07,25.6,8.1,43200.0,54443.53
2021-06-08,24.0,22.7,34413.44,54494.51
2021-06-09,27.0,0.5,50400.0,54541.93
2021-06-10,28.9,0.0,50093.79,54585.69
2021-06-11,28.1,0.1,49463.65,54625.72
2021-06-12,28.4,0.0,50400.0,54661.95
2021-06-13,29.7,0.0,50600.8,54694.3
2021-06-14,28.3,0.1,50588.82,54722.71
2021-06-15,26.6,0.0,50577.85,54747.11
2021-06-16,27.8,0.1,39355.78,54767.41
2021-06-17,29.6,0.0,48891.35,54783.58
2021-06-18,28.3,0.0,50906.02,54795.71
2021-06-19,30.3,0.0,49948.42,54803.87
2021-06-20,31.4,0.0,42171.89,54808.06
2021-06-21,33.7,0.0,50884.82,54808.33
2021-06-22,33.4,0.0,50879.13,54804.69
2021-06-23,34.4,0.0,41933.66,54797.18
2021-06-24,32.0,0.0,40757.0,54785.84
2021-06-25,31.0,0.0,45251.64,54770.69
2021-06-26,32.0,0.0,51573.95,54751.78
2021-06-27,32.7,0.0,51571.76,54729.14
2021-06-28,35.3,0.0,51215.91,54702.82
2021-06-29,33.6,0.0,50861.45,54672.85
2021-06-30,31.5,0.0,51567.36,54639.29
2021-07-01,31.6,0.0,50942.19,54602.16
2021-07-02,32.0,0.0,51573.5,54561.53
2021-07-03,33.4,0.0,51223.7,54517.43
2021-07-04,31.6,0.0,48177.54,54469.92
2021-07-05,32.0,0.1,51233.58,54419.04
2021-07-06,33.9,0.0,51591.62,54364.85
2021-07-07,34.3,0.0,51247.49,54307.32
2021-07-08,39.3,0.0,45747.44,54245.91
2021-07-09,33.6,0.0,49129.93,54180.61
2021-07-10,32.2,0.0,51275.26,54111.53
2021-07-11,33.0,0.0,51286.28,54038.81
2021-07-12,33.6,0.0,51298.19,53962.59
2021-07-13,31.9,2.7,50578.79,53882.98
2021-07-14,27.7,0.0,50977.42,53800.12
2021-07-15,28.0,0.0,48854.92,53714.14
2021-07-16,26.1,8.3,46522.65,53625.15
2021-07-17,28.0,1.8,36000.0,53533.31
2021-07-18,30.3,1.7,48561.55,53438.72
2021-07-19,32.1,0.3,50717.8,53341.51
2021-07-20,31.9,0.0,50400.0,53241.81
2021-07-21,34.2,0.0,50416.36,53139.73
2021-07-22,35.0,0.0,50438.86,53035.41
2021-07-23,33.9,0.0,50454.4,52928.95
2021-07-24,33.1,0.0,44456.67,52820.48
2021-07-25,34.4,0.0,48764.93,52710.1
2021-07-26,34.3,0.0,33646.68,52597.94
2021-07-27,36.1,0.0,39310.68,52483.98
2021-07-28,35.9,0.0,50115.79,52367.26
2021-07-29,34.5,0.0,50059.04,52247.71
2021-07-30,35.6,0.0,50001.56,52125.48
2021-07-31,35.5,0.0,48555.24,52000.73
2021-08-01,32.8,0.0,49146.4,51873.59
2021-08-02,29.9,0.0,45993.35,51744.25
2021-08-03,30.3,0.0,39600.0,51612.82
2021-08-04,35.1,0.0,48715.12,51479.47
2021-08-05,28.9,1.7,47680.8,51344.33
2021-08-06,31.1,0.0,48362.74,51207.55
2021-08-07,32.9,0.0,48714.31,51069.26
2021-08-08,33.2,0.0,41401.76,50929.58
2021-08-09,32.8,0.0,47782.81,50788.65
2021-08-10,35.8,0.0,48081.49,50646.62
2021-08-11,37.6,0.0,47509.65,50503.58
2021-08-12,38.9,0.0,47860.28,50359.68
2021-08-13,37.3,0.0,47239.44,50215.02
2021-08-14,37.6,0.0,47589.38,50069.74
2021-08-15,37.2,0.0,47293.92,49923.93
2021-08-16,35.0,0.0,47321.1,49777.58
2021-08-17,33.0,0.0,46800.0,49629.62
2021-08-18,31.5,1.5,46800.0,49479.91
2021-08-19,29.9,1.6,46759.73,49328.57
2021-08-20,31.4,0.6,45908.4,49175.76
2021-08-21,33.0,0.0,46599.15,49021.58
2021-08-22,34.0,0.0,46535.11,48866.18
2021-08-23,30.5,0.3,46341.4,48709.66
2021-08-24,30.2,5.0,44588.35,48552.16
2021-08-25,29.0,0.2,39576.57,48393.78
2021-08-26,28.6,0.4,45520.17,48234.65
2021-08-27,27.2,0.5,45249.4,48074.87
2021-08-28,27.2,1.2,44666.63,47914.55
2021-08-29,28.0,0.0,45337.78,47753.83
2021-08-30,27.9,0.0,44444.89,47592.78
2021-08-31,28.5,0.3,43866.86,47431.51
2021-09-01,30.2,0.0,44225.86,47270.15
2021-09-02,30.3,0.0,43961.49,47108.77
2021-09-03,29.0,0.0,43386.87,46947.49
2021-09-04,29.4,1.3,43200.0,46786.4
2021-09-05,29.9,0.0,43200.0,46625.48
2021-09-06,29.3,0.2,43200.0,46463.62
2021-09-07,29.6,0.0,40822.08,46300.67
2021-09-08,29.1,0.1,41509.51,46136.75
2021-09-09,28.7,0.0,43200.0,45971.97
2021-09-10,29.6,0.0,34850.83,45806.42
2021-09-11,29.9,0.3,38877.98,45640.22
2021-09-12,30.0,0.0,43200.0,45473.46
2021-09-13,30.7,0.0,43200.0,45306.27
2021-09-14,31.1,0.0,33724.52,45138.72
2021-09-15,30.5,0.0,39496.1,44970.93
2021-09-16,29.8,0.0,41474.59,44803.0
2021-09-17,26.7,8.6,41567.16,44635.01
2021-09-18,28.3,0.2,42382.64,44467.09
2021-09-19,27.1,6.4,42716.34,44299.3
2021-09-20,25.5,1.0,39609.35,44131.77
2021-09-21,26.7,0.1,43156.21,43964.59
2021-09-22,27.7,0.0,43093.74,43797.85
2021-09-23,26.6,0.0,43031.11,43631.65
2021-09-24,27.4,0.0,42909.64,43466.09
2021-09-25,28.7,0.0,41924.43,43301.12
2021-09-26,28.9,0.2,41294.27,43135.6
2021-09-27,27.9,2.2,33384.72,42969.38
2021-09-28,27.8,0.5,41894.91,42802.55
2021-09-29,27.3,0.1,39275.98,42635.22
2021-09-30,28.2,0.0,41876.06,42467.49
2021-10-01,26.9,0.0,40592.27,42299.48
2021-10-02,24.5,0.4,10181.41,42131.3
2021-10-03,24.5,0.6,39528.31,41963.06
2021-10-04,26.8,2.2,37554.7,41794.86
2021-10-05,23.0,6.6,17340.46,41626.81
2021-10-06,22.5,11.7,19909.98,41459.03
2021-10-07,19.5,5.5,23945.14,41291.62
2021-10-08,20.8,0.5,28807.3,41124.7
2021-10-09,22.1,0.1,37312.04,40958.39
2021-10-10,19.1,0.2,37339.54,40792.79
2021-10-11,17.3,1.5,27483.26,40628.02
2021-10-12,20.6,0.0,31602.13,40464.21
2021-10-13,21.5,0.0,36654.85,40301.47
2021-10-14,18.7,0.0,37372.33,40139.93
2021-10-15,19.2,0.0,36904.65,39979.55
2021-10-16,20.7,0.0,35037.2,39819.08
2021-10-17,21.5,0.0,36040.84,39658.33
2021-10-18,22.7,0.0,34472.31,39497.42
2021-10-19,22.2,0.0,36099.96,39336.49
2021-10-20,21.3,0.0,36137.11,39175.66
2021-10-21,21.8,1.1,18256.01,39015.06
2021-10-22,22.8,3.0,23316.34,38854.83
2021-10-23,22.3,6.6,8320.41,38695.1
2021-10-24,24.1,0.0,36000.0,38536.01
2021-10-25,21.5,0.0,29020.61,38377.7
2021-10-26,16.4,6.4,0.0,38220.32
2021-10-27,20.2,0.3,32273.83,38064.0
2021-10-28,20.6,0.0,36000.0,37908.9
2021-10-29,19.8,0.0,32982.99,37755.17
2021-10-30,21.1,1.8,36000.0,37602.96
2021-10-31,20.3,5.1,14060.97,37452.43
2021-11-01,19.6,16.3,2250.3,37303.74
2021-11-02,20.2,0.2,35877.57,37157.05
2021-11-03,17.3,19.6,172.62,37012.54
2021-11-04,17.9,21.6,23623.05,36870.21
2021-11-05,15.7,0.0,25560.18,36728.7
2021-11-06,19.7,7.0,21600.0,36587.85
2021-11-07,25.0,5.4,34930.56,36447.78
2021-11-08,18.5,10.1,15965.88,36308.66
2021-11-09,19.2,20.2,19020.78,36170.64
2021-11-10,23.9,6.0,25465.54,36033.88
2021-11-11,19.3,16.9,4089.77,35898.53
2021-11-12,19.4,8.2,14601.1,35764.77
2021-11-13,18.7,0.0,34371.57,35632.75
2021-11-14,17.9,4.2,15974.7,35502.66
2021-11-15,18.8,2.5,23936.02,35374.66
2021-11-16,15.3,11.4,8701.61,35248.93
2021-11-17,18.1,3.2,22604.53,35125.65
2021-11-18,18.2,0.0,33827.32,35005.01
2021-11-19,18.1,0.0,33786.31,34887.18
2021-11-20,17.4,0.0,33744.87,34772.36
2021-11-21,16.6,0.0,26859.75,34660.75
2021-11-22,16.2,14.1,17254.52,34552.53
2021-11-23,15.8,7.6,10200.62,34447.9
2021-11-24,17.6,0.0,32861.04,34346.92
2021-11-25,15.9,31.5,3600.0,34248.45
2021-11-26,13.6,11.9,22181.7,34152.33
2021-11-27,14.6,1.5,21087.93,34058.69
2021-11-28,13.4,16.4,17909.61,33967.66
2021-11-29,9.7,11.4,16235.91,33879.36
2021-11-30,10.1,0.0,32411.7,33793.92
2021-12-01,13.6,3.3,11180.25,33711.47
2021-12-02,12.9,25.0,2772.63,33632.14
2021-12-03,13.6,0.0,26364.72,33556.06
2021-12-04,13.1,2.4,18964.79,33483.38
2021-12-05,14.4,3.3,29728.99,33414.21
2021-12-06,8.5,3.6,0.0,33348.7
2021-12-07,11.2,0.0,30904.23,33286.97
2021-12-08,12.3,13.3,4009.89,33229.15
2021-12-09,11.8,2.3,25260.54,33175.39
2021-12-10,10.3,8.0,12372.61,33125.82
2021-12-11,8.6,9.6,21267.42,33080.54
2021-12-12,11.8,0.0,30318.02,33039.72
2021-12-13,12.4,0.0,29227.23,33003.47
2021-12-14,14.6,0.0,30004.86,32971.85
2021-12-15,13.9,0.0,30003.27,32944.47
2021-12-16,13.3,0.0,30019.79,32921.24
2021-12-17,13.9,0.0,30031.22,32902.13
2021-12-18,13.6,0.0,30412.75,32887.17
2021-12-19,11.2,0.0,30419.59,32876.34
2021-12-20,12.4,0.0,30051.12,32869.65
2021-12-21,12.2,0.0,29565.47,32867.08
2021-12-22,11.6,8.1,17879.59,32868.62
2021-12-23,13.7,0.4,25200.0,32874.27
2021-12-24,13.5,2.9,0.0,32884.01
2021-12-25,14.7,4.9,929.38,32897.83
2021-12-26,13.3,10.1,0.0,32915.7
2021-12-27,14.6,1.6,21600.0,32937.62
2021-12-28,14.2,5.8,16790.49,32963.56
2021-12-29,16.6,0.0,24384.66,32993.48
2021-12-30,15.7,0.0,29731.93,33027.38
2021-12-31,16.3,0.0,31405.54,33065.23
2022-01-01,13.0,0.0,31454.67,33106.99
2022-01-02,10.7,0.0,15089.41,33152.63
2022-01-03,13.1,0.6,15904.19,33202.2
2022-01-04,15.4,0.0,11116.89,33256.26
2022-01-05,16.2,6.7,30342.62,33314.81
2022-01-06,12.5,0.2,28066.85,33377.7
2022-01-07,12.7,1.2,31784.6,33444.78
2022-01-08,9.3,0.0,31846.47,33515.89
2022-01-09,9.3,2.8,9373.73,33590.9
2022-01-10,10.5,0.6,31975.06,33669.63
2022-01-11,11.5,0.0,32041.51,33751.95
2022-01-12,11.8,3.0,30627.33,33837.71
2022-01-13,11.4,0.0,32317.88,33926.74
2022-01-14,10.6,0.0,32374.09,34018.92
2022-01-15,12.7,0.0,32430.08,34114.08
2022-01-16,13.0,0.0,32485.71,34212.09
2022-01-17,12.4,0.0,32479.0,34312.79
2022-01-18,12.8,0.0,32461.09,34416.06
2022-01-19,12.9,0.0,32442.14,34521.73
2022-01-20,11.7,6.0,19454.89,34629.68
2022-01-21,11.5,0.0,32401.13,34739.77
2022-01-22,10.6,0.0,32728.47,34851.87
2022-01-23,11.9,0.0,32704.47,34966.0
2022-01-24,13.2,0.0,32679.28,35083.36
2022-01-25,9.6,0.0,32999.49,35204.08
2022-01-26,11.8,0.0,32970.91,35327.95
2022-01-27,12.0,0.0,30880.29,35454.77
2022-01-28,13.5,0.0,32400.0,35584.36
2022-01-29,12.7,0.0,33221.51,35716.51
2022-01-30,12.9,0.0,33187.81,35851.06
2022-01-31,11.7,2.3,3908.94,35987.79
2022-02-01,13.8,0.0,33876.13,36126.56
2022-02-02,15.3,0.0,33796.79,36267.16
2022-02-03,15.0,0.0,34059.06,36409.44
2022-02-04,14.7,0.1,19147.94,36553.22
2022-02-05,14.6,2.7,22353.36,36698.32
2022-02-06,15.6,0.0,34141.75,36844.6
2022-02-07,16.1,0.9,29296.73,36991.89
2022-02-08,14.0,0.0,35625.27,37140.03
2022-02-09,16.1,0.0,35655.06,37288.88
2022-02-10,16.7,0.0,36016.1,37438.27
2022-02-11,14.8,0.0,36047.72,37588.07
2022-02-12,16.4,0.0,36080.51,37738.31
2022-02-13,15.0,7.4,35212.69,37890.35
2022-02-14,14.0,6.7,33612.35,38044.36
2022-02-15,13.2,18.5,30595.55,38200.21
2022-02-16,12.7,0.2,36881.09,38357.72
2022-02-17,15.2,0.0,33724.95,38516.73
2022-02-18,15.6,0.0,22795.84,38677.1
2022-02-19,17.0,0.0,25165.72,38838.67
2022-02-20,16.9,0.4,29297.27,39001.29
2022-02-21,15.3,1.9,30882.12,39164.83
2022-02-22,16.2,0.0,38787.69,39329.13
2022-02-23,18.3,0.0,38881.13,39494.06
2022-02-24,17.1,0.0,38040.42,39659.49
2022-02-25,15.4,0.3,37256.06,39825.27
2022-02-26,9.6,3.1,36000.0,39991.27
2022-02-27,11.7,0.0,36639.33,40157.37
2022-02-28,14.0,0.0,39248.53,40323.43
2022-03-01,11.6,0.0,39320.81,40489.33
2022-03-02,12.9,0.0,39392.65,40654.93
2022-03-03,13.2,0.0,32838.29,40820.11
2022-03-04,13.6,2.6,28293.28,40984.92
2022-03-05,12.9,0.0,39600.0,41150.63
2022-03-06,12.4,0.2,39029.27,41317.43
2022-03-07,11.3,0.0,38286.67,41485.2
2022-03-08,11.4,0.0,39600.0,41653.83
2022-03-09,15.9,0.0,39600.0,41823.21
2022-03-10,17.0,0.0,39779.81,41993.21
2022-03-11,13.9,0.0,39600.0,42163.72
2022-03-12,14.4,0.0,33757.36,42334.63
2022-03-13,15.1,0.0,39624.77,42505.82
2022-03-14,16.8,0.0,39882.1,42677.19
2022-03-15,17.0,0.0,39538.91,42848.61
2022-03-16,18.3,0.0,36996.95,43019.99
2022-03-17,20.4,0.0,36403.81,43191.21
2022-03-18,19.2,0.0,30140.1,43362.16
2022-03-19,17.0,1.5,4133.18,43532.73
2022-03-20,16.9,0.2,40495.95,43702.8
2022-03-21,15.5,0.5,41987.56,43872.27
2022-03-22,17.0,0.0,42333.14,44041.03
2022-03-23,20.5,0.0,42434.18,44208.95
2022-03-24,20.2,0.0,42534.49,44376.08
2022-03-25,20.5,0.0,42635.08,44543.61
2022-03-26,21.5,0.0,39131.31,44711.7
2022-03-27,24.3,0.0,31333.85,44880.27
2022-03-28,20.6,0.0,41635.99,45049.21
2022-03-29,19.9,0.0,39600.0,45218.42
2022-03-30,16.6,16.7,6456.16,45387.79
2022-03-31,16.6,18.7,27288.1,45557.23
2022-04-01,14.6,7.5,24973.33,45726.62
2022-04-02,10.2,12.6,34286.76,45895.85
2022-04-03,12.6,0.7,43452.09,46064.83
2022-04-04,14.8,0.9,32726.34,46233.44
2022-04-05,17.9,0.0,43698.61,46401.58
2022-04-06,15.6,1.4,15991.02,46569.12
2022-04-07,17.7,2.6,43946.85,46735.97
2022-04-08,18.9,0.0,43522.08,46901.99
2022-04-09,17.4,0.2,30776.51,47067.09
2022-04-10,16.7,0.0,44478.85,47231.13
2022-04-11,16.9,0.0,44449.32,47394.0
2022-04-12,18.9,0.0,42455.67,47555.56
2022-04-13,22.0,0.0,37117.34,47715.87
2022-04-14,23.7,0.0,27006.03,47876.01
2022-04-15,24.3,0.0,43338.94,48036.2
2022-04-16,24.6,0.0,42456.22,48196.31
2022-04-17,20.7,0.0,43044.94,48356.24
2022-04-18,20.3,0.0,45553.78,48515.89
2022-04-19,19.1,0.0,45798.89,48675.12
2022-04-20,21.3,0.7,38718.77,48833.84
2022-04-21,21.8,4.9,2114.59,48991.92
2022-04-22,18.2,5.4,41385.46,49149.25
2022-04-23,21.0,0.0,46631.92,49305.7
2022-04-24,19.7,7.1,34925.65,49461.15
2022-04-25,18.9,3.0,45965.76,49615.46
2022-04-26,21.4,0.0,47666.68,49768.53
2022-04-27,23.0,0.0,48015.01,49920.19
2022-04-28,25.1,0.0,47708.1,50070.33
2022-04-29,24.9,0.0,48639.28,50218.81
2022-04-30,23.5,0.0,48605.35,50365.48
2022-05-01,20.5,2.1,32729.01,50510.19
2022-05-02,21.9,0.0,48864.81,50652.8
2022-05-03,21.8,0.4,48834.26,50793.29
2022-05-04,22.9,0.0,39405.61,50932.74
2022-05-05,20.7,3.1,2394.02,51071.3
2022-05-06,23.4,10.9,31039.04,51208.84
2022-05-07,22.4,2.2,32495.44,51345.26
2022-05-08,22.6,6.7,42094.67,51480.42
2022-05-09,23.0,4.8,45251.59,51614.21
2022-05-10,25.7,0.0,48437.49,51746.49
2022-05-11,25.8,0.6,50400.0,51877.14
2022-05-12,27.0,0.0,50400.0,52006.01
2022-05-13,26.7,0.0,50400.0,52132.98
2022-05-14,27.1,0.0,50280.15,52257.89
2022-05-15,26.2,0.0,50400.0,52380.62
2022-05-16,28.7,0.0,50400.0,52501.03
2022-05-17,29.1,0.0,50400.0,52618.95
2022-05-18,31.1,0.7,50400.0,52734.24
2022-05-19,29.0,0.0,50400.0,52846.76
2022-05-20,28.5,0.0,50400.0,52956.35
2022-05-21,27.8,0.0,50400.0,53062.85
2022-05-22,28.8,0.0,47458.66,53166.1
2022-05-23,29.0,0.0,48386.4,53266.07
2022-05-24,29.1,0.0,50400.0,53363.56
2022-05-25,31.0,0.0,46356.41,53458.71
2022-05-26,34.4,0.0,31745.29,53551.4
2022-05-27,34.8,0.0,36551.27,53641.55
2022-05-28,31.8,0.9,31657.94,53729.04
2022-05-29,28.7,0.7,50400.0,53813.79
2022-05-30,29.1,0.0,50400.0,53895.69
2022-05-31,29.9,0.0,46709.05,53974.64
2022-06-01,30.8,0.0,48702.13,54050.53
2022-06-02,35.4,0.0,50400.0,54123.28
2022-06-03,32.8,0.0,50400.0,54192.76
2022-06-04,35.1,0.0,48799.62,54258.9
2022-06-05,36.4,0.1,41785.76,54321.57
2022-06-06,34.8,0.0,50400.0,54380.68
2022-06-07,33.0,0.0,50400.0,54436.12
2022-06-08,30.5,0.0,46800.0,54487.81
2022-06-09,27.9,5.7,48128.26,54535.63
2022-06-10,29.4,0.0,47704.0,54579.49
2022-06-11,31.7,0.0,50631.24,54619.28
2022-06-12,33.4,0.0,50618.23,54654.97
2022-06-13,31.7,0.0,50605.77,54686.81
2022-06-14,32.2,0.0,49394.24,54714.9
2022-06-15,32.1,0.0,50400.0,54739.2
2022-06-16,32.8,0.0,50393.7,54759.73
2022-06-17,33.6,0.0,46692.94,54776.46
2022-06-18,33.7,0.0,50400.0,54789.42
2022-06-19,31.8,0.0,50899.48,54798.59
2022-06-20,32.3,0.0,50891.61,54803.98
2022-06-21,33.0,0.0,50884.51,54805.58
2022-06-22,34.7,0.0,47434.67,54803.42
2022-06-23,33.1,1.3,33287.32,54797.49
2022-06-24,31.6,0.0,43218.45,54787.82
2022-06-25,32.9,0.2,33471.5,54774.4
2022-06-26,36.4,0.0,51216.51,54757.25
2022-06-27,39.6,0.0,50504.87,54736.39
2022-06-28,39.9,0.0,46071.27,54711.83
2022-06-29,33.6,0.4,49817.33,54683.6
2022-06-30,35.3,0.0,51568.02,54651.71
2022-07-01,34.7,0.1,49957.11,54616.19
2022-07-02,36.8,0.0,51572.23,54577.0
2022-07-03,38.5,0.0,51575.65,54533.77
2022-07-04,38.6,0.0,51579.85,54486.48
2022-07-05,36.2,0.0,51584.86,54435.24
2022-07-06,36.9,0.0,50400.0,54380.16
2022-07-07,33.1,1.8,51246.18,54321.37
2022-07-08,31.4,3.2,51604.93,54258.96
2022-07-09,32.9,0.0,51613.24,54193.04
2022-07-10,31.5,0.0,50923.05,54123.73
2022-07-11,31.9,0.0,50934.2,54051.14
2022-07-12,33.1,0.0,51294.73,53975.38
2022-07-13,31.3,0.0,51307.01,53896.56
2022-07-14,32.1,0.0,51320.15,53814.8
2022-07-15,35.6,0.0,50987.51,53730.19
2022-07-16,35.4,0.0,51003.02,53642.87
2022-07-17,37.5,0.0,51019.44,53552.91
2022-07-18,36.9,0.0,51036.73,53460.45
2022-07-19,35.6,0.0,50710.87,53365.59
2022-07-20,35.8,0.0,50730.6,53268.42
2022-07-21,36.8,0.0,50408.55,53169.06
2022-07-22,37.3,0.2,50430.82,53067.5
2022-07-23,36.9,0.0,49435.31,52962.85
2022-07-24,36.6,0.0,48479.56,52855.04
2022-07-25,37.1,0.0,50403.01,52744.24
2022-07-26,35.1,0.0,50243.65,52630.61
2022-07-27,33.8,0.0,50187.19,52514.29
2022-07-28,34.1,0.3,50130.0,52395.44
2022-07-29,33.3,0.0,50072.15,52274.19
2022-07-30,33.3,6.1,47882.19,52150.72
2022-07-31,35.3,0.0,49954.77,52025.15
2022-08-01,34.3,0.0,49895.37,51897.63
2022-08-02,36.2,0.3,49590.07,51768.3
2022-08-03,35.3,0.0,49610.56,51637.29
2022-08-04,35.6,0.0,48971.43,51504.74
2022-08-05,35.1,0.0,48664.49,51370.78
2022-08-06,37.4,0.0,48316.28,51235.55
2022-08-07,36.6,0.6,48710.71,51099.14
2022-08-08,34.7,0.1,48406.88,50961.71
2022-08-09,32.5,0.0,41502.68,50823.37
2022-08-10,34.2,0.6,47803.51,50684.24
2022-08-11,32.0,2.2,46494.91,50544.28
2022-08-12,31.7,0.2,47530.0,50402.46
2022-08-13,28.1,8.2,38738.63,50258.63
2022-08-14,31.4,0.0,47582.64,50112.94
2022-08-15,31.3,0.0,43686.92,49965.53
2022-08-16,31.9,1.2,46800.0,49816.53
2022-08-17,34.1,0.0,46800.0,49666.09
2022-08-18,34.6,4.5,40473.79,49514.32
2022-08-19,27.8,17.8,44909.16,49361.37
2022-08-20,30.4,0.2,46687.03,49207.34
2022-08-21,32.3,0.7,42591.38,49052.37
2022-08-22,30.2,1.5,46502.0,48896.57
2022-08-23,33.3,0.0,46017.97,48740.06
2022-08-24,31.2,1.1,46058.04,48582.96
2022-08-25,32.1,0.0,46098.56,48425.38
2022-08-26,32.6,0.0,44881.92,48267.42
2022-08-27,30.6,3.1,44925.14,48109.21
2022-08-28,29.3,0.0,37336.58,47950.84
2022-08-29,31.3,0.5,44699.3,47792.42
2022-08-30,33.2,0.0,44431.02,47634.05
2022-08-31,30.7,0.6,36252.43,47475.7
2022-09-01,27.7,23.0,36698.23,47316.28
2022-09-02,29.7,0.0,43634.03,47155.65
2022-09-03,29.2,0.0,34936.6,46993.92
2022-09-04,29.5,2.6,25420.33,46831.19
2022-09-05,32.5,0.0,43469.99,46667.58
2022-09-06,31.5,0.0,43209.92,46503.21
2022-09-07,31.1,0.7,43200.0,46338.17
2022-09-08,26.5,24.4,13074.64,46172.56
2022-09-09,31.0,0.3,39800.3,46006.51
2022-09-10,27.8,0.6,43200.0,45840.09
2022-09-11,29.0,0.0,43200.0,45673.42
2022-09-12,29.4,0.0,43200.0,45506.6
2022-09-13,29.2,0.0,43200.0,45339.73
2022-09-14,29.5,0.0,43200.0,45172.9
2022-09-15,28.9,18.5,25994.21,45006.2
2022-09-16,28.3,25.2,40742.94,44839.74
2022-09-17,26.7,0.2,43200.0,44673.62
2022-09-18,24.8,0.0,43200.0,44507.93
2022-09-19,25.6,1.1,43200.0,44342.76
2022-09-20,25.0,0.9,43200.0,44178.07
2022-09-21,23.7,1.9,43170.18,44012.75
2022-09-22,22.8,2.0,43107.76,43846.63
2022-09-23,23.8,0.0,43045.16,43679.81
2022-09-24,25.1,0.1,34317.38,43512.41
2022-09-25,24.7,20.0,24058.71,43344.52
2022-09-26,20.4,6.7,14078.77,43176.25
2022-09-27,22.9,1.0,42450.19,43007.71
2022-09-28,23.2,0.4,36606.51,42838.99
2022-09-29,23.0,30.5,34011.08,42670.23
2022-09-30,23.3,22.1,38688.53,42501.49
2022-10-01,21.5,4.5,31637.75,42332.9
2022-10-02,24.4,0.0,41550.97,42164.56
2022-10-03,25.3,0.0,40444.56,41996.59
2022-10-04,25.5,0.0,38041.25,41829.07
2022-10-05,24.5,0.0,38441.69,41662.13
2022-10-06,25.8,0.0,36000.0,41495.88
2022-10-07,24.6,0.0,21967.21,41330.41
2022-10-08,24.1,0.2,36639.73,41165.85
2022-10-09,24.0,0.1,34569.44,41002.31
2022-10-10,23.4,4.3,32772.14,40839.75
2022-10-11,23.2,0.6,36772.34,40676.93
2022-10-12,23.7,0.8,27162.74,40513.7
2022-10-13,21.1,16.3,21096.76,40350.16
2022-10-14,24.0,0.0,36858.27,40186.43
2022-10-15,23.7,0.0,36579.22,40022.64
2022-10-16,24.3,0.0,36299.36,39858.92
2022-10-17,25.0,0.0,36336.42,39695.37
2022-10-18,25.1,0.0,36373.72,39532.14
2022-10-19,24.9,0.0,36092.28,39369.36
2022-10-20,24.9,0.0,36129.42,39207.15
2022-10-21,23.7,0.0,36000.0,39045.65
2022-10-22,24.4,0.0,34214.88,38884.98
2022-10-23,24.6,0.0,36000.0,38725.31
2022-10-24,24.5,0.0,34757.88,38566.75
2022-10-25,24.8,0.0,36000.0,38409.45
2022-10-26,25.1,0.0,36000.0,38253.57
2022-10-27,25.4,0.0,36000.0,38099.25
2022-10-28,25.1,0.0,36000.0,37946.64
2022-10-29,25.5,0.0,36000.0,37795.9
2022-10-30,24.7,0.0,36000.0,37647.01
2022-10-31,24.7,0.0,36000.0,37498.65
2022-11-01,24.2,0.0,35978.77,37350.62
2022-11-02,22.5,0.0,32303.76,37203.07
2022-11-03,21.6,0.5,33932.92,37056.14
2022-11-04,20.9,38.0,10781.31,36909.98
2022-11-05,18.5,0.3,31560.07,36764.75
2022-11-06,20.0,0.0,35614.97,36620.6
2022-11-07,19.4,0.0,35546.03,36477.69
2022-11-08,19.7,0.0,35478.56,36336.18
2022-11-09,19.8,0.1,21175.09,36196.24
2022-11-10,22.1,0.4,29045.5,36058.03
2022-11-11,21.1,0.0,35285.92,35921.74
2022-11-12,17.5,0.0,21964.35,35787.52
2022-11-13,18.4,1.1,32295.27,35655.57
2022-11-14,16.1,20.4,22022.96,35526.07
2022-11-15,18.1,2.3,7612.75,35399.19
2022-11-16,19.0,26.1,7637.46,35275.15
2022-11-17,19.0,1.4,29977.56,35154.1
2022-11-18,19.5,21.2,24186.01,35036.26
2022-11-19,16.3,25.0,374.77,34921.67
2022-11-20,15.3,0.2,31761.01,34809.09
2022-11-21,16.3,0.6,32655.81,34698.36
2022-11-22,15.3,51.4,6142.12,34589.61
2022-11-23,14.7,0.0,33275.33,34482.99
2022-11-24,17.0,0.0,33229.45,34378.63
2022-11-25,16.4,3.2,11534.77,34276.69
2022-11-26,12.2,18.7,0.0,34177.31
2022-11-27,15.7,0.0,32588.95,34080.65
2022-11-28,14.3,0.0,19114.11,33986.85
2022-11-29,14.2,0.3,28822.66,33896.06
2022-11-30,13.7,0.0,27284.16,33808.45
2022-12-01,13.2,0.0,31003.73,33724.18
2022-12-02,14.5,7.2,16797.92,33643.39
2022-12-03,14.7,23.0,3002.24,33566.24
2022-12-04,15.3,15.3,29683.81,33492.9
2022-12-05,17.4,0.0,29357.76,33423.52
2022-12-06,17.5,0.2,29028.62,33358.26
2022-12-07,17.0,1.0,29429.34,33297.27
2022-12-08,15.9,0.0,28371.44,33240.73
2022-12-09,17.0,20.4,0.0,33188.7
2022-12-10,16.1,34.5,1542.54,33140.54
2022-12-11,13.8,1.6,26357.3,33096.13
2022-12-12,11.6,0.0,30308.28,33055.51
2022-12-13,12.1,7.3,4601.82,33018.73
2022-12-14,13.3,30.9,0.0,32985.82
2022-12-15,16.0,37.0,10837.6,32956.84
2022-12-16,16.3,46.5,13024.52,32931.79
2022-12-17,15.5,3.0,29240.74,32910.74
2022-12-18,15.7,0.0,30036.26,32893.71
2022-12-19,12.5,0.0,30337.55,32880.72
2022-12-20,12.7,0.0,30049.84,32871.83
2022-12-21,13.6,0.6,21600.0,32867.03
2022-12-22,15.8,0.3,18965.01,32866.37
2022-12-23,16.4,0.0,30656.0,32869.86
2022-12-24,17.9,0.0,22240.38,32877.54
2022-12-25,17.0,0.0,30621.33,32889.4
2022-12-26,16.9,0.0,30228.87,32905.48
2022-12-27,16.9,0.0,29835.45,32925.79
2022-12-28,16.5,0.0,30933.89,32950.34
2022-12-29,16.1,0.5,30589.76,32979.18
2022-12-30,16.4,0.6,25804.42,33012.62
2022-12-31,17.5,0.0,31233.61,33050.64
2023-01-01,16.8,0.0,31434.04,33093.13
2023-01-02,16.1,0.2,31176.67,33139.97
2023-01-03,16.7,0.1,28754.65,33191.02
2023-01-04,15.0,0.0,31596.22,33246.18
2023-01-05,13.3,0.0,29430.94,33305.33
2023-01-06,15.6,0.5,23532.82,33368.33
2023-01-07,15.3,0.0,30640.9,33435.07
2023-01-08,15.5,0.7,27234.74,33505.42
2023-01-09,14.9,47.8,16006.62,33579.27
2023-01-10,13.5,0.0,31965.87,33656.48
2023-01-11,12.7,0.0,30491.56,33736.93
2023-01-12,13.6,0.4,28800.0,33820.51
2023-01-13,12.6,0.2,7456.43,33907.08
2023-01-14,14.8,0.0,32234.18,33996.53
2023-01-15,14.2,0.4,16388.43,34088.74
2023-01-16,13.6,6.5,25174.14,34183.59
2023-01-17,13.4,16.1,3600.0,34280.96
2023-01-18,12.2,24.8,12572.62,34380.87
2023-01-19,11.2,2.0,32400.0,34484.43
2023-01-20,7.8,5.6,0.0,34591.71
2023-01-21,7.4,1.1,20161.95,34702.51
2023-01-22,8.8,0.8,32400.0,34816.64
2023-01-23,9.3,2.6,19390.31,34933.91
2023-01-24,10.7,0.1,30940.59,35054.11
2023-01-25,12.6,0.2,23615.28,35177.08
2023-01-26,13.5,0.0,32400.0,35302.62
2023-01-27,11.5,4.5,25745.54,35430.55
2023-01-28,8.8,4.9,19539.55,35560.68
2023-01-29,11.0,0.0,33226.48,35692.85
2023-01-30,9.8,0.0,33193.21,35826.9
2023-01-31,13.4,0.0,33500.39,35962.62
2023-02-01,12.8,0.0,32400.0,36099.88
2023-02-02,14.2,0.0,33812.96,36238.5
2023-02-03,13.9,0.0,33734.29,36378.33
2023-02-04,15.5,0.0,34028.7,36519.2
2023-02-05,11.2,0.0,34867.22,36660.98
2023-02-06,9.5,0.0,34836.9,36803.51
2023-02-07,9.2,0.0,35253.44,36946.8
2023-02-08,9.8,0.0,34666.88,37092.24
2023-02-09,9.5,0.0,17201.41,37239.99
2023-02-10,10.6,0.0,35675.2,37389.88
2023-02-11,12.2,0.0,36038.13,37541.72
2023-02-12,13.8,0.0,35744.01,37695.36
2023-02-13,14.2,0.0,36436.58,37850.63
2023-02-14,14.6,0.0,36800.59,38007.36
2023-02-15,16.1,0.0,37164.62,38165.4
2023-02-16,13.5,0.0,35918.72,38324.58
2023-02-17,15.1,0.0,37567.69,38484.77
2023-02-18,14.7,0.0,36960.11,38645.79
2023-02-19,14.8,0.9,23773.07,38807.52
2023-02-20,16.2,0.0,32979.99,38969.8
2023-02-21,15.1,0.1,19054.4,39132.49
2023-02-22,16.1,0.0,35985.54,39295.46
2023-02-23,16.1,0.1,38864.31,39458.56
2023-02-24,16.4,0.1,35243.06,39621.66
2023-02-25,18.4,2.0,19857.63,39784.63
2023-02-26,13.2,23.2,8323.39,39947.33
2023-02-27,13.6,12.4,35557.15,40109.8
2023-02-28,16.5,7.0,22925.92,40273.35
2023-03-01,12.9,18.7,35701.38,40438.19
2023-03-02,13.7,1.7,37479.46,40604.17
2023-03-03,13.7,9.8,28945.4,40771.18
2023-03-04,16.0,0.0,38373.2,40939.08
2023-03-05,14.6,0.1,39587.01,41107.77
2023-03-06,13.9,4.2,32608.7,41277.1
2023-03-07,15.0,1.1,38893.8,41446.97
2023-03-08,16.0,4.0,27011.6,41617.25
2023-03-09,18.1,0.3,21291.64,41787.83
2023-03-10,16.9,4.5,28040.91,41958.59
2023-03-11,17.4,0.0,16487.5,42129.42
2023-03-12,21.2,0.0,39685.45,42300.2
2023-03-13,19.4,0.0,39943.42,42470.81
2023-03-14,16.9,4.6,24681.26,42641.15
2023-03-15,16.6,2.5,39840.21,42811.1
2023-03-16,16.6,0.0,40097.97,42980.54
2023-03-17,15.5,0.0,40664.67,43149.37
2023-03-18,16.2,0.0,40922.45,43317.46
2023-03-19,15.8,3.0,3997.54,43484.86
2023-03-20,13.7,18.8,3400.09,43652.75
2023-03-21,18.4,0.0,40148.25,43821.35
2023-03-22,18.1,0.1,37226.4,43990.54
2023-03-23,20.2,0.0,42210.31,44160.21
2023-03-24,18.3,0.0,42505.24,44330.26
2023-03-25,19.2,0.0,42416.25,44500.6
2023-03-26,17.8,2.4,37611.86,44671.12
2023-03-27,16.5,10.4,39600.0,44841.7
2023-03-28,16.0,0.0,42919.7,45012.24
2023-03-29,15.8,0.0,40247.74,45182.65
2023-03-30,17.6,0.0,38755.58,45352.81
2023-03-31,18.2,0.0,30667.18,45522.62
2023-04-01,17.4,0.2,39654.29,45691.96
2023-04-02,18.4,1.2,36334.22,45860.73
2023-04-03,18.5,0.0,43200.0,46028.81
2023-04-04,15.7,0.6,32989.66,46196.1
2023-04-05,12.9,5.8,38137.82,46362.48
2023-04-06,15.5,0.0,43986.13,46527.83
2023-04-07,16.4,0.0,43644.6,46692.03
2023-04-08,13.6,14.2,28452.76,46855.12
2023-04-09,17.1,1.0,43893.92,47018.22
2023-04-10,17.4,0.2,44175.14,47181.53
2023-04-11,17.2,0.0,43200.0,47344.94
2023-04-12,19.9,0.0,44115.01,47508.35
2023-04-13,17.2,1.5,18071.42,47671.64
2023-04-14,14.5,5.7,44682.31,47834.72
2023-04-15,14.4,27.0,6389.11,47997.46
2023-04-16,17.3,2.4,36967.83,48159.74
2023-04-17,19.0,0.2,39862.61,48321.47
2023-04-18,18.1,1.8,37932.24,48482.52
2023-04-19,18.4,0.5,45172.19,48642.77
2023-04-20,18.9,0.7,44724.6,48802.1
2023-04-21,20.9,0.1,46308.07,48960.38
2023-04-22,22.0,0.0,45922.74,49117.49
2023-04-23,21.2,0.0,43267.48,49273.3
2023-04-24,19.6,6.6,35735.27,49427.67
2023-04-25,20.3,0.1,39600.0,49580.47
2023-04-26,21.4,0.0,47977.59,49731.56
2023-04-27,21.7,0.0,47200.7,49880.79
2023-04-28,21.6,0.0,47463.21,50028.17
2023-04-29,21.9,0.0,44153.02,50174.79
2023-04-30,21.6,5.5,17571.28,50320.81
2023-05-01,18.5,24.6,733.64,50466.12
2023-05-02,20.0,14.9,24733.82,50610.61
2023-05-03,21.6,3.4,34101.82,50754.14
2023-05-04,22.6,0.1,48487.27,50896.59
2023-05-05,24.4,0.0,49435.94,51037.85
2023-05-06,24.2,0.0,49407.99,51177.77
2023-05-07,22.9,0.0,49708.63,51316.23
2023-05-08,19.6,5.0,2186.75,51453.09
2023-05-09,23.9,2.0,38928.56,51588.22
2023-05-10,18.7,7.3,11538.69,51721.48
2023-05-11,20.1,2.3,49527.24,51852.71
2023-05-12,19.4,1.9,44025.05,51981.78
2023-05-13,20.2,6.0,11177.19,52108.54
2023-05-14,20.2,2.3,42211.78,52232.82
2023-05-15,20.2,3.3,26336.48,52354.5
2023-05-16,16.8,13.3,7278.92,52473.39
2023-05-17,18.9,2.9,15497.12,52589.35
2023-05-18,19.4,9.0,32229.58,52702.33
2023-05-19,22.9,4.3,26544.42,52813.25
2023-05-20,21.2,3.9,2059.59,52922.23
2023-05-21,23.7,6.9,38244.06,53029.17
2023-05-22,25.2,0.8,42276.06,53133.96
2023-05-23,24.5,2.8,44526.08,53236.48
2023-05-24,25.7,2.0,49861.25,53336.62
2023-05-25,26.7,2.3,44058.39,53434.26
2023-05-26,27.6,0.0,49485.34,53529.3
2023-05-27,28.3,0.1,50400.0,53621.62
2023-05-28,26.1,0.1,50400.0,53711.08
2023-05-29,25.6,4.4,50400.0,53797.58
2023-05-30,24.4,7.3,49369.13,53880.99
2023-05-31,25.2,4.6,50400.0,53961.2
2023-06-01,26.3,6.4,50400.0,54038.09
2023-06-02,25.3,0.3,48704.88,54111.52
2023-06-03,24.8,1.4,48221.37,54181.38
2023-06-04,25.4,1.4,28249.35,54247.55
2023-06-05,23.8,13.0,42404.62,54309.9
2023-06-06,24.3,14.3,49215.95,54368.32
2023-06-07,26.0,0.8,50400.0,54422.74
2023-06-08,25.8,0.1,48136.21,54473.61
2023-06-09,26.0,0.0,49021.1,54521.02
2023-06-10,26.1,4.0,50400.0,54564.92
2023-06-11,27.4,2.1,50187.64,54605.28
2023-06-12,27.9,1.5,50400.0,54642.07
2023-06-13,24.8,19.1,24539.36,54675.24
2023-06-14,24.5,15.8,21947.71,54704.79
2023-06-15,26.6,7.7,43404.25,54730.66
2023-06-16,28.4,0.0,47664.67,54752.84
2023-06-17,28.9,0.0,50918.21,54771.29
2023-06-18,28.3,0.0,50400.0,54785.99
2023-06-19,29.2,0.0,50899.42,54796.93
2023-06-20,30.7,0.0,50891.29,54804.06
2023-06-21,32.5,0.0,50884.03,54807.39
2023-06-22,34.6,0.0,50400.0,54806.89
2023-06-23,29.1,0.0,46800.0,54802.54
2023-06-24,29.5,0.3,49745.75,54794.32
2023-06-25,31.3,0.0,50864.52,54782.24
2023-06-26,32.0,0.0,51217.31,54766.28
2023-06-27,32.1,0.0,51215.8,54746.4
2023-06-28,30.5,0.0,50505.77,54722.39
2023-06-29,29.1,4.5,50860.72,54694.24
2023-06-30,29.8,11.1,49923.07,54662.06
2023-07-01,27.1,3.3,46720.95,54625.93
2023-07-02,28.6,0.0,51219.94,54585.92
2023-07-03,28.0,0.0,51223.13,54542.13
2023-07-04,30.2,0.7,50958.95,54494.65
2023-07-05,30.8,0.4,51232.05,54443.55
2023-07-06,31.5,0.0,51237.78,54388.94
2023-07-07,33.9,0.0,50588.94,54330.91
2023-07-08,35.8,0.2,51251.78,54269.53
2023-07-09,36.5,0.0,51260.13,54204.9
2023-07-10,37.8,0.0,51269.32,54137.13
2023-07-11,36.1,0.0,51279.46,54066.29
2023-07-12,35.5,0.0,51290.51,53992.48
2023-07-13,33.5,0.0,50954.39,53915.78
2023-07-14,34.0,0.0,51315.33,53836.31
2023-07-15,34.0,0.0,51329.16,53754.13
2023-07-16,35.3,0.0,51343.97,53669.35
2023-07-17,38.7,0.0,51014.11,53581.94
2023-07-18,40.1,0.0,51031.49,53491.14
2023-07-19,38.2,0.0,50705.58,53396.88
2023-07-20,36.4,0.0,50273.01,53299.33
2023-07-21,36.0,0.0,50746.55,53198.63
2023-07-22,34.8,0.0,50426.2,53094.94
2023-07-23,36.1,0.0,50064.6,52988.39
2023-07-24,38.9,0.0,50368.27,52879.15
2023-07-25,37.6,0.0,48593.27,52767.34
2023-07-26,30.9,1.4,47427.97,52653.13
2023-07-27,31.2,0.0,50198.92,52536.64
2023-07-28,31.2,0.0,50141.3,52418.01
2023-07-29,32.0,0.0,50083.2,52297.38
2023-07-30,32.4,0.0,50024.72,52174.89
2023-07-31,34.7,0.3,49878.82,52050.66
2023-08-01,31.7,0.0,48901.42,51924.82
2023-08-02,33.6,0.0,49254.6,51797.51
2023-08-03,33.1,0.0,49275.6,51668.84
2023-08-04,30.5,22.7,34084.52,51538.93
2023-08-05,25.1,1.9,44070.77,51407.9
2023-08-06,27.6,0.3,49010.06,51275.75
2023-08-07,27.7,2.1,48376.05,51141.43
2023-08-08,29.0,0.0,46800.0,51004.82
2023-08-09,28.9,0.0,46800.0,50866.08
2023-08-10,30.9,0.0,47795.57,50725.35
2023-08-11,33.1,0.0,47821.11,50582.78
2023-08-12,33.4,0.0,47846.76,50438.51
2023-08-13,32.1,0.0,47872.56,50292.67
2023-08-14,31.8,0.0,47575.53,50145.41
2023-08-15,30.9,0.0,47279.9,49996.85
2023-08-16,32.9,0.0,46800.0,49847.12
2023-08-17,34.6,0.8,46800.0,49696.35
2023-08-18,35.3,0.0,46800.0,49544.67
2023-08-19,38.0,0.0,47065.98,49392.19
2023-08-20,38.0,0.0,47004.3,49239.03
2023-08-21,38.6,0.0,46623.51,49085.31
2023-08-22,37.8,0.0,46561.31,48931.15
2023-08-23,37.6,0.0,46431.24,48776.65
2023-08-24,37.7,0.0,46339.11,48621.93
2023-08-25,37.2,0.0,46246.67,48467.09
2023-08-26,35.2,0.0,46153.64,48312.1
2023-08-27,35.8,0.0,45225.16,48155.89
2023-08-28,30.0,14.9,42987.12,47998.29
2023-08-29,23.8,16.6,35643.86,47839.43
2023-08-30,24.7,4.8,44417.92,47679.44
2023-08-31,26.4,0.6,44464.23,47518.41
2023-09-01,27.6,0.3,43887.14,47356.48
2023-09-02,29.2,0.0,43200.0,47193.74
2023-09-03,32.0,0.0,43672.62,47030.31
2023-09-04,31.2,0.0,41486.55,46866.3
2023-09-05,31.4,0.0,43460.99,46701.82
2023-09-06,31.1,0.0,43200.95,46536.96
2023-09-07,33.0,0.0,43251.64,46371.83
2023-09-08,32.6,0.0,43200.0,46206.53
2023-09-09,31.4,0.0,43200.0,46041.16
2023-09-10,32.5,0.0,43200.0,45875.82
2023-09-11,32.1,0.0,43200.0,45710.61
2023-09-12,30.8,0.0,43200.0,45545.62
2023-09-13,30.8,0.0,43200.0,45380.96
2023-09-14,28.2,1.3,33219.45,45216.71
2023-09-15,29.7,3.5,42961.79,45052.83
2023-09-16,29.1,0.4,41072.54,44888.24
2023-09-17,31.4,0.0,43200.0,44722.76
2023-09-18,32.8,0.0,35068.13,44556.49
2023-09-19,30.5,0.0,43200.0,44389.55
2023-09-20,28.8,0.8,8358.99,44222.03
2023-09-21,28.6,0.4,29598.36,44054.06
2023-09-22,29.3,5.4,32512.97,43885.71
2023-09-23,25.2,4.8,36000.0,43717.1
2023-09-24,24.7,0.0,42845.38,43548.32
2023-09-25,26.1,0.0,42821.94,43379.48
2023-09-26,28.1,0.0,42653.16,43210.68
2023-09-27,29.4,0.0,42484.51,43042.02
2023-09-28,28.6,0.0,42316.09,42873.61
2023-09-29,28.6,0.0,42148.0,42705.53
2023-09-30,28.1,0.0,41980.35,42537.91
2023-10-01,28.6,0.0,41813.23,42370.83
2023-10-02,28.0,0.0,41646.76,42204.4
2023-10-03,29.5,0.0,41481.04,42038.73
2023-10-04,27.7,0.0,40510.74,41873.92
2023-10-05,26.8,0.3,39039.97,41709.93
2023-10-06,28.2,0.0,33719.29,41545.58
2023-10-07,28.5,0.0,38905.11,41380.67
2023-10-08,30.0,0.0,38681.57,41215.34
2023-10-09,31.9,0.0,38457.51,41049.68
2023-10-10,30.0,0.0,38233.36,40883.83
2023-10-11,28.7,0.0,37694.19,40717.9
2023-10-12,28.9,0.0,37468.06,40552.01
2023-10-13,27.3,0.0,34429.38,40386.27
2023-10-14,26.5,0.0,36217.7,40220.8
2023-10-15,25.9,0.5,36000.0,40055.74
2023-10-16,21.0,2.9,5714.21,39891.2
2023-10-17,23.9,3.3,36327.85,39727.31
2023-10-18,23.6,0.0,15428.33,39564.2
2023-10-19,27.0,1.4,36000.0,39402.01
2023-10-20,27.7,1.6,12407.83,39240.84
2023-10-21,22.2,13.2,12912.63,39080.86
2023-10-22,23.3,2.3,36000.0,38922.19
2023-10-23,24.8,0.0,36000.0,38764.98
2023-10-24,23.9,12.5,21600.0,38609.36
2023-10-25,22.2,6.3,35011.0,38455.32
2023-10-26,22.5,3.0,36000.0,38301.54
2023-10-27,22.7,3.2,25516.66,38147.83
2023-10-28,22.2,0.8,36000.0,37994.32
2023-10-29,23.3,1.5,36000.0,37841.17
2023-10-30,25.8,10.7,32400.0,37688.51
2023-10-31,21.2,16.5,35576.51,37536.48
2023-11-01,19.7,2.7,598.41,37385.24
2023-11-02,21.1,1.5,32429.8,37234.95
2023-11-03,21.8,55.1,33375.94,37085.74
2023-11-04,18.2,12.6,31047.03,36937.79
2023-11-05,20.9,13.6,32248.45,36791.25
2023-11-06,20.3,0.0,30933.39,36646.28
2023-11-07,17.4,9.2,3702.21,36503.06
2023-11-08,17.8,1.0,35488.86,36361.76
2023-11-09,18.5,0.2,27971.01,36222.55
2023-11-10,17.7,21.4,19999.44,36085.61
2023-11-11,17.6,1.7,35297.24,35951.12
2023-11-12,17.6,1.1,12168.42,35819.27
2023-11-13,19.1,0.0,35097.18,35690.24
2023-11-14,21.6,0.0,30367.57,35564.05
2023-11-15,22.0,0.0,33117.97,35439.43
2023-11-16,19.6,0.0,29290.81,35316.17
2023-11-17,19.9,0.9,34242.86,35194.44
2023-11-18,16.9,0.0,34475.27,35074.38
2023-11-19,17.5,0.2,32753.51,34956.14
2023-11-20,19.4,1.5,26567.35,34839.88
2023-11-21,18.4,1.3,18000.0,34725.76
2023-11-22,16.1,0.9,32604.24,34613.93
2023-11-23,19.0,0.0,33279.93,34504.57
2023-11-24,17.6,0.4,32520.21,34397.83
2023-11-25,12.7,2.7,33545.43,34293.89
2023-11-26,12.9,0.0,33140.99,34192.91
2023-11-27,14.1,10.3,7303.92,34095.07
2023-11-28,15.5,19.7,30836.22,34000.54
2023-11-29,15.0,0.0,32277.21,33909.49
2023-11-30,18.4,2.1,18000.0,33822.11
2023-12-01,20.5,0.0,27256.3,33738.57
2023-12-02,17.2,5.8,25986.82,33659.05
2023-12-03,14.3,0.0,30360.43,33583.74
2023-12-04,12.8,0.0,18077.91,33512.68
2023-12-05,14.1,11.3,13912.91,33445.06
2023-12-06,10.9,0.0,26509.91,33380.72
2023-12-07,11.6,0.0,30884.31,33319.75
2023-12-08,11.4,0.0,3019.37,33262.22
2023-12-09,13.6,0.4,29637.57,33208.22
2023-12-10,16.3,3.3,30008.15,33157.82
2023-12-11,15.7,0.3,6377.24,33111.09
2023-12-12,17.5,0.0,9828.6,33068.11
2023-12-13,18.1,0.3,11428.05,33028.96
2023-12-14,15.0,6.3,21600.0,32993.7
2023-12-15,15.5,0.0,29998.56,32962.42
2023-12-16,12.6,0.0,30383.23,32935.18
2023-12-17,12.3,0.0,30397.48,32912.05
2023-12-18,11.7,0.0,30409.25,32893.09
2023-12-19,13.4,0.0,30045.8,32878.37
2023-12-20,12.7,0.0,29956.22,32867.96
2023-12-21,13.3,0.0,30317.17,32861.9
2023-12-22,16.3,0.3,30303.93,32860.27
2023-12-23,15.5,0.1,25870.8,32863.11
2023-12-24,14.8,0.0,1759.3,32870.5
2023-12-25,15.4,0.0,22884.09,32882.48
2023-12-26,15.6,0.1,27898.8,32899.01
2023-12-27,15.3,0.0,30216.76,32919.99
2023-12-28,14.3,0.0,29821.47,32945.37
2023-12-29,15.4,0.0,24204.63,32975.05
2023-12-30,16.3,0.1,30146.17,33008.95
2023-12-31,15.5,0.4,28800.0,33046.99
2024-01-01,15.0,3.9,18000.0,33089.08
2024-01-02,13.8,0.3,31480.24,33135.13
2024-01-03,16.7,0.1,14772.5,33185.05
2024-01-04,17.2,0.0,31590.99,33238.75
2024-01-05,16.0,6.6,7513.99,33296.14
2024-01-06,15.6,12.1,7597.83,33357.13
2024-01-07,12.6,7.2,1230.18,33421.63
2024-01-08,13.2,0.5,31828.46,33489.53
2024-01-09,12.0,0.1,30365.44,33560.76
2024-01-10,12.1,0.0,14210.14,33635.21
2024-01-11,12.3,0.7,24598.72,33712.79
2024-01-12,11.7,0.0,32080.22,33793.41
2024-01-13,10.8,0.0,32144.74,33877.1
2024-01-14,13.8,0.4,23167.81,33964.79
2024-01-15,14.5,2.9,24362.14,34056.53
2024-01-16,16.2,0.1,32454.4,34152.15
2024-01-17,17.8,2.8,7200.0,34251.45
2024-01-18,17.8,2.9,32400.0,34354.24
2024-01-19,17.4,1.6,16119.44,34460.34
2024-01-20,12.3,1.1,23768.34,34569.56
2024-01-21,11.6,0.0,32761.43,34681.74
2024-01-22,11.8,0.0,32738.07,34796.69
2024-01-23,14.7,0.2,28244.18,34914.23
2024-01-24,14.7,0.0,32400.0,35034.2
2024-01-25,14.7,0.0,28155.65,35156.42
2024-01-26,14.7,0.0,27654.52,35280.73
2024-01-27,14.7,0.0,32400.0,35406.96
2024-01-28,15.4,0.0,32578.07,35534.96
2024-01-29,13.6,0.0,33234.94,35664.56
2024-01-30,13.5,0.0,33202.61,35795.6
2024-01-31,12.9,0.0,32828.12,35927.95
2024-02-01,13.3,0.0,31066.64,36061.45
2024-02-02,15.8,0.0,33440.99,36196.12
2024-02-03,16.9,0.0,33759.74,36333.3
2024-02-04,16.1,0.0,33704.87,36473.15
2024-02-05,15.5,0.0,11195.37,36615.48
2024-02-06,17.0,0.0,33624.93,36760.1
2024-02-07,17.2,0.0,24851.29,36906.83
2024-02-08,16.3,0.0,33353.23,37055.5
2024-02-09,17.4,0.3,22662.98,37205.92
2024-02-10,15.4,19.5,0.0,37357.94
2024-02-11,14.2,18.3,25747.21,37511.39
2024-02-12,15.0,1.0,34996.01,37666.1
2024-02-13,16.7,0.0,33651.0,37821.9
2024-02-14,16.8,0.0,36795.66,37978.66
2024-02-15,17.2,0.0,37158.9,38136.21
2024-02-16,17.0,0.0,25671.87,38294.4
2024-02-17,18.6,0.0,37559.59,38453.09
2024-02-18,18.2,0.0,37922.64,38612.12
2024-02-19,16.3,0.0,26189.89,38771.36
2024-02-20,15.9,0.3,34264.29,38930.66
2024-02-21,17.3,0.0,38547.24,39089.9
2024-02-22,15.1,0.0,24849.83,39249.1
2024-02-23,15.3,9.9,1068.84,39409.6
2024-02-24,14.8,0.2,37718.21,39571.6
2024-02-25,15.5,1.3,38795.0,39734.96
2024-02-26,14.3,3.6,11481.32,39899.54
2024-02-27,16.9,9.3,16079.36,40065.2
2024-02-28,17.7,15.6,20770.87,40231.83
2024-02-29,15.3,4.7,23580.05,40399.27
2024-03-01,14.8,2.7,36614.85,40567.4
2024-03-02,16.1,6.0,35985.14,40736.1
2024-03-03,16.7,2.7,32599.05,40905.24
2024-03-04,13.9,10.5,32213.39,41074.69
2024-03-05,17.2,0.1,37583.26,41244.34
2024-03-06,14.0,3.1,37082.35,41414.06
2024-03-07,15.0,0.0,39600.0,41583.74
2024-03-08,16.1,0.5,27298.69,41753.25
2024-03-09,14.9,12.4,22115.1,41922.47
2024-03-10,17.0,12.6,939.46,42091.3
2024-03-11,14.9,22.8,30644.44,42259.6
2024-03-12,16.3,0.6,39600.0,42427.26
2024-03-13,17.6,0.1,39600.0,42594.33
2024-03-14,17.8,0.0,40166.26,42762.01
2024-03-15,17.7,0.0,35101.1,42930.52
2024-03-16,17.5,0.2,38194.3,43099.74
2024-03-17,19.7,0.0,33776.24,43269.55
2024-03-18,17.0,0.4,10464.38,43439.87
2024-03-19,19.3,0.7,39908.6,43610.58
2024-03-20,19.7,0.0,41090.98,43781.57
2024-03-21,19.3,0.0,40421.53,43952.75
2024-03-22,19.8,0.7,41295.08,44124.0
2024-03-23,18.9,0.0,42168.76,44295.22
2024-03-24,18.0,0.0,28180.21,44466.3
2024-03-25,18.9,1.5,33724.2,44637.14
2024-03-26,17.5,28.8,3600.0,44807.62
2024-03-27,14.5,14.4,7200.0,44977.65
2024-03-28,17.9,2.0,26699.27,45147.1
2024-03-29,22.0,0.0,35271.41,45315.89
2024-03-30,22.2,0.1,43200.0,45483.88
2024-03-31,21.4,0.7,39001.09,45650.97
2024-04-01,21.3,12.7,28800.0,45817.04
2024-04-02,17.8,1.1,43200.0,45982.13
2024-04-03,18.6,0.0,25200.0,46147.38
2024-04-04,19.4,0.1,43404.91,46312.98
2024-04-05,21.1,0.0,43373.19,46478.82
2024-04-06,22.3,0.0,43341.55,46644.81
2024-04-07,22.9,0.0,43931.88,46810.83
2024-04-08,24.2,0.0,38207.0,46976.79
2024-04-09,24.0,0.0,43200.0,47142.57
2024-04-10,17.3,0.2,40272.79,47308.06
2024-04-11,20.8,0.0,39322.23,47473.16
2024-04-12,26.0,0.0,44405.03,47637.75
2024-04-13,26.4,0.0,44689.13,47801.71
2024-04-14,27.6,0.0,44974.31,47964.94
2024-04-15,25.0,0.0,40355.7,48127.31
2024-04-16,21.0,0.1,44288.8,48288.69
2024-04-17,20.0,0.1,44676.63,48448.98
2024-04-18,18.3,8.4,44506.03,48608.02
2024-04-19,19.0,1.1,46101.78,48765.71
2024-04-20,17.6,4.3,43966.71,48921.91
2024-04-21,18.8,0.4,46592.02,49076.48
2024-04-22,17.2,2.7,42091.08,49229.43
2024-04-23,15.1,1.5,44814.75,49381.88
2024-04-24,15.0,2.8,45170.37,49533.99
2024-04-25,15.9,2.7,46318.15,49685.66
2024-04-26,17.9,2.1,44945.9,49836.76
2024-04-27,21.6,0.0,47385.51,49987.18
2024-04-28,24.9,0.0,47047.74,50136.8
2024-04-29,26.8,0.0,44325.44,50285.49
2024-04-30,27.0,0.0,41460.59,50433.13
2024-05-01,19.0,24.4,9921.63,50579.59
2024-05-02,19.3,15.2,41003.2,50724.73
2024-05-03,17.3,22.7,46917.51,50868.44
2024-05-04,20.3,0.0,49767.39,51010.55
2024-05-05,22.2,0.1,48431.68,51150.94
2024-05-06,22.3,0.0,48729.74,51289.47
2024-05-07,22.1,12.9,43588.93,51425.97
2024-05-08,21.7,3.7,29686.85,51560.31
2024-05-09,24.6,0.2,35032.66,51692.34
2024-05-10,25.0,0.2,49883.31,51821.89
2024-05-11,25.0,0.0,50400.0,51948.82
2024-05-12,24.6,0.0,50400.0,52073.08
2024-05-13,24.2,0.0,41845.75,52195.67
2024-05-14,25.5,0.0,50400.0,52316.71
2024-05-15,26.2,0.1,43707.71,52436.11
2024-05-16,25.6,0.0,50400.0,52553.74
2024-05-17,25.1,0.0,48762.96,52669.48
2024-05-18,26.1,0.0,35164.92,52783.21
2024-05-19,22.9,3.3,16892.16,52894.81
2024-05-20,24.9,1.6,28245.6,53004.15
2024-05-21,22.7,9.4,39841.96,53111.1
2024-05-22,22.0,3.7,48599.12,53215.55
2024-05-23,22.7,0.3,50044.46,53317.35
2024-05-24,25.0,0.0,44930.32,53416.37
2024-05-25,22.8,1.1,41084.17,53512.48
2024-05-26,26.8,0.0,50400.0,53605.54
2024-05-27,25.6,0.2,50400.0,53695.42
2024-05-28,25.2,0.0,48371.95,53781.98
2024-05-29,24.9,2.0,46800.0,53865.09
2024-05-30,24.2,1.5,35966.27,53944.59
2024-05-31,23.1,3.9,42604.61,54020.36
2024-06-01,25.1,0.0,50400.0,54092.33
2024-06-02,22.1,7.0,29369.25,54161.11
2024-06-03,24.0,1.0,50342.48,54226.79
2024-06-04,25.8,0.0,49557.53,54289.3
2024-06-05,26.6,0.0,50400.0,54348.58
2024-06-06,30.2,0.0,50400.0,54404.58
2024-06-07,31.2,0.0,50400.0,54457.23
2024-06-08,33.1,0.0,50400.0,54506.46
2024-06-09,32.5,1.4,32115.8,54552.21
2024-06-10,26.6,1.5,50400.0,54594.44
2024-06-11,26.8,0.4,46623.58,54633.09
2024-06-12,26.6,2.5,50611.24,54668.09
2024-06-13,24.0,1.0,49552.24,54699.39
2024-06-14,27.5,0.0,50585.79,54726.94
2024-06-15,27.9,0.0,50400.0,54750.69
2024-06-16,28.5,0.0,50563.72,54770.59
2024-06-17,30.0,0.0,50909.72,54786.58
2024-06-18,33.7,0.0,50901.1,54798.63
2024-06-19,34.5,0.0,50893.47,54806.68
2024-06-20,38.8,0.0,50886.86,54810.71
2024-06-21,37.8,0.0,50123.22,54810.64
2024-06-22,32.3,0.0,51231.77,54806.46
2024-06-23,26.5,0.0,43504.7,54798.19
2024-06-24,26.8,5.4,47883.81,54785.88
2024-06-25,28.1,3.4,50510.51,54769.6
2024-06-26,28.2,0.2,51218.52,54749.38
2024-06-27,31.5,0.0,51217.09,54725.29
2024-06-28,33.1,0.0,51216.41,54697.4
2024-06-29,35.6,0.0,50400.0,54665.76
2024-06-30,32.1,0.0,51571.31,54630.42
2024-07-01,31.6,0.0,37515.05,54591.46
2024-07-02,32.1,1.2,51221.87,54548.96
2024-07-03,24.7,12.4,32190.43,54502.94
2024-07-04,28.3,0.8,51229.8,54453.51
2024-07-05,30.2,0.0,51235.12,54400.71
2024-07-06,31.1,0.0,51241.39,54344.63
2024-07-07,32.0,0.1,50897.66,54285.33
2024-07-08,33.0,0.0,50092.49,54222.87
2024-07-09,36.0,0.0,51265.98,54157.34
2024-07-10,37.1,0.0,51276.15,54088.8
2024-07-11,38.6,0.0,51287.34,54017.23
2024-07-12,35.3,0.0,51299.51,53941.97
2024-07-13,35.2,0.0,51312.58,53863.0
2024-07-14,36.0,0.0,50979.53,53780.44
2024-07-15,37.9,0.0,51341.49,53694.46
2024-07-16,36.7,0.0,51011.53,53605.19
2024-07-17,38.9,0.0,51028.88,53512.75
2024-07-18,36.5,0.0,51047.11,53417.31
2024-07-19,38.1,0.0,50722.46,53318.98
2024-07-20,34.9,0.0,50743.11,53217.93
2024-07-21,35.5,0.0,50400.0,53114.26
2024-07-22,35.4,0.7,35659.16,53008.13
2024-07-23,36.7,0.0,50447.6,52899.65
2024-07-24,36.1,0.0,50416.48,52788.97
2024-07-25,34.5,1.2,50266.35,52676.21
2024-07-26,34.7,0.0,50209.71,52561.49
2024-07-27,36.4,0.0,50152.76,52444.94
2024-07-28,36.9,0.0,50095.6,52326.68
2024-07-29,38.8,0.0,50038.3,52206.83
2024-07-30,37.0,0.0,49980.93,52085.5
2024-07-31,36.3,0.0,49923.57,51962.69
2024-08-01,36.2,0.0,49865.77,51837.4
2024-08-02,36.5,0.0,49807.35,51709.53
2024-08-03,36.0,9.1,40286.81,51579.23
2024-08-04,34.3,0.2,48651.53,51446.65
2024-08-05,34.1,0.0,46753.09,51311.96
2024-08-06,35.4,0.2,48368.98,51175.28
2024-08-07,35.7,0.0,48392.84,51036.77
2024-08-08,35.3,0.0,47763.42,50896.57
2024-08-09,35.5,0.3,47789.04,50754.81
2024-08-10,36.9,0.4,47814.77,50611.63
2024-08-11,37.4,0.0,47516.07,50467.16
2024-08-12,36.9,0.0,47866.62,50321.54
2024-08-13,36.0,6.3,47569.48,50174.87
2024-08-14,36.9,0.0,47273.82,50027.31
2024-08-15,36.4,0.7,44671.62,49878.96
2024-08-16,35.9,0.0,44203.98,49729.94
2024-08-17,33.9,0.6,47035.97,49580.37
2024-08-18,29.0,7.1,39142.0,49430.36
2024-08-19,29.3,10.6,46200.48,49280.02
2024-08-20,30.9,0.3,45919.53,49129.33
2024-08-21,33.3,0.0,46552.15,48977.21
2024-08-22,31.7,1.7,46460.47,48823.51
2024-08-23,33.4,0.1,46367.42,48668.36
2024-08-24,33.9,0.0,46273.14,48511.89
2024-08-25,34.6,0.0,46177.7,48354.22
2024-08-26,35.7,0.0,45215.39,48195.47
2024-08-27,33.2,2.3,43041.58,48035.76
2024-08-28,35.4,0.3,44676.73,47875.2
2024-08-29,34.7,0.0,41140.86,47713.91
2024-08-30,36.1,0.0,43831.1,47552.0
2024-08-31,36.1,0.0,43200.0,47389.57
2024-09-01,34.4,0.0,39813.26,47226.75
2024-09-02,33.1,0.0,29694.58,47063.62
2024-09-03,31.8,1.8,42923.63,46900.3
2024-09-04,31.9,0.5,41353.91,46736.89
2024-09-05,29.3,12.5,35179.8,46573.49
2024-09-06,30.5,0.0,43239.6,46410.2
2024-09-07,32.8,0.0,43200.0,46247.11
2024-09-08,33.7,0.0,32049.03,46084.33
2024-09-09,27.5,31.9,42300.75,45921.82
2024-09-10,30.7,0.0,43200.0,45758.48
2024-09-11,27.0,1.5,43200.0,45594.16
2024-09-12,24.6,27.7,18180.62,45428.96
2024-09-13,20.3,8.5,42913.99,45262.99
2024-09-14,22.6,0.0,36333.64,45096.36
2024-09-15,25.4,0.0,43200.0,44929.15
2024-09-16,24.7,0.1,43200.0,44761.49
2024-09-17,20.8,3.1,23650.8,44593.47
2024-09-18,21.4,9.3,35173.81,44425.18
2024-09-19,22.7,2.9,40122.28,44256.74
2024-09-20,24.6,0.4,43200.0,44088.23
2024-09-21,25.4,0.1,42144.56,43919.77
2024-09-22,25.0,0.4,21904.21,43751.44
2024-09-23,24.6,8.9,36270.47,43583.35
2024-09-24,24.6,14.9,35930.52,43415.58
2024-09-25,24.5,2.1,39927.69,43248.26
2024-09-26,25.8,0.4,42524.56,43081.46
2024-09-27,27.5,0.0,41027.44,42915.3
2024-09-28,23.9,12.6,31895.52,42749.87
2024-09-29,23.6,0.0,42028.3,42585.12
2024-09-30,23.6,0.0,41862.73,42419.92
2024-10-01,23.7,0.0,41553.58,42254.06
2024-10-02,23.6,1.3,33781.36,42087.68
2024-10-03,21.4,37.3,0.0,41920.88
2024-10-04,20.6,1.4,37457.29,41753.77
2024-10-05,19.9,1.3,34570.23,41586.46
2024-10-06,20.4,0.0,25552.51,41419.07
2024-10-07,23.5,0.0,27021.27,41251.7
2024-10-08,23.3,26.2,10755.08,41084.47
2024-10-09,23.5,0.6,35046.62,40917.5
2024-10-10,25.0,1.7,33657.62,40750.9
2024-10-11,23.2,0.0,37451.06,40584.78
2024-10-12,23.3,0.0,37118.91,40419.27
2024-10-13,22.7,0.0,36840.6,40254.49
2024-10-14,23.5,0.0,36877.9,40090.55
2024-10-15,25.4,0.0,36598.47,39927.58
2024-10-16,23.6,0.0,1385.51,39765.72
2024-10-17,24.6,1.9,25236.84,39605.07
2024-10-18,23.8,11.2,20361.38,39445.79
2024-10-19,19.7,21.0,0.0,39287.83
2024-10-20,22.2,4.5,25345.4,39129.91
2024-10-21,24.8,0.5,36000.0,38971.84
2024-10-22,23.1,4.4,35673.65,38813.75
2024-10-23,20.1,21.7,136.75,38655.79
2024-10-24,22.4,9.5,22198.35,38498.08
2024-10-25,23.0,3.4,22939.63,38340.76
2024-10-26,24.3,0.5,32400.0,38183.97
2024-10-27,23.2,0.3,36000.0,38027.87
2024-10-28,23.0,0.0,36000.0,37872.59
2024-10-29,22.8,0.0,36000.0,37718.28
2024-10-30,22.1,0.0,36000.0,37565.1
2024-10-31,22.3,0.0,36000.0,37413.2
2024-11-01,22.2,0.0,35932.54,37262.74
2024-11-02,21.7,0.0,35856.64,37113.88
2024-11-03,21.3,0.0,35782.48,36966.79
2024-11-04,20.3,0.0,35710.18,36821.64
2024-11-05,19.9,0.0,30066.86,36678.59
2024-11-06,20.1,0.0,35571.64,36537.82
2024-11-07,19.8,0.0,34604.88,36399.52
2024-11-08,20.2,0.7,33961.79,36263.68
2024-11-09,19.1,0.0,23558.97,36128.99
2024-11-10,19.1,0.0,34877.85,35995.25
2024-11-11,17.8,0.0,35258.48,35862.61
2024-11-12,17.7,0.0,35138.64,35731.22
2024-11-13,13.8,0.4,0.0,35601.25
2024-11-14,12.2,0.1,13742.98,35472.84
2024-11-15,15.0,0.0,34749.69,35346.16
2024-11-16,14.8,0.0,34623.61,35221.38
2024-11-17,15.6,0.0,34208.31,35098.66
2024-11-18,19.3,0.8,32012.1,34978.17
2024-11-19,18.4,0.7,29622.51,34860.09
2024-11-20,18.9,0.5,3464.09,34744.59
2024-11-21,15.3,1.8,27429.9,34631.85
2024-11-22,16.7,11.5,12844.15,34522.05
2024-11-23,11.7,0.0,33601.19,34415.38
2024-11-24,14.9,0.0,33199.63,34312.03
2024-11-25,12.2,0.8,1594.84,34212.18
2024-11-26,19.1,1.8,30060.16,34116.02
2024-11-27,19.0,0.6,30462.05,34023.75
2024-11-28,17.7,0.2,30152.93,33935.41
2024-11-29,17.4,0.0,29917.99,33850.01
2024-11-30,12.7,0.0,31703.21,33767.4
2024-12-01,13.7,0.0,30661.99,33687.67
2024-12-02,12.8,0.0,31436.71,33610.93
2024-12-03,14.4,0.7,28800.0,33537.3
2024-12-04,12.8,1.0,16980.13,33466.88
2024-12-05,14.6,0.0,30835.74,33399.78
2024-12-06,11.4,0.0,22763.5,33336.11
2024-12-07,13.4,0.0,29711.52,33275.98
2024-12-08,12.5,25.1,26160.38,33219.5
2024-12-09,12.0,8.5,29268.62,33166.77
2024-12-10,12.7,6.2,27217.15,33117.91
2024-12-11,13.1,5.5,28898.35,33073.02
2024-12-12,13.1,0.2,26392.94,33032.2
2024-12-13,12.9,16.3,7742.58,32995.57
2024-12-14,12.7,5.8,26002.63,32963.22
2024-12-15,12.9,0.0,29996.39,32935.26
2024-12-16,12.3,0.0,30025.69,32911.77
2024-12-17,13.5,0.0,30409.47,32892.88
2024-12-18,12.5,0.0,29601.05,32878.62
2024-12-19,14.3,0.0,19652.42,32868.83
2024-12-20,13.7,9.9,25045.29,32863.4
2024-12-21,11.4,0.0,30802.33,32862.31
2024-12-22,13.5,5.8,16339.74,32865.52
2024-12-23,12.7,4.1,24218.36,32872.99
2024-12-24,10.3,0.0,26400.96,32884.68
2024-12-25,11.7,0.0,30986.83,32900.56
2024-12-26,13.1,0.0,30965.73,32920.56
2024-12-27,12.7,0.0,31230.27,32944.65
2024-12-28,12.1,0.0,31275.4,32972.77
2024-12-29,12.6,0.0,31322.33,33004.88
2024-12-30,12.8,0.0,31370.95,33040.93
2024-12-31,12.6,0.0,31213.27,33080.86
2025-01-01,11.0,0.0,31472.74,33124.61
2025-01-02,13.3,0.7,30411.34,33172.13
2025-01-03,14.4,5.9,1277.58,33223.36
2025-01-04,12.1,0.0,31635.03,33278.24
2025-01-05,13.2,0.0,2632.86,33336.71
2025-01-06,15.8,0.0,14745.46,33398.71
2025-01-07,16.8,0.5,31806.22,33464.27
2025-01-08,15.1,0.5,29206.24,33534.15
2025-01-09,15.9,1.6,21128.21,33608.35
2025-01-10,16.5,0.2,25892.48,33686.71
2025-01-11,14.8,5.8,7945.57,33769.07
2025-01-12,10.4,0.6,12803.95,33855.25
2025-01-13,9.6,0.0,29947.6,33945.08
2025-01-14,11.8,0.0,32385.85,34038.38
2025-01-15,8.0,0.0,22608.86,34135.0
2025-01-16,13.1,0.0,25345.76,34234.77
2025-01-17,14.4,0.0,28367.36,34337.51
2025-01-18,12.7,2.2,11643.15,34443.08
2025-01-19,14.8,5.0,22403.79,34551.31
2025-01-20,13.5,11.0,12631.37,34662.04
2025-01-21,12.8,9.7,30393.13,34775.11
2025-01-22,11.9,1.0,208.83,34890.37
2025-01-23,16.8,0.1,32400.0,35007.67
2025-01-24,17.2,0.2,32400.0,35126.86
2025-01-25,16.2,0.0,29043.6,35247.8
2025-01-26,15.9,2.4,31553.46,35370.33
2025-01-27,16.4,0.2,27045.13,35494.49
2025-01-28,16.4,5.4,21621.91,35621.56
2025-01-29,14.0,0.6,29504.39,35751.65
2025-01-30,14.0,0.0,32440.67,35884.6
2025-01-31,15.3,0.0,21600.0,36020.18
2025-02-01,16.2,0.0,25916.14,36158.22
2025-02-02,15.8,0.0,33073.88,36298.54
2025-02-03,14.7,0.1,26225.71,36440.95
2025-02-04,14.3,0.0,34009.7,36585.28
2025-02-05,13.6,0.0,33870.19,36731.34
2025-02-06,14.2,0.0,34457.57,36878.97
2025-02-07,14.7,0.1,33882.59,37028.0
2025-02-08,13.9,8.8,7456.31,37178.27
2025-02-09,16.2,13.6,27529.41,37329.61
2025-02-10,14.8,0.0,33778.26,37481.87
2025-02-11,14.8,0.2,33043.19,37634.89
2025-02-12,14.9,1.1,25331.23,37788.52
2025-02-13,14.4,9.9,19583.53,37942.61
2025-02-14,13.8,8.5,22494.98,38097.03
2025-02-15,12.3,6.0,20449.21,38251.61
2025-02-16,14.1,0.0,37545.32,38406.4
2025-02-17,14.6,0.0,35564.8,38562.77
2025-02-18,14.4,0.3,35680.21,38720.89
2025-02-19,11.9,4.8,10800.0,38880.61
2025-02-20,15.3,0.8,16958.18,39041.79
2025-02-21,15.7,0.0,38662.1,39204.28
2025-02-22,16.6,0.0,38825.63,39367.93
2025-02-23,16.2,0.0,37432.9,39532.6
2025-02-24,14.7,11.2,12209.09,39698.14
2025-02-25,15.1,14.0,18954.38,39864.43
2025-02-26,15.2,8.5,16140.09,40031.34
2025-02-27,15.4,0.0,39194.09,40198.72
2025-02-28,15.5,0.7,37832.52,40366.44
2025-03-01,13.3,14.1,1428.3,40534.38
2025-03-02,16.6,14.4,35363.76,40702.41
2025-03-03,15.7,0.0,39483.29,40870.41
2025-03-04,16.0,0.0,39554.68,41038.24
2025-03-05,16.7,0.0,39600.0,41205.79
2025-03-06,17.5,0.0,39600.0,41372.93
2025-03-07,17.6,0.0,35118.94,41539.54
2025-03-08,17.3,0.4,15615.74,41705.65
2025-03-09,18.9,0.0,34486.9,41872.53
2025-03-10,18.3,16.6,28800.0,42040.37
2025-03-11,18.6,6.6,36457.05,42209.06
2025-03-12,17.0,20.4,9550.38,42378.48
2025-03-13,16.4,14.7,38565.18,42548.53
2025-03-14,20.0,6.8,23058.52,42719.08
2025-03-15,19.9,12.0,23517.63,42890.05
2025-03-16,14.2,0.8,40074.97,43061.3
2025-03-17,14.0,0.5,38959.85,43232.74
2025-03-18,14.9,0.0,40896.46,43404.26
2025-03-19,14.8,0.0,41152.52,43575.75
2025-03-20,16.1,0.0,41717.28,43747.1
2025-03-21,17.3,0.0,38751.04,43918.2
2025-03-22,15.9,16.9,1038.98,44088.95
2025-03-23,19.5,7.2,31211.74,44259.23
2025-03-24,19.1,1.2,28800.0,44428.93
2025-03-25,17.3,1.0,42671.55,44597.96
2025-03-26,18.5,0.8,42773.21,44766.17
2025-03-27,15.8,0.6,11628.73,44933.48
2025-03-28,14.2,4.2,0.0,45099.92
2025-03-29,15.2,3.5,29340.33,45266.64
2025-03-30,20.3,0.6,43238.83,45433.83
2025-03-31,18.5,7.1,28831.54,45601.39
2025-04-01,14.0,0.3,21848.39,45769.21
2025-04-02,19.2,0.0,43200.0,45937.2
2025-04-03,20.6,0.0,43444.43,46105.26
2025-04-04,19.9,0.0,43412.6,46273.27
2025-04-05,18.8,0.1,43691.09,46441.14
2025-04-06,19.2,0.8,42986.38,46608.75
2025-04-07,17.6,0.0,43939.48,46775.99
2025-04-08,15.5,5.0,34544.76,46942.77
2025-04-09,17.1,0.0,43566.55,47108.95
2025-04-10,18.4,1.0,43119.13,47274.44
2025-04-11,21.4,0.0,44442.19,47439.12
2025-04-12,20.0,0.0,36903.3,47602.86
2025-04-13,20.8,0.2,2421.65,47765.56
2025-04-14,22.5,16.3,672.91,47927.07
2025-04-15,20.5,14.1,31188.98,48087.3
2025-04-16,24.1,3.9,40116.97,48246.09
2025-04-17,18.0,11.7,27703.36,48403.48
2025-04-18,17.1,3.0,40043.79,48560.58
2025-04-19,19.5,0.0,40976.73,48717.57
2025-04-20,21.2,0.0,44182.92,48874.34
2025-04-21,23.0,0.0,45106.65,49030.78
2025-04-22,22.1,0.0,46210.56,49186.77
2025-04-23,20.2,4.3,31240.68,49342.19
2025-04-24,19.5,1.5,43781.98,49496.94
2025-04-25,19.6,3.1,45054.24,49650.88
2025-04-26,21.3,0.5,47351.3,49803.88
2025-04-27,22.0,0.9,38315.79,49955.83
2025-04-28,21.3,7.7,36000.0,50106.6
2025-04-29,23.6,0.0,45509.81,50256.04
2025-04-30,24.6,0.0,48596.4,50404.02
2025-05-01,26.0,0.0,48887.08,50550.42
2025-05-02,25.9,0.0,49179.94,50695.07
2025-05-03,25.3,0.0,45824.27,50837.85
2025-05-04,23.3,0.5,35033.85,50978.59
2025-05-05,21.4,9.5,32783.45,51117.15
2025-05-06,21.1,57.0,46473.83,51253.38
2025-05-07,19.8,3.2,49036.61,51387.26
2025-05-08,19.4,0.4,49668.38,51519.81
2025-05-09,20.5,0.2,50303.58,51651.2
2025-05-10,22.5,0.3,50400.0,51781.31
2025-05-11,22.2,0.0,43444.81,51910.01
2025-05-12,23.4,0.3,50400.0,52037.19
2025-05-13,22.5,0.9,49192.1,52162.71
2025-05-14,22.6,0.6,49056.93,52286.46
2025-05-15,23.8,1.9,39449.74,52408.29
2025-05-16,22.3,0.8,50400.0,52528.08
2025-05-17,22.0,0.4,38886.26,52645.7
2025-05-18,22.8,0.5,50400.0,52761.0
2025-05-19,25.5,0.0,48364.19,52873.85
2025-05-20,23.7,15.2,19969.9,52984.1
2025-05-21,20.8,4.1,49306.56,53091.62
2025-05-22,21.6,1.3,40649.22,53196.25
2025-05-23,21.0,3.6,44048.63,53297.85
2025-05-24,21.7,0.6,50400.0,53396.28
2025-05-25,23.9,0.0,50400.0,53491.37
2025-05-26,25.2,0.0,46800.0,53582.98
2025-05-27,26.5,0.1,39826.19,53671.05
2025-05-28,27.2,0.0,50400.0,53756.33
2025-05-29,30.1,0.0,50126.05,53838.89
2025-05-30,29.7,0.0,50400.0,53918.68
2025-05-31,32.2,0.0,50400.0,53995.6
2025-06-01,30.4,0.0,50400.0,54069.56
2025-06-02,29.9,0.0,50400.0,54140.5
2025-06-03,30.1,0.0,50411.24,54208.31
2025-06-04,30.9,0.0,49466.02,54272.91
2025-06-05,31.4,0.0,50400.0,54334.23
2025-06-06,30.3,0.1,50400.0,54392.17
2025-06-07,32.9,0.0,50400.0,54446.65
2025-06-08,31.9,0.0,50400.0,54497.59
2025-06-09,31.3,0.0,50656.74,54544.91
2025-06-10,32.0,0.0,50439.32,54588.53
2025-06-11,33.8,0.0,50627.05,54628.36
2025-06-12,35.1,0.0,50613.49,54664.33
2025-06-13,37.5,0.0,50600.83,54696.37
2025-06-14,36.4,0.0,50589.08,54724.39
2025-06-15,36.8,1.1,50578.33,54748.32
2025-06-16,37.0,0.0,50568.49,54768.12
2025-06-17,32.6,6.5,48459.79,54783.9
2025-06-18,30.5,6.3,50550.7,54795.74
2025-06-19,33.4,0.1,50542.78,54803.64
2025-06-20,34.9,0.0,50535.54,54807.64
2025-06-21,34.9,0.0,50400.0,54807.74
2025-06-22,33.2,0.8,45233.4,54803.99
2025-06-23,33.4,0.4,50873.78,54796.4
2025-06-24,33.0,0.0,51224.81,54785.0
2025-06-25,34.3,0.0,51221.13,54769.84
2025-06-26,35.4,0.0,51218.28,54750.92
2025-06-27,38.1,0.4,51216.25,54728.31
2025-06-28,39.5,0.0,51215.1,54702.02
2025-06-29,38.6,0.0,51214.79,54672.1
2025-06-30,36.6,0.0,51215.42,54638.58
2025-07-01,36.8,0.0,51217.0,54601.51
2025-07-02,36.7,0.0,50292.02,54560.92
2025-07-03,38.3,0.0,50870.23,54516.87
2025-07-04,37.7,0.0,51227.6,54469.4
2025-07-05,36.1,0.0,51233.17,54418.55
2025-07-06,34.8,0.0,51239.79,54364.29
2025-07-07,29.8,17.2,48678.43,54306.12
2025-07-08,30.5,0.0,50554.43,54244.01
2025-07-09,29.7,0.0,51615.02,54178.09
2025-07-10,29.1,0.0,51275.07,54108.49
2025-07-11,31.2,0.0,51286.09,54035.33
2025-07-12,31.5,0.0,51297.98,53958.74
2025-07-13,27.6,8.5,30066.83,53878.86
2025-07-14,31.0,0.6,49693.66,53795.8
2025-07-15,35.4,0.0,50992.29,53709.68
2025-07-16,35.4,0.0,51008.3,53620.64
2025-07-17,33.7,0.4,49372.9,53528.81
2025-07-18,33.1,0.1,50698.26,53434.28
2025-07-19,34.6,0.0,50400.0,53337.21
2025-07-20,32.7,0.4,50400.0,53237.69
2025-07-21,35.3,0.0,50758.51,53135.87
2025-07-22,35.0,0.7,47923.72,53031.83
2025-07-23,34.3,0.0,50450.29,52925.71
2025-07-24,34.4,0.0,50333.99,52817.63
2025-07-25,37.9,0.0,48857.64,52707.68
2025-07-26,29.3,1.2,45075.14,52595.87
2025-07-27,30.4,0.0,50169.14,52481.25
2025-07-28,26.8,11.6,44736.68,52363.74
2025-07-29,29.2,0.0,50055.92,52243.49
2025-07-30,30.0,0.2,49998.22,52120.67
2025-07-31,32.6,0.0,49939.9,51995.42
2025-08-01,30.9,0.0,49881.01,51867.89
2025-08-02,29.9,0.0,49594.85,51738.24
2025-08-03,29.1,3.1,48623.84,51606.6
2025-08-04,30.9,0.0,49306.09,51473.12
2025-08-05,34.8,0.0,48998.56,51337.94
2025-08-06,32.6,0.0,48692.66,51201.19
2025-08-07,33.9,0.0,48715.92,51063.01
2025-08-08,36.9,0.0,48412.44,50923.53
2025-08-09,36.2,0.0,48110.56,50782.88
2025-08-10,37.4,0.0,48135.53,50641.17
2025-08-11,38.8,0.0,47835.89,50498.54
2025-08-12,38.5,0.0,47234.46,50355.1
2025-08-13,38.6,0.0,47564.1,50210.98
2025-08-14,37.2,0.0,44563.3,50066.28
2025-08-15,36.0,0.0,46253.51,49920.98
2025-08-16,35.7,0.0,47322.23,49774.03
2025-08-17,32.2,2.2,44273.86,49625.26
2025-08-18,33.3,0.0,47056.84,49474.82
2025-08-19,31.9,1.4,46792.76,49322.85
2025-08-20,33.2,0.9,27644.33,49169.49
2025-08-21,29.7,5.1,46573.8,49014.84
2025-08-22,28.6,2.8,46480.62,48859.05
2025-08-23,29.2,0.3,46386.48,48702.23
2025-08-24,29.6,0.0,45752.39,48544.5
2025-08-25,31.4,0.8,43590.69,48385.98
2025-08-26,31.4,1.3,45207.44,48226.79
2025-08-27,32.2,1.1,44937.09,48067.04
2025-08-28,35.3,0.0,42964.6,47906.84
2025-08-29,27.5,37.2,28294.6,47746.29
2025-08-30,26.2,8.9,32658.79,47585.51
2025-08-31,27.7,0.0,44179.96,47424.61
2025-09-01,28.8,0.0,44226.59,47263.67
2025-09-02,26.3,37.2,36139.19,47102.81
2025-09-03,27.3,0.0,43698.11,46942.13
2025-09-04,28.9,0.0,43745.87,46781.59
2025-09-05,30.2,0.0,43483.88,46620.1
2025-09-06,30.0,0.0,43223.09,46457.51
2025-09-07,31.1,0.0,43273.22,46293.92
2025-09-08,30.5,0.0,31084.25,46129.44
2025-09-09,31.3,0.0,43200.0,45964.19
2025-09-10,24.1,78.9,5373.07,45798.26
2025-09-11,26.2,3.6,43200.0,45631.76
2025-09-12,27.8,0.0,43200.0,45464.81
2025-09-13,28.6,0.0,43200.0,45297.49
2025-09-14,27.2,0.0,41536.35,45129.9
2025-09-15,27.6,0.0,43200.0,44962.16
2025-09-16,30.0,0.0,43200.0,44794.35
2025-09-17,30.9,0.0,43200.0,44626.58
2025-09-18,31.2,0.0,43200.0,44458.94
2025-09-19,31.6,0.0,43200.0,44291.54
2025-09-20,32.0,0.0,43200.0,44124.46
2025-09-21,30.3,0.0,43151.47,43957.81
2025-09-22,28.8,1.4,36645.25,43791.68
2025-09-23,24.9,17.7,23516.81,43626.17
2025-09-24,24.1,22.8,33087.85,43461.24
2025-09-25,23.0,0.0,42739.06,43295.76
2025-09-26,23.2,0.1,42363.6,43129.55
2025-09-27,25.4,0.0,42405.6,42962.73
2025-09-28,23.6,0.0,42238.04,42795.4
2025-09-29,23.1,0.5,37379.39,42627.66
2025-09-30,23.2,0.2,41873.88,42459.64
2025-10-01,23.6,0.0,40931.86,42291.41
2025-10-02,21.1,0.0,41564.7,42123.11
2025-10-03,19.5,0.0,41396.13,41954.83
2025-10-04,21.1,0.0,40278.17,41786.68
2025-10-05,23.4,8.9,23878.43,41618.78
2025-10-06,21.9,0.0,39943.0,41451.22
2025-10-07,23.5,0.0,39583.36,41284.12
2025-10-08,25.0,0.0,38734.52,41117.6
2025-10-09,24.7,0.0,37313.7,40951.76
2025-10-10,25.8,0.0,32706.71,40786.72
2025-10-11,26.6,0.0,37430.25,40622.59
2025-10-12,24.1,0.0,35730.65,40459.49
2025-10-13,24.7,0.0,36200.18,40297.55
2025-10-14,24.2,0.0,36552.42,40136.72
2025-10-15,23.1,1.7,33619.35,39975.76
2025-10-16,23.4,0.0,35329.13,39814.47
2025-10-17,22.7,0.0,36000.0,39653.0
2025-10-18,22.8,0.0,36064.76,39491.46
2025-10-19,23.2,0.0,36101.71,39329.99
2025-10-20,22.5,0.2,26572.15,39168.7
2025-10-21,20.2,4.8,20786.59,39007.75
2025-10-22,21.5,5.4,34745.01,38847.25
2025-10-23,22.0,19.0,22001.07,38687.35
2025-10-24,21.3,0.0,36000.0,38528.19
2025-10-25,20.7,21.9,31669.46,38369.91
2025-10-26,21.0,6.9,25200.0,38212.65
2025-10-27,19.6,0.0,29625.94,38056.57
2025-10-28,21.3,0.0,36000.0,37901.8
2025-10-29,21.0,0.0,36000.0,37748.51
2025-10-30,20.7,12.5,16439.21,37596.85
2025-10-31,22.5,6.9,35545.44,37446.98
2025-11-01,23.2,0.0,35950.93,37299.07
2025-11-02,21.6,0.8,27118.95,37153.27
2025-11-03,21.0,6.8,35805.17,37009.59
2025-11-04,19.1,0.0,35734.36,36866.68
2025-11-05,18.7,0.0,35664.68,36724.37
2025-11-06,19.1,0.0,35596.18,36582.78
2025-11-07,17.3,0.2,10970.38,36442.08
2025-11-08,18.1,0.6,31524.56,36302.41
2025-11-09,19.6,0.0,35398.51,36163.94
2025-11-10,17.9,0.0,35335.48,36026.82
2025-11-11,17.7,0.0,35274.0,35891.22
2025-11-12,18.1,0.0,35164.72,35757.31
2025-11-13,19.2,0.0,35031.35,35625.25
2025-11-14,19.5,0.0,34000.94,35495.21
2025-11-15,20.7,0.0,34641.73,35367.38
2025-11-16,21.1,0.0,30693.73,35241.93
2025-11-17,20.1,6.9,33513.72,35119.05
2025-11-18,16.6,19.1,11553.39,34998.93
2025-11-19,14.4,0.3,31758.84,34881.74
2025-11-20,14.4,6.8,10992.66,34767.68
2025-11-21,14.7,2.1,25784.75,34656.96
2025-11-22,10.6,6.3,32999.92,34549.76
2025-11-23,10.2,0.0,33260.08,34446.13
2025-11-24,13.5,22.8,0.0,34344.93
2025-11-25,14.2,32.1,0.0,34245.99
2025-11-26,13.2,9.8,31107.24,34149.44
2025-11-27,12.5,0.0,29724.73,34055.41
2025-11-28,13.1,0.0,29039.41,33964.02
2025-11-29,11.7,0.0,31997.87,33875.42
2025-11-30,12.4,0.0,30562.44,33789.74
2025-12-01,14.7,0.7,18191.17,33707.11
2025-12-02,14.2,16.7,17092.64,33627.66
2025-12-03,13.1,0.0,23905.03,33551.54
2025-12-04,12.0,0.0,18951.98,33478.88
2025-12-05,13.3,0.8,29251.99,33409.81
2025-12-06,14.8,0.0,30869.39,33344.48
2025-12-07,15.2,0.0,25683.12,33283.02
2025-12-08,14.0,0.0,30206.28,33225.58
2025-12-09,14.8,0.0,30237.71,33172.27
2025-12-10,13.1,0.0,30009.85,33123.25
2025-12-11,12.6,0.0,29640.96,33078.65
2025-12-12,11.2,0.0,30010.5,33038.6
2025-12-13,11.6,0.0,29637.84,33003.17
2025-12-14,13.6,0.0,28891.5,32971.92
2025-12-15,14.8,0.0,25421.74,32944.73
2025-12-16,14.1,8.9,0.0,32921.63
2025-12-17,17.6,2.8,28800.0,32902.62
2025-12-18,17.8,0.0,29691.95,32887.7
2025-12-19,15.2,1.7,28800.0,32876.89
2025-12-20,13.9,0.0,29392.95,32870.17
2025-12-21,14.1,0.0,28053.76,32867.55
2025-12-22,14.9,0.0,21396.6,32869.02
2025-12-23,15.0,15.6,4684.77,32874.6
2025-12-24,11.0,9.6,4763.19,32884.25
2025-12-25,14.2,12.0,9698.09,32897.98
2025-12-26,15.2,0.0,30968.28,32915.77
2025-12-27,12.4,0.0,31224.36,32937.62
2025-12-28,11.1,0.0,31267.62,32963.51
2025-12-29,12.5,0.0,31312.39,32993.41
2025-12-30,12.6,0.0,30875.4,33027.32
2025-12-31,10.4,0.2,31406.01,33065.2
2026-01-01,9.9,0.0,20474.68,33107.05
2026-01-02,14.1,22.1,21977.95,33152.9
2026-01-03,15.3,6.0,15836.98,33203.28
2026-01-04,13.5,36.7,0.0,33258.17
2026-01-05,14.2,16.0,4481.7,33317.43
2026-01-06,13.5,22.6,5647.63,33380.92
2026-01-07,7.8,0.0,28607.08,33448.49
2026-01-08,7.7,0.0,28800.0,33519.99
2026-01-09,14.9,7.8,23761.94,33595.27
2026-01-10,10.7,17.5,19502.63,33674.2
2026-01-11,11.1,0.0,32046.02,33756.62
2026-01-12,10.3,0.0,32113.84,33842.39
2026-01-13,14.6,0.0,25587.93,33931.36
2026-01-14,15.0,0.0,32252.46,34023.38
2026-01-15,15.5,0.0,28800.0,34118.33
2026-01-16,13.1,0.0,28932.58,34216.05
2026-01-17,14.5,0.0,32400.0,34316.4
2026-01-18,15.5,0.0,29018.67,34419.26
2026-01-19,14.3,1.1,10412.36,34524.46
2026-01-20,14.0,0.0,28997.01,34631.9
2026-01-21,11.2,0.0,16513.41,34741.43
2026-01-22,12.6,0.0,30448.14,34853.08
2026-01-23,14.7,2.2,27215.21,34968.03
2026-01-24,14.3,20.9,20512.81,35086.39
2026-01-25,12.8,26.4,24296.2,35207.98
2026-01-26,11.2,1.4,12431.19,35332.58
2026-01-27,13.1,0.0,32939.89,35460.01
2026-01-28,13.8,38.4,7294.06,35590.07
2026-01-29,13.3,4.6,32400.0,35722.58
2026-01-30,13.4,3.8,33186.06,35857.36
2026-01-31,14.4,0.2,33151.37,35994.22
2026-02-01,13.9,0.0,32775.77,36132.99
2026-02-02,13.1,0.0,33757.82,36273.5
2026-02-03,15.4,12.5,3882.27,36415.58
2026-02-04,14.2,29.9,0.0,36559.04
2026-02-05,14.7,5.4,33639.35,36703.76
2026-02-06,16.6,15.9,33467.89,36849.54
2026-02-07,14.9,10.0,27987.29,36996.25
2026-02-08,13.9,1.7,19115.8,37143.73
2026-02-09,14.0,0.2,27537.58,37291.81
2026-02-10,14.7,0.7,30981.62,37440.37
2026-02-11,15.6,3.9,18000.0,37589.43
2026-02-12,13.5,24.7,11712.61,37740.36
2026-02-13,16.4,0.1,32934.39,37893.34
2026-02-14,13.9,21.7,8329.06,38048.2
2026-02-15,16.2,0.1,36845.49,38204.77
2026-02-16,16.1,8.8,21704.13,38362.91
2026-02-17,16.0,3.5,37975.94,38522.45
2026-02-18,14.8,0.4,37291.63,38683.25
2026-02-19,15.7,22.8,21641.67,38845.15
2026-02-20,14.3,1.9,35444.02,39007.99
2026-02-21,14.4,0.0,36623.41,39171.65
2026-02-22,17.3,0.0,38794.61,39335.97
2026-02-23,15.6,0.2,34490.99,39500.82
2026-02-24,17.2,0.2,38957.07,39666.06
2026-02-25,18.5,0.0,39030.93,39831.56
2026-02-26,18.6,0.0,39104.42,39997.18
2026-02-27,15.7,0.3,36385.6,40162.8
2026-02-28,16.8,0.0,39250.1,40328.27
2026-03-01,16.0,0.0,29363.72,40493.47
2026-03-02,15.3,0.0,26642.21,40658.29
2026-03-03,18.4,0.0,39465.2,40822.74
2026-03-04,16.2,0.2,5588.88,40988.13
2026-03-05,19.4,0.0,39600.0,41154.65
2026-03-06,17.5,0.0,28325.01,41322.18
2026-03-07,17.3,1.5,20204.9,41490.6
2026-03-08,17.8,3.6,39600.0,41659.79
2026-03-09,16.0,0.9,32410.49,41829.63
2026-03-10,18.5,0.8,39600.0,42000.0
2026-03-11,17.5,2.1,38193.38,42170.8
2026-03-12,16.5,11.6,25415.03,42341.9
2026-03-13,16.5,2.1,39621.97,42513.19
2026-03-14,15.0,0.7,39600.0,42684.57
2026-03-15,19.2,0.2,34635.71,42855.91
2026-03-16,19.4,0.0,40393.07,43027.12
2026-03-17,19.5,0.0,40649.69,43198.06
2026-03-18,14.8,0.4,35236.89,43368.64
2026-03-19,18.4,0.0,33847.92,43538.74
2026-03-20,17.7,0.0,41420.07,43708.25
2026-03-21,15.9,0.1,27903.26,43877.05
2026-03-22,13.4,4.8,25286.3,44045.04
2026-03-23,15.3,0.7,39724.97,44212.24
2026-03-24,17.9,0.0,42536.44,44379.83
2026-03-25,17.8,0.0,42637.74,44548.02
2026-03-26,13.3,13.0,34600.55,44716.7
2026-03-27,12.9,0.1,40589.4,44885.76
2026-03-28,16.9,0.0,42944.54,45055.1
2026-03-29,17.1,0.0,42201.65,45224.62
2026-03-30,17.4,2.1,35950.42,45394.21
2026-03-31,14.4,0.3,17138.15,45563.79
2026-04-01,15.7,0.4,20601.75,45733.23
2026-04-02,15.1,1.7,1734.56,45902.43
2026-04-03,20.8,1.0,37299.66,46071.29
2026-04-04,24.1,0.0,43730.0,46239.69
2026-04-05,23.4,0.0,43698.62,46407.54
2026-04-06,25.5,0.0,43667.39,46574.71
2026-04-07,22.6,0.0,43947.06,46741.09
2026-04-08,23.7,0.0,43916.4,46906.57
2026-04-09,22.9,0.0,44197.39,47071.04
2026-04-10,23.0,0.0,43855.47,47234.37
2026-04-11,23.6,0.0,44449.83,47396.45
2026-04-12,25.5,0.0,32465.64,47557.29
2026-04-13,21.8,6.7,31015.18,47718.02
2026-04-14,20.5,2.5,39114.36,47878.83
2026-04-15,22.3,0.2,41142.42,48039.6
2026-04-16,23.2,0.3,42928.24,48200.23
2026-04-17,26.1,0.0,44590.16,48360.62
2026-04-18,26.8,0.0,45508.7,48520.63
2026-04-19,25.3,0.0,45482.16,48680.17
2026-04-20,24.0,0.1,45455.85,48839.12
2026-04-21,23.5,0.0,45429.7,48997.35
2026-04-22,20.1,4.3,27774.32,49154.74
2026-04-23,20.6,0.0,46628.67,49311.18
2026-04-24,21.4,0.0,47291.38,49466.53
2026-04-25,24.0,0.0,47636.94,49620.66
2026-04-26,23.7,0.0,47663.48,49773.45
2026-04-27,24.0,0.0,47690.53,49924.75
2026-04-28,24.7,0.0,48027.76,50074.43
2026-04-29,25.1,0.4,46944.91,50222.35
2026-04-30,21.8,22.4,46095.98,50368.37
2026-05-01,21.6,0.0,49218.61,50512.32
2026-05-02,23.4,0.0,49188.1,50654.22
2026-05-03,22.8,0.0,49483.53,50795.12
2026-05-04,23.0,0.2,34897.6,50935.2
2026-05-05,20.1,7.1,33129.06,51074.33
2026-05-06,21.8,2.7,25934.73,51212.39
2026-05-07,23.9,2.4,41633.68,51349.26
2026-05-08,21.4,0.4,25592.58,51484.82
2026-05-09,24.7,0.0,42451.22,51618.93
2026-05-10,22.6,5.7,22806.77,51751.46
2026-05-11,22.4,0.7,43234.08,51882.28
2026-05-12,23.4,0.1,48416.64,52011.26
2026-05-13,19.1,16.1,49078.38,52138.24
2026-05-14,21.3,0.7,50288.33,52263.1
2026-05-15,20.8,9.5,36999.92,52385.68
2026-05-16,18.2,7.1,43200.0,52505.84
2026-05-17,20.7,0.1,50400.0,52623.43
2026-05-18,21.2,0.0,48343.15,52738.3
2026-05-19,23.2,0.3,50400.0,52850.28
2026-05-20,25.5,0.0,50139.26,52959.24
2026-05-21,28.3,0.3,50400.0,53064.99
2026-05-22,29.0,0.0,50400.0,53167.51
2026-05-23,30.5,0.0,50400.0,53267.63
2026-05-24,30.9,0.0,50400.0,53365.47
2026-05-25,32.3,0.0,50400.0,53460.93
2026-05-26,32.9,0.0,50400.0,53553.9
2026-05-27,33.3,0.0,50400.0,53644.3
2026-05-28,33.6,0.1,48391.65,53732.01
2026-05-29,29.2,0.3,48362.76,53816.94
2026-05-30,30.4,0.0,50400.0,53898.97
2026-05-31,30.9,0.0,50400.0,53978.01
2026-06-01,28.6,0.0,49874.1,54053.94
2026-06-02,27.5,7.2,49662.03,54126.68
2026-06-03,26.2,10.2,43379.75,54196.1
2026-06-04,27.8,0.0,49570.4,54262.1
2026-06-05,25.9,0.4,50400.0,54324.58
2026-06-06,28.0,0.0,50709.66,54383.43
2026-06-07,31.0,0.0,50400.0,54438.55
2026-06-08,31.9,0.0,51030.07,54489.83
2026-06-09,31.3,0.0,51015.01,54537.17
2026-06-10,29.8,0.0,50646.48,54580.48
2026-06-11,26.0,0.0,49249.1,54619.69
2026-06-12,31.1,0.0,51329.33,54655.12
2026-06-13,32.4,0.0,51317.09,54686.82
2026-06-14,31.3,0.0,51660.6,54714.8
2026-06-15,30.2,0.0,50400.0,54739.03
2026-06-16,31.3,0.0,50928.1,54759.51
2026-06-17,34.7,2.0,51273.62,54776.24
2026-06-18,34.9,0.2,50908.64,54789.2
2026-06-19,36.5,0.7,51255.62,54798.4
2026-06-20,36.0,0.0,51603.34,54803.82
2026-06-21,37.6,0.0,51596.13,54805.47
2026-06-22,35.6,1.4,50523.06,54803.36
2026-06-23,35.5,0.8,51228.59,54797.48
2026-06-24,34.8,1.2,46800.0,54787.85
2026-06-25,35.4,0.0,50400.0,54774.46
2026-06-26,35.7,1.5,51217.11,54757.32
2026-06-27,36.0,0.9,51569.93,54736.46
2026-06-28,37.8,0.0,51568.71,54711.88
2026-06-29,37.5,0.2,49939.49,54683.59
2026-06-30,36.6,0.3,50400.0,54651.62
2026-07-01,36.7,0.0,51924.7,54615.92
2026-07-02,31.9,8.3,47453.73,54576.15
2026-07-03,33.2,1.2,51576.89,54532.3
2026-07-04,33.8,0.0,51581.06,54484.47
2026-07-05,33.7,0.0,51586.02,54432.78
2026-07-06,34.9,0.0,51591.73,54377.33
2026-07-07,34.8,0.4,51598.35,54318.23
2026-07-08,33.5,0.0,51605.74,54255.58
2026-07-09,34.0,0.9,51263.8,54189.49
2026-07-10,35.2,0.0,51273.44,54120.07
2026-07-11,35.5,0.0,51283.93,54047.43
2026-07-12,35.1,0.0,51295.28,53971.68
2026-07-13,34.3,0.0,51307.48,53892.93
2026-07-14,36.8,0.0,51320.59,53811.28
2026-07-15,36.1,0.0,51334.56,53726.84
2026-07-16,38.0,0.0,51003.4,53639.72
2026-07-17,38.1,0.0,51019.78,53550.01
2026-07-18,38.6,0.0,51037.06,53457.84
2026-07-19,36.1,0.0,50711.23,53363.3
2026-07-20,37.7,0.0,50731.0,53266.49
2026-07-21,37.4,0.0,50409.06,53167.4
2026-07-22,35.8,0.5,50773.53,53065.18
2026-07-23,33.9,0.7,50796.28,52959.75
2026-07-24,34.6,0.0,50772.53,52851.28
2026-07-25,32.1,0.0,50402.3,52739.9
2026-07-26,32.8,1.8,49030.44,52625.8
2026-07-27,32.7,0.4,50142.96,52509.1
2026-07-28,36.4,0.0,50127.55,52389.96
2026-07-29,38.2,0.0,50069.59,52268.53
2026-07-30,39.2,0.0,50011.08,52144.94
2026-07-31,39.0,0.0,49952.11,52019.35
2026-08-01,38.5,0.0,49892.73,51891.89
2026-08-02,37.0,2.2,49833.02,51762.69
2026-08-03,35.5,0.1,48617.24,51631.89
2026-08-04,37.9,0.0,49632.09,51499.62
2026-08-05,36.8,0.0,49323.64,51366.01
2026-08-06,38.2,0.1,49345.21,51231.19
2026-08-07,38.4,0.3,48711.38,51095.27
2026-08-08,36.9,0.7,48734.43,50958.38
2026-08-09,38.3,0.5,48431.23,50820.64
2026-08-10,39.3,0.2,48455.03,50682.01
2026-08-11,39.2,0.0,48153.99,50541.46
2026-08-12,38.1,0.1,44006.18,50398.86
2026-08-13,38.2,0.0,47880.14,50254.35
2026-08-14,38.5,0.0,47583.08,50108.07
2026-08-15,36.3,0.0,47609.67,49960.17
2026-08-16,35.2,0.0,46426.24,49810.76
2026-08-17,32.5,3.6,36163.34,49659.99
2026-08-18,33.9,1.3,47049.72,49507.98
2026-08-19,34.7,0.6,47051.55,49354.87
2026-08-20,34.7,0.1,46682.31,49200.77
2026-08-21,31.8,11.7,41580.5,49045.81
2026-08-22,31.7,1.9,46497.51,48890.09
2026-08-23,33.7,0.0,46478.95,48733.75
2026-08-24,34.2,0.1,46414.13,48576.89
2026-08-25,31.6,23.6,38698.51,48419.62
2026-08-26,33.2,0.0,46120.73,48262.06
2026-08-27,35.0,0.0,44229.15,48104.31
2026-08-28,37.4,0.0,44342.73,47946.47
2026-08-29,34.7,0.0,39740.08,47788.65
2026-08-30,35.3,0.0,44744.4,47630.82
2026-08-31,36.0,0.0,44789.42,47471.89
2026-09-01,36.5,0.0,44523.33,47311.71
2026-09-02,35.6,0.0,40474.66,47150.39
2026-09-03,36.1,0.0,43995.32,46988.04
2026-09-04,35.3,0.0,43733.2,46824.79
2026-09-05,35.5,0.0,43782.69,46660.73
2026-09-06,34.2,0.0,43522.41,46495.99
2026-09-07,36.4,0.2,43263.08,46330.66
2026-09-08,34.7,0.0,43314.2,46164.85
2026-09-09,32.8,0.0,43200.0,45998.67
2026-09-10,30.5,15.8,14366.8,45832.22
2026-09-11,28.9,3.0,43200.0,45665.59
2026-09-12,29.1,0.0,43200.0,45498.9
2026-09-13,29.5,0.0,43200.0,45332.23
2026-09-14,29.3,0.0,43200.0,45165.69
2026-09-15,30.8,0.0,43200.0,44999.37
2026-09-16,30.7,0.0,43200.0,44833.37
2026-09-17,29.7,2.4,43200.0,44667.79
2026-09-18,27.3,6.0,40042.09,44502.73
2026-09-19,28.5,11.0,43200.0,44338.14
2026-09-20,29.1,0.2,43200.0,44172.91
2026-09-21,29.9,0.0,43166.28,44006.87
2026-09-22,29.4,0.0,43103.86,43840.13
2026-09-23,27.1,0.0,43041.28,43672.79
2026-09-24,27.7,0.2,41001.52,43504.95
2026-09-25,28.1,0.7,42779.33,43336.73
