id,date,contest,n1,n2,n3,n4,n5,n6,jolly,superstar,source
1997-001,1997-12-03,1,20,36,39,41,72,76,88,,tuttosuperenalotto
1997-002,1997-12-06,2,2,4,25,29,30,52,24,,tuttosuperenalotto
1997-003,1997-12-10,3,1,2,14,23,78,88,40,,tuttosuperenalotto
1997-004,1997-12-13,4,5,22,34,61,62,77,58,,tuttosuperenalotto
1997-005,1997-12-17,5,10,65,77,80,81,86,89,,tuttosuperenalotto
1997-006,1997-12-20,6,3,27,48,58,78,90,45,,tuttosuperenalotto
1997-007,1997-12-24,7,13,59,63,75,85,87,52,,tuttosuperenalotto
1997-008,1997-12-27,8,8,26,35,43,55,67,69,,tuttosuperenalotto
1997-009,1997-12-31,9,34,36,71,76,86,89,82,,tuttosuperenalotto
1998-001,1998-01-03,1,2,29,36,72,82,90,71,,tuttosuperenalotto
1998-002,1998-01-07,2,20,23,24,29,66,73,30,,tuttosuperenalotto
1998-003,1998-01-10,3,24,33,37,40,60,86,32,,tuttosuperenalotto
1998-004,1998-01-14,4,16,37,49,52,53,82,57,,tuttosuperenalotto
1998-005,1998-01-17,5,29,37,49,51,55,74,86,,tuttosuperenalotto
1998-006,1998-01-21,6,22,25,26,49,59,85,62,,tuttosuperenalotto
1998-007,1998-01-24,7,3,4,39,43,56,81,82,,tuttosuperenalotto
1998-008,1998-01-28,8,2,3,49,51,63,79,43,,tuttosuperenalotto
1998-009,1998-01-31,9,6,13,26,33,34,78,65,,tuttosuperenalotto
1998-010,1998-02-04,10,18,23,24,35,48,82,38,,tuttosuperenalotto
1998-011,1998-02-07,11,8,9,23,34,64,89,1,,tuttosuperenalotto
1998-012,1998-02-11,12,2,15,63,65,68,78,71,,tuttosuperenalotto
1998-013,1998-02-14,13,37,40,46,51,58,66,84,,tuttosuperenalotto
1998-014,1998-02-18,14,10,12,29,41,45,50,52,,tuttosuperenalotto
1998-015,1998-02-21,15,4,19,47,60,73,84,58,,tuttosuperenalotto
1998-016,1998-02-25,16,1,27,40,81,82,85,6,,tuttosuperenalotto
1998-017,1998-02-28,17,13,68,75,79,87,88,90,,tuttosuperenalotto
1998-018,1998-03-04,18,28,36,59,79,84,88,7,,tuttosuperenalotto
1998-019,1998-03-07,19,2,12,57,62,64,71,56,,tuttosuperenalotto
1998-020,1998-03-11,20,3,23,25,44,74,89,76,,tuttosuperenalotto
1998-021,1998-03-14,21,16,33,42,86,88,89,43,,tuttosuperenalotto
1998-022,1998-03-18,22,1,5,17,38,61,71,70,,tuttosuperenalotto
1998-023,1998-03-21,23,17,30,38,51,77,80,33,,tuttosuperenalotto
1998-024,1998-03-25,24,5,6,17,55,62,73,38,,tuttosuperenalotto
1998-025,1998-03-28,25,16,40,50,58,62,63,5,,tuttosuperenalotto
1998-026,1998-04-01,26,17,31,42,43,55,72,64,,tuttosuperenalotto
1998-027,1998-04-04,27,1,7,21,49,84,87,77,,tuttosuperenalotto
1998-028,1998-04-08,28,4,7,22,27,39,88,14,,tuttosuperenalotto
1998-029,1998-04-11,29,23,58,64,67,79,81,14,,tuttosuperenalotto
1998-030,1998-04-15,30,4,5,46,47,73,82,62,,tuttosuperenalotto
1998-031,1998-04-18,31,17,38,47,56,76,85,26,,tuttosuperenalotto
1998-032,1998-04-22,32,5,22,40,46,86,87,13,,tuttosuperenalotto
1998-033,1998-04-27,33,18,36,62,63,76,80,64,,tuttosuperenalotto
1998-034,1998-04-29,34,15,23,27,29,50,69,54,,tuttosuperenalotto
1998-035,1998-05-02,35,6,12,23,28,77,79,73,,tuttosuperenalotto
1998-036,1998-05-06,36,5,28,33,64,81,84,67,,tuttosuperenalotto
1998-037,1998-05-09,37,5,19,43,44,73,77,39,,tuttosuperenalotto
1998-038,1998-05-13,38,6,15,41,57,81,83,74,,tuttosuperenalotto
1998-039,1998-05-16,39,7,19,25,68,71,85,46,,tuttosuperenalotto
1998-040,1998-05-20,40,5,13,22,25,43,50,45,,tuttosuperenalotto
1998-041,1998-05-23,41,7,12,24,37,58,81,10,,tuttosuperenalotto
1998-042,1998-05-27,42,36,48,56,65,71,73,38,,tuttosuperenalotto
1998-043,1998-05-30,43,4,11,29,34,86,88,59,,tuttosuperenalotto
1998-044,1998-06-03,44,48,50,80,81,84,87,42,,tuttosuperenalotto
1998-045,1998-06-06,45,13,18,22,56,67,72,65,,tuttosuperenalotto
1998-046,1998-06-10,46,5,14,17,38,64,68,83,,tuttosuperenalotto
1998-047,1998-06-13,47,13,26,30,34,83,86,64,,tuttosuperenalotto
1998-048,1998-06-17,48,10,16,35,39,64,65,70,,tuttosuperenalotto
1998-049,1998-06-20,49,20,24,39,63,65,70,36,,tuttosuperenalotto
1998-050,1998-06-24,50,19,43,59,60,67,79,10,,tuttosuperenalotto
1998-051,1998-06-27,51,2,16,38,40,44,57,28,,tuttosuperenalotto
1998-052,1998-07-01,52,25,33,37,47,48,79,29,,tuttosuperenalotto
1998-053,1998-07-04,53,29,42,49,52,53,67,55,,tuttosuperenalotto
1998-054,1998-07-08,54,5,20,24,48,78,80,6,,tuttosuperenalotto
1998-055,1998-07-11,55,15,16,17,57,60,63,28,,tuttosuperenalotto
1998-056,1998-07-15,56,12,32,48,68,70,85,7,,tuttosuperenalotto
1998-057,1998-07-18,57,1,36,42,71,72,88,90,,tuttosuperenalotto
1998-058,1998-07-22,58,56,71,75,78,81,85,8,,tuttosuperenalotto
1998-059,1998-07-25,59,25,37,54,63,70,76,7,,tuttosuperenalotto
1998-060,1998-07-29,60,25,60,62,68,83,89,88,,tuttosuperenalotto
1998-061,1998-08-01,61,5,14,37,38,50,72,90,,tuttosuperenalotto
1998-062,1998-08-05,62,7,24,40,56,79,85,90,,tuttosuperenalotto
1998-063,1998-08-08,63,12,27,31,32,57,83,42,,tuttosuperenalotto
1998-064,1998-08-12,64,31,33,61,77,86,88,16,,tuttosuperenalotto
1998-065,1998-08-17,65,4,47,53,55,71,73,80,,tuttosuperenalotto
1998-066,1998-08-19,66,6,15,16,50,62,82,4,,tuttosuperenalotto
1998-067,1998-08-22,67,10,36,48,63,83,90,32,,tuttosuperenalotto
1998-068,1998-08-26,68,10,40,66,72,76,80,61,,tuttosuperenalotto
1998-069,1998-08-29,69,12,19,22,53,72,88,34,,tuttosuperenalotto
1998-070,1998-09-02,70,1,43,45,48,83,90,14,,tuttosuperenalotto
1998-071,1998-09-05,71,15,16,20,23,24,87,77,,tuttosuperenalotto
1998-072,1998-09-09,72,10,25,56,68,71,77,3,,tuttosuperenalotto
1998-073,1998-09-12,73,14,37,48,55,84,87,23,,tuttosuperenalotto
1998-074,1998-09-16,74,22,26,29,37,75,76,36,,tuttosuperenalotto
1998-075,1998-09-19,75,3,33,45,57,78,80,65,,tuttosuperenalotto
1998-076,1998-09-23,76,7,9,31,41,67,68,22,,tuttosuperenalotto
1998-077,1998-09-26,77,28,31,40,67,74,90,61,,tuttosuperenalotto
1998-078,1998-09-30,78,20,34,44,61,74,87,25,,tuttosuperenalotto
1998-079,1998-10-03,79,2,9,13,34,46,63,85,,tuttosuperenalotto
1998-080,1998-10-07,80,6,13,17,49,51,83,76,,tuttosuperenalotto
1998-081,1998-10-10,81,42,43,46,49,52,76,48,,tuttosuperenalotto
1998-082,1998-10-14,82,15,28,42,55,76,88,74,,tuttosuperenalotto
1998-083,1998-10-17,83,10,13,50,59,64,78,23,,tuttosuperenalotto
1998-084,1998-10-21,84,14,39,50,56,72,89,29,,tuttosuperenalotto
1998-085,1998-10-24,85,4,26,27,74,77,84,20,,tuttosuperenalotto
1998-086,1998-10-28,86,37,60,64,73,80,84,2,,tuttosuperenalotto
1998-087,1998-10-31,87,1,21,30,61,73,84,74,,tuttosuperenalotto
1998-088,1998-11-04,88,6,54,72,75,81,87,55,,tuttosuperenalotto
1998-089,1998-11-07,89,15,19,25,33,40,68,81,,tuttosuperenalotto
1998-090,1998-11-11,90,19,38,60,80,81,90,10,,tuttosuperenalotto
1998-091,1998-11-14,91,6,31,69,70,76,85,44,,tuttosuperenalotto
1998-092,1998-11-18,92,12,18,43,47,50,83,53,,tuttosuperenalotto
1998-093,1998-11-21,93,32,36,43,56,66,89,8,,tuttosuperenalotto
1998-094,1998-11-25,94,32,39,52,56,69,85,53,,tuttosuperenalotto
1998-095,1998-11-28,95,12,15,40,50,66,88,70,,tuttosuperenalotto
1998-096,1998-12-02,96,9,23,36,66,67,77,87,,tuttosuperenalotto
1998-097,1998-12-05,97,27,35,47,48,59,79,77,,tuttosuperenalotto
1998-098,1998-12-09,98,1,11,42,43,61,81,29,,tuttosuperenalotto
1998-099,1998-12-12,99,9,37,39,40,42,86,2,,tuttosuperenalotto
1998-100,1998-12-16,100,22,43,56,71,77,83,35,,tuttosuperenalotto
1998-101,1998-12-19,101,3,6,13,28,49,50,33,,tuttosuperenalotto
1998-102,1998-12-23,102,3,9,14,26,47,79,81,,tuttosuperenalotto
1998-103,1998-12-28,103,14,43,46,65,71,82,22,,tuttosuperenalotto
1998-104,1998-12-30,104,30,36,45,49,63,89,46,,tuttosuperenalotto
1999-001,1999-01-02,1,10,12,54,58,72,88,23,,tuttosuperenalotto
1999-002,1999-01-07,2,34,43,44,45,53,58,64,,tuttosuperenalotto
1999-003,1999-01-09,3,1,6,13,23,53,77,20,,tuttosuperenalotto
1999-004,1999-01-13,4,18,23,45,51,61,86,29,,tuttosuperenalotto
1999-005,1999-01-16,5,7,9,12,37,86,90,87,,tuttosuperenalotto
1999-006,1999-01-20,6,1,43,45,48,51,56,18,,tuttosuperenalotto
1999-007,1999-01-23,7,36,45,46,47,74,75,69,,tuttosuperenalotto
1999-008,1999-01-27,8,8,48,65,72,83,88,67,,tuttosuperenalotto
1999-009,1999-01-30,9,14,20,40,58,68,84,88,,tuttosuperenalotto
1999-010,1999-02-03,10,45,67,70,80,81,89,3,,tuttosuperenalotto
1999-011,1999-02-06,11,9,10,26,30,44,54,62,,tuttosuperenalotto
1999-012,1999-02-10,12,4,8,12,17,19,80,84,,tuttosuperenalotto
1999-013,1999-02-13,13,12,20,23,34,67,87,46,,tuttosuperenalotto
1999-014,1999-02-17,14,24,45,49,63,78,83,4,,tuttosuperenalotto
1999-015,1999-02-20,15,4,26,59,63,69,74,86,,tuttosuperenalotto
1999-016,1999-02-24,16,17,19,32,41,52,87,23,,tuttosuperenalotto
1999-017,1999-02-27,17,6,7,42,55,75,88,67,,tuttosuperenalotto
1999-018,1999-03-03,18,40,41,51,62,66,80,77,,tuttosuperenalotto
1999-019,1999-03-06,19,27,41,44,50,68,73,21,,tuttosuperenalotto
1999-020,1999-03-10,20,11,20,56,69,72,76,32,,tuttosuperenalotto
1999-021,1999-03-13,21,6,18,20,34,72,90,17,,tuttosuperenalotto
1999-022,1999-03-17,22,3,7,14,45,68,70,39,,tuttosuperenalotto
1999-023,1999-03-20,23,43,71,80,84,88,89,73,,tuttosuperenalotto
1999-024,1999-03-24,24,4,26,34,61,76,81,67,,tuttosuperenalotto
1999-025,1999-03-27,25,7,18,27,80,81,83,87,,tuttosuperenalotto
1999-026,1999-03-31,26,25,60,64,71,75,85,18,,tuttosuperenalotto
1999-027,1999-04-03,27,33,41,47,48,60,80,17,,tuttosuperenalotto
1999-028,1999-04-07,28,13,27,40,46,70,84,28,,tuttosuperenalotto
1999-029,1999-04-10,29,4,11,14,17,25,32,61,,tuttosuperenalotto
1999-030,1999-04-14,30,34,63,70,77,83,90,43,,tuttosuperenalotto
1999-031,1999-04-17,31,4,6,25,32,73,83,64,,tuttosuperenalotto
1999-032,1999-04-21,32,20,53,55,61,64,74,46,,tuttosuperenalotto
1999-033,1999-04-24,33,20,22,33,44,50,74,60,,tuttosuperenalotto
1999-034,1999-04-28,34,1,51,53,55,73,86,41,,tuttosuperenalotto
1999-035,1999-05-03,35,8,49,50,65,66,69,75,,tuttosuperenalotto
1999-036,1999-05-05,36,3,10,28,71,81,88,84,,tuttosuperenalotto
1999-037,1999-05-08,37,11,14,15,30,68,81,82,,tuttosuperenalotto
1999-038,1999-05-12,38,3,7,10,37,57,86,49,,tuttosuperenalotto
1999-039,1999-05-15,39,7,33,54,72,73,90,24,,tuttosuperenalotto
1999-040,1999-05-19,40,10,23,35,64,74,90,52,,tuttosuperenalotto
1999-041,1999-05-22,41,3,28,38,43,73,75,1,,tuttosuperenalotto
1999-042,1999-05-26,42,3,4,13,16,59,70,22,,tuttosuperenalotto
1999-043,1999-05-29,43,10,34,44,49,62,79,47,,tuttosuperenalotto
1999-044,1999-06-02,44,2,16,17,65,69,72,60,,tuttosuperenalotto
1999-045,1999-06-05,45,9,36,52,76,77,90,54,,tuttosuperenalotto
1999-046,1999-06-09,46,16,32,35,45,72,77,6,,tuttosuperenalotto
1999-047,1999-06-12,47,32,35,57,74,79,84,70,,tuttosuperenalotto
1999-048,1999-06-16,48,5,20,29,41,56,86,81,,tuttosuperenalotto
1999-049,1999-06-19,49,13,23,31,58,67,68,22,,tuttosuperenalotto
1999-050,1999-06-23,50,31,36,37,71,86,90,13,,tuttosuperenalotto
1999-051,1999-06-26,51,8,19,23,37,65,77,48,,tuttosuperenalotto
1999-052,1999-06-30,52,13,22,44,74,77,87,76,,tuttosuperenalotto
1999-053,1999-07-03,53,3,6,7,53,65,90,14,,tuttosuperenalotto
1999-054,1999-07-07,54,38,46,63,82,83,87,1,,tuttosuperenalotto
1999-055,1999-07-10,55,1,4,42,67,75,77,31,,tuttosuperenalotto
1999-056,1999-07-14,56,4,48,60,63,84,88,62,,tuttosuperenalotto
1999-057,1999-07-17,57,5,22,35,38,74,82,36,,tuttosuperenalotto
1999-058,1999-07-21,58,11,19,26,58,67,89,1,,tuttosuperenalotto
1999-059,1999-07-24,59,13,16,23,52,67,78,76,,tuttosuperenalotto
1999-060,1999-07-28,60,13,64,68,84,89,90,85,,tuttosuperenalotto
1999-061,1999-07-31,61,5,34,44,73,77,83,65,,tuttosuperenalotto
1999-062,1999-08-04,62,12,23,46,54,78,90,85,,tuttosuperenalotto
1999-063,1999-08-07,63,4,16,29,58,69,88,54,,tuttosuperenalotto
1999-064,1999-08-11,64,10,19,24,29,42,67,39,,tuttosuperenalotto
1999-065,1999-08-14,65,45,64,73,80,81,85,11,,tuttosuperenalotto
1999-066,1999-08-18,66,13,16,51,56,65,67,35,,tuttosuperenalotto
1999-067,1999-08-21,67,1,32,37,63,67,69,90,,tuttosuperenalotto
1999-068,1999-08-25,68,1,25,28,39,51,89,62,,tuttosuperenalotto
1999-069,1999-08-28,69,7,12,14,16,24,45,54,,tuttosuperenalotto
1999-070,1999-09-01,70,5,19,26,32,67,87,65,,tuttosuperenalotto
1999-071,1999-09-04,71,38,40,41,69,76,81,78,,tuttosuperenalotto
1999-072,1999-09-08,72,15,38,48,74,75,80,81,,tuttosuperenalotto
1999-073,1999-09-11,73,25,40,57,59,76,82,55,,tuttosuperenalotto
1999-074,1999-09-15,74,17,20,27,29,72,73,85,,tuttosuperenalotto
1999-075,1999-09-18,75,12,15,33,60,79,88,8,,tuttosuperenalotto
1999-076,1999-09-22,76,1,11,40,50,53,80,68,,tuttosuperenalotto
1999-077,1999-09-25,77,6,27,37,38,47,79,23,,tuttosuperenalotto
1999-078,1999-09-29,78,4,16,27,55,67,72,3,,tuttosuperenalotto
1999-079,1999-10-02,79,6,10,38,48,49,65,61,,tuttosuperenalotto
1999-080,1999-10-06,80,38,58,61,64,82,87,68,,tuttosuperenalotto
1999-081,1999-10-09,81,12,35,40,59,78,80,44,,tuttosuperenalotto
1999-082,1999-10-13,82,6,24,30,34,37,71,82,,tuttosuperenalotto
1999-083,1999-10-16,83,3,35,45,47,54,70,30,,tuttosuperenalotto
1999-084,1999-10-20,84,22,26,58,60,67,88,49,,tuttosuperenalotto
1999-085,1999-10-23,85,24,46,57,73,79,81,77,,tuttosuperenalotto
1999-086,1999-10-27,86,6,25,34,72,76,82,12,,tuttosuperenalotto
1999-087,1999-10-30,87,16,21,29,39,70,90,76,,tuttosuperenalotto
1999-088,1999-11-03,88,19,42,64,68,72,86,45,,tuttosuperenalotto
1999-089,1999-11-06,89,6,7,37,67,80,87,22,,tuttosuperenalotto
1999-090,1999-11-10,90,21,45,55,61,73,80,77,,tuttosuperenalotto
1999-091,1999-11-13,91,3,23,61,82,83,88,64,,tuttosuperenalotto
1999-092,1999-11-17,92,6,51,73,78,80,81,34,,tuttosuperenalotto
1999-093,1999-11-20,93,20,31,45,62,76,81,51,,tuttosuperenalotto
1999-094,1999-11-24,94,12,16,24,48,53,58,85,,tuttosuperenalotto
1999-095,1999-11-27,95,14,20,57,79,85,88,69,,tuttosuperenalotto
1999-096,1999-12-01,96,1,13,24,39,44,45,83,,tuttosuperenalotto
1999-097,1999-12-04,97,13,39,62,63,66,76,11,,tuttosuperenalotto
1999-098,1999-12-09,98,20,32,37,44,75,88,72,,tuttosuperenalotto
1999-099,1999-12-11,99,6,27,50,57,77,80,22,,tuttosuperenalotto
1999-100,1999-12-15,100,18,21,28,35,41,85,66,,tuttosuperenalotto
1999-101,1999-12-18,101,13,42,57,61,63,82,45,,tuttosuperenalotto
1999-102,1999-12-22,102,6,9,32,47,59,60,83,,tuttosuperenalotto
1999-103,1999-12-27,103,20,21,63,71,75,79,15,,tuttosuperenalotto
1999-104,1999-12-29,104,14,15,20,42,70,88,28,,tuttosuperenalotto
2000-001,2000-01-03,1,17,38,48,51,55,62,59,,tuttosuperenalotto
2000-002,2000-01-05,2,2,13,31,37,38,82,39,,tuttosuperenalotto
2000-003,2000-01-08,3,6,15,47,71,75,86,78,,tuttosuperenalotto
2000-004,2000-01-12,4,3,15,48,74,76,81,34,,tuttosuperenalotto
2000-005,2000-01-15,5,11,21,22,50,59,63,42,,tuttosuperenalotto
2000-006,2000-01-19,6,20,29,39,54,57,71,28,,tuttosuperenalotto
2000-007,2000-01-22,7,15,21,55,60,70,90,34,,tuttosuperenalotto
2000-008,2000-01-26,8,2,57,62,63,73,87,55,,tuttosuperenalotto
2000-009,2000-01-29,9,55,65,68,70,73,80,89,,tuttosuperenalotto
2000-010,2000-02-02,10,12,13,28,30,47,63,35,,tuttosuperenalotto
2000-011,2000-02-05,11,17,48,52,64,86,87,60,,tuttosuperenalotto
2000-012,2000-02-09,12,6,36,49,51,52,76,35,,tuttosuperenalotto
2000-013,2000-02-12,13,4,33,67,71,81,82,72,,tuttosuperenalotto
2000-014,2000-02-16,14,8,27,39,51,54,90,71,,tuttosuperenalotto
2000-015,2000-02-19,15,25,28,37,51,54,81,4,,tuttosuperenalotto
2000-016,2000-02-23,16,44,53,61,65,86,89,49,,tuttosuperenalotto
2000-017,2000-02-26,17,4,35,48,57,69,90,34,,tuttosuperenalotto
2000-018,2000-03-01,18,27,32,37,70,82,88,52,,tuttosuperenalotto
2000-019,2000-03-04,19,7,19,29,33,40,88,80,,tuttosuperenalotto
2000-020,2000-03-08,20,4,13,15,20,32,41,28,,tuttosuperenalotto
2000-021,2000-03-11,21,28,42,46,56,74,87,43,,tuttosuperenalotto
2000-022,2000-03-15,22,8,17,35,61,78,89,9,,tuttosuperenalotto
2000-023,2000-03-18,23,8,58,76,81,85,87,65,,tuttosuperenalotto
2000-024,2000-03-22,24,2,19,22,57,65,89,61,,tuttosuperenalotto
2000-025,2000-03-25,25,15,27,47,51,62,63,20,,tuttosuperenalotto
2000-026,2000-03-29,26,1,6,12,26,57,70,28,,tuttosuperenalotto
2000-027,2000-04-01,27,3,9,30,58,60,88,37,,tuttosuperenalotto
2000-028,2000-04-05,28,10,17,33,38,67,71,73,,tuttosuperenalotto
2000-029,2000-04-08,29,3,12,26,47,54,87,90,,tuttosuperenalotto
2000-030,2000-04-12,30,18,24,45,58,62,80,4,,tuttosuperenalotto
2000-031,2000-04-15,31,2,27,33,47,53,86,65,,tuttosuperenalotto
2000-032,2000-04-19,32,5,53,64,74,77,88,78,,tuttosuperenalotto
2000-033,2000-04-22,33,24,35,39,48,82,85,66,,tuttosuperenalotto
2000-034,2000-04-26,34,17,51,67,70,82,86,49,,tuttosuperenalotto
2000-035,2000-04-29,35,8,42,45,59,68,88,9,,tuttosuperenalotto
2000-036,2000-05-03,36,1,13,37,53,62,71,9,,tuttosuperenalotto
2000-037,2000-05-06,37,23,26,34,56,66,85,44,,tuttosuperenalotto
2000-038,2000-05-10,38,9,12,19,39,82,86,69,,tuttosuperenalotto
2000-039,2000-05-13,39,32,38,40,59,62,79,2,,tuttosuperenalotto
2000-040,2000-05-17,40,11,14,19,32,78,89,9,,tuttosuperenalotto
2000-041,2000-05-20,41,19,32,41,42,67,77,79,,tuttosuperenalotto
2000-042,2000-05-24,42,8,10,22,72,87,90,39,,tuttosuperenalotto
2000-043,2000-05-27,43,3,25,39,50,53,67,51,,tuttosuperenalotto
2000-044,2000-05-31,44,4,8,19,39,63,70,66,,tuttosuperenalotto
2000-045,2000-06-03,45,6,17,31,33,43,66,78,,tuttosuperenalotto
2000-046,2000-06-07,46,2,4,23,38,53,59,17,,tuttosuperenalotto
2000-047,2000-06-10,47,3,16,37,56,58,79,18,,tuttosuperenalotto
2000-048,2000-06-14,48,15,25,50,64,80,89,72,,tuttosuperenalotto
2000-049,2000-06-17,49,29,32,35,49,69,71,70,,tuttosuperenalotto
2000-050,2000-06-21,50,12,15,34,43,55,75,70,,tuttosuperenalotto
2000-051,2000-06-24,51,1,28,52,53,63,77,11,,tuttosuperenalotto
2000-052,2000-06-28,52,3,17,18,41,63,89,48,,tuttosuperenalotto
2000-053,2000-07-01,53,19,39,43,48,62,76,5,,tuttosuperenalotto
2000-054,2000-07-05,54,12,34,35,50,63,88,69,,tuttosuperenalotto
2000-055,2000-07-08,55,4,6,8,41,76,80,60,,tuttosuperenalotto
2000-056,2000-07-12,56,11,15,16,43,49,84,48,,tuttosuperenalotto
2000-057,2000-07-15,57,5,18,24,51,55,74,17,,tuttosuperenalotto
2000-058,2000-07-19,58,6,37,53,60,66,72,26,,tuttosuperenalotto
2000-059,2000-07-22,59,10,13,42,54,66,81,1,,tuttosuperenalotto
2000-060,2000-07-26,60,3,37,40,49,53,83,44,,tuttosuperenalotto
2000-061,2000-07-29,61,29,31,56,57,76,79,43,,tuttosuperenalotto
2000-062,2000-08-02,62,4,39,56,59,65,78,61,,tuttosuperenalotto
2000-063,2000-08-05,63,23,36,56,78,80,83,40,,tuttosuperenalotto
2000-064,2000-08-09,64,18,36,47,62,75,80,41,,tuttosuperenalotto
2000-065,2000-08-12,65,9,19,52,68,70,74,88,,tuttosuperenalotto
2000-066,2000-08-16,66,14,21,27,49,82,83,36,,tuttosuperenalotto
2000-067,2000-08-19,67,5,30,32,35,55,87,86,,tuttosuperenalotto
2000-068,2000-08-23,68,11,13,20,41,76,89,29,,tuttosuperenalotto
2000-069,2000-08-26,69,4,14,15,19,76,85,89,,tuttosuperenalotto
2000-070,2000-08-30,70,8,16,59,61,78,90,45,,tuttosuperenalotto
2000-071,2000-09-02,71,28,44,49,57,64,89,87,,tuttosuperenalotto
2000-072,2000-09-06,72,7,11,48,49,64,72,8,,tuttosuperenalotto
2000-073,2000-09-09,73,3,6,10,26,43,72,89,,tuttosuperenalotto
2000-074,2000-09-13,74,1,45,48,69,70,89,26,,tuttosuperenalotto
2000-075,2000-09-16,75,8,9,17,37,49,86,30,,tuttosuperenalotto
2000-076,2000-09-20,76,12,14,29,49,62,82,79,,tuttosuperenalotto
2000-077,2000-09-23,77,12,51,56,73,85,88,25,,tuttosuperenalotto
2000-078,2000-09-27,78,5,48,71,84,85,87,22,,tuttosuperenalotto
2000-079,2000-09-30,79,25,35,52,55,60,68,75,,tuttosuperenalotto
2000-080,2000-10-04,80,2,3,15,16,24,67,7,,tuttosuperenalotto
2000-081,2000-10-07,81,8,10,16,21,39,65,2,,tuttosuperenalotto
2000-082,2000-10-11,82,11,54,64,70,73,77,66,,tuttosuperenalotto
2000-083,2000-10-14,83,24,35,37,63,81,85,25,,tuttosuperenalotto
2000-084,2000-10-18,84,15,33,41,48,52,56,82,,tuttosuperenalotto
2000-085,2000-10-21,85,1,10,23,40,68,75,14,,tuttosuperenalotto
2000-086,2000-10-25,86,2,38,39,41,61,76,21,,tuttosuperenalotto
2000-087,2000-10-28,87,6,21,29,43,80,89,5,,tuttosuperenalotto
2000-088,2000-11-02,88,2,55,76,78,81,85,71,,tuttosuperenalotto
2000-089,2000-11-04,89,19,21,28,50,53,62,64,,tuttosuperenalotto
2000-090,2000-11-08,90,22,42,50,53,78,83,40,,tuttosuperenalotto
2000-091,2000-11-11,91,9,27,45,66,68,71,83,,tuttosuperenalotto
2000-092,2000-11-15,92,1,25,26,28,53,79,73,,tuttosuperenalotto
2000-093,2000-11-18,93,3,21,42,49,64,85,66,,tuttosuperenalotto
2000-094,2000-11-22,94,14,25,39,50,72,89,59,,tuttosuperenalotto
2000-095,2000-11-25,95,3,14,49,52,65,81,42,,tuttosuperenalotto
2000-096,2000-11-29,96,13,17,29,32,35,49,56,,tuttosuperenalotto
2000-097,2000-12-02,97,6,11,17,18,20,59,55,,tuttosuperenalotto
2000-098,2000-12-06,98,9,16,48,70,75,77,64,,tuttosuperenalotto
2000-099,2000-12-09,99,39,55,62,77,82,88,78,,tuttosuperenalotto
2000-100,2000-12-13,100,8,54,62,63,66,84,45,,tuttosuperenalotto
2000-101,2000-12-16,101,23,33,36,55,76,79,44,,tuttosuperenalotto
2000-102,2000-12-20,102,26,36,43,47,64,90,23,,tuttosuperenalotto
2000-103,2000-12-23,103,11,33,59,68,84,85,62,,tuttosuperenalotto
2000-104,2000-12-27,104,1,5,14,20,39,58,76,,tuttosuperenalotto
2000-105,2000-12-30,105,1,8,26,33,47,70,72,,tuttosuperenalotto
2001-001,2001-01-03,1,15,25,26,33,41,62,51,,tuttosuperenalotto
2001-002,2001-01-08,2,16,19,61,69,72,84,59,,tuttosuperenalotto
2001-003,2001-01-10,3,8,14,30,31,35,76,75,,tuttosuperenalotto
2001-004,2001-01-13,4,44,50,57,81,83,90,5,,tuttosuperenalotto
2001-005,2001-01-17,5,16,22,35,41,53,62,71,,tuttosuperenalotto
2001-006,2001-01-20,6,14,25,28,42,82,90,31,,tuttosuperenalotto
2001-007,2001-01-24,7,29,42,56,65,80,90,78,,tuttosuperenalotto
2001-008,2001-01-27,8,2,6,18,20,49,83,15,,tuttosuperenalotto
2001-009,2001-01-31,9,28,46,65,70,77,86,53,,tuttosuperenalotto
2001-010,2001-02-03,10,2,8,13,39,47,89,33,,tuttosuperenalotto
2001-011,2001-02-07,11,4,23,56,63,71,89,84,,tuttosuperenalotto
2001-012,2001-02-10,12,4,36,41,49,56,82,62,,tuttosuperenalotto
2001-013,2001-02-14,13,15,22,38,62,83,86,57,,tuttosuperenalotto
2001-014,2001-02-17,14,9,17,30,37,40,46,74,,tuttosuperenalotto
2001-015,2001-02-21,15,6,28,46,55,56,62,64,,tuttosuperenalotto
2001-016,2001-02-24,16,25,26,75,78,79,80,56,,tuttosuperenalotto
2001-017,2001-02-28,17,33,43,59,77,83,86,12,,tuttosuperenalotto
2001-018,2001-03-03,18,5,13,18,40,51,56,82,,tuttosuperenalotto
2001-019,2001-03-07,19,32,34,40,45,65,71,89,,tuttosuperenalotto
2001-020,2001-03-10,20,18,39,61,68,74,75,22,,tuttosuperenalotto
2001-021,2001-03-14,21,28,35,36,62,66,70,67,,tuttosuperenalotto
2001-022,2001-03-17,22,8,19,46,49,73,85,72,,tuttosuperenalotto
2001-023,2001-03-21,23,39,43,56,61,65,81,28,,tuttosuperenalotto
2001-024,2001-03-24,24,2,8,24,36,80,84,79,,tuttosuperenalotto
2001-025,2001-03-28,25,11,39,63,64,74,88,28,,tuttosuperenalotto
2001-026,2001-03-31,26,12,14,17,32,50,58,13,,tuttosuperenalotto
2001-027,2001-04-04,27,2,23,48,57,63,89,11,,tuttosuperenalotto
2001-028,2001-04-07,28,5,12,40,61,63,88,31,,tuttosuperenalotto
2001-029,2001-04-11,29,11,41,52,71,81,89,38,,tuttosuperenalotto
2001-030,2001-04-14,30,10,11,64,74,82,88,33,,tuttosuperenalotto
2001-031,2001-04-18,31,10,26,32,41,42,54,31,,tuttosuperenalotto
2001-032,2001-04-21,32,2,7,12,31,38,71,63,,tuttosuperenalotto
2001-033,2001-04-26,33,4,22,27,45,58,86,55,,tuttosuperenalotto
2001-034,2001-04-28,34,2,14,32,43,44,55,12,,tuttosuperenalotto
2001-035,2001-05-02,35,2,45,59,70,75,82,26,,tuttosuperenalotto
2001-036,2001-05-05,36,9,22,26,67,71,89,36,,tuttosuperenalotto
2001-037,2001-05-09,37,7,30,47,76,83,89,11,,tuttosuperenalotto
2001-038,2001-05-12,38,3,32,37,42,43,89,57,,tuttosuperenalotto
2001-039,2001-05-16,39,13,15,18,49,65,73,67,,tuttosuperenalotto
2001-040,2001-05-19,40,6,36,52,68,80,81,87,,tuttosuperenalotto
2001-041,2001-05-23,41,8,39,55,56,57,63,45,,tuttosuperenalotto
2001-042,2001-05-26,42,5,26,37,43,45,64,54,,tuttosuperenalotto
2001-043,2001-05-30,43,11,18,42,44,45,83,7,,tuttosuperenalotto
2001-044,2001-06-04,44,36,48,70,77,82,88,37,,tuttosuperenalotto
2001-045,2001-06-06,45,7,18,44,48,51,63,73,,tuttosuperenalotto
2001-046,2001-06-09,46,4,18,24,29,41,59,40,,tuttosuperenalotto
2001-047,2001-06-13,47,58,61,70,78,84,87,83,,tuttosuperenalotto
2001-048,2001-06-16,48,7,12,19,21,60,81,4,,tuttosuperenalotto
2001-049,2001-06-20,49,25,32,34,54,64,83,56,,tuttosuperenalotto
2001-050,2001-06-23,50,4,15,22,34,77,87,81,,tuttosuperenalotto
2001-051,2001-06-27,51,16,20,27,31,32,77,14,,tuttosuperenalotto
2001-052,2001-06-30,52,22,31,45,68,84,88,54,,tuttosuperenalotto
2001-053,2001-07-04,53,13,29,40,61,73,81,4,,tuttosuperenalotto
2001-054,2001-07-07,54,10,50,53,78,82,86,90,,tuttosuperenalotto
2001-055,2001-07-11,55,7,10,23,33,68,85,30,,tuttosuperenalotto
2001-056,2001-07-14,56,1,31,44,59,64,77,53,,tuttosuperenalotto
2001-057,2001-07-18,57,4,22,37,43,63,80,46,,tuttosuperenalotto
2001-058,2001-07-21,58,3,9,35,65,80,84,26,,tuttosuperenalotto
2001-059,2001-07-25,59,39,56,64,75,76,90,53,,tuttosuperenalotto
2001-060,2001-07-28,60,27,31,34,47,58,75,62,,tuttosuperenalotto
2001-061,2001-08-01,61,5,39,43,53,63,82,33,,tuttosuperenalotto
2001-062,2001-08-04,62,5,22,49,63,65,66,76,,tuttosuperenalotto
2001-063,2001-08-08,63,1,8,14,27,83,87,5,,tuttosuperenalotto
2001-064,2001-08-11,64,21,25,31,44,49,52,61,,tuttosuperenalotto
2001-065,2001-08-16,65,7,58,61,62,73,74,79,,tuttosuperenalotto
2001-066,2001-08-18,66,6,7,14,53,54,85,3,,tuttosuperenalotto
2001-067,2001-08-22,67,10,12,38,57,72,84,11,,tuttosuperenalotto
2001-068,2001-08-25,68,1,9,27,36,68,70,85,,tuttosuperenalotto
2001-069,2001-08-29,69,5,11,44,57,86,90,39,,tuttosuperenalotto
2001-070,2001-09-01,70,10,11,16,45,46,55,31,,tuttosuperenalotto
2001-071,2001-09-05,71,8,43,53,69,74,79,75,,tuttosuperenalotto
2001-072,2001-09-08,72,12,25,49,53,67,73,37,,tuttosuperenalotto
2001-073,2001-09-12,73,3,5,10,32,44,75,49,,tuttosuperenalotto
2001-074,2001-09-15,74,2,14,38,53,56,71,48,,tuttosuperenalotto
2001-075,2001-09-19,75,10,21,30,45,55,57,64,,tuttosuperenalotto
2001-076,2001-09-22,76,22,26,27,28,72,73,1,,tuttosuperenalotto
2001-077,2001-09-26,77,14,62,69,70,86,88,9,,tuttosuperenalotto
2001-078,2001-09-29,78,3,4,7,55,61,77,75,,tuttosuperenalotto
2001-079,2001-10-03,79,14,42,45,49,71,86,72,,tuttosuperenalotto
2001-080,2001-10-06,80,3,11,43,50,85,88,45,,tuttosuperenalotto
2001-081,2001-10-10,81,14,35,37,52,66,72,12,,tuttosuperenalotto
2001-082,2001-10-13,82,13,28,45,58,70,86,60,,tuttosuperenalotto
2001-083,2001-10-17,83,18,49,60,64,80,84,79,,tuttosuperenalotto
2001-084,2001-10-20,84,16,19,20,30,31,47,83,,tuttosuperenalotto
2001-085,2001-10-24,85,12,23,48,70,85,86,78,,tuttosuperenalotto
2001-086,2001-10-27,86,25,32,36,46,57,58,73,,tuttosuperenalotto
2001-087,2001-10-31,87,5,11,17,21,28,63,50,,tuttosuperenalotto
2001-088,2001-11-03,88,7,24,30,59,66,89,74,,tuttosuperenalotto
2001-089,2001-11-07,89,8,10,23,35,40,46,9,,tuttosuperenalotto
2001-090,2001-11-10,90,1,34,42,50,70,72,11,,tuttosuperenalotto
2001-091,2001-11-14,91,3,4,16,36,74,89,40,,tuttosuperenalotto
2001-092,2001-11-17,92,1,7,10,23,66,88,18,,tuttosuperenalotto
2001-093,2001-11-21,93,14,53,55,65,83,87,74,,tuttosuperenalotto
2001-094,2001-11-24,94,6,7,16,51,62,83,36,,tuttosuperenalotto
2001-095,2001-11-28,95,21,32,35,40,66,83,50,,tuttosuperenalotto
2001-096,2001-12-01,96,32,48,50,55,58,86,4,,tuttosuperenalotto
2001-097,2001-12-05,97,14,32,47,48,63,79,46,,tuttosuperenalotto
2001-098,2001-12-10,98,5,19,40,51,85,87,88,,tuttosuperenalotto
2001-099,2001-12-12,99,4,14,20,61,75,78,56,,tuttosuperenalotto
2001-100,2001-12-15,100,1,14,68,70,75,83,89,,tuttosuperenalotto
2001-101,2001-12-19,101,19,25,49,53,81,84,64,,tuttosuperenalotto
2001-102,2001-12-22,102,3,21,32,48,59,68,18,,tuttosuperenalotto
2001-103,2001-12-27,103,20,21,26,53,80,90,4,,tuttosuperenalotto
2001-104,2001-12-29,104,24,26,49,53,68,83,29,,tuttosuperenalotto
2001-105,2001-12-31,105,41,51,54,63,66,69,35,,tuttosuperenalotto
2002-001,2002-01-02,1,23,31,33,39,74,84,45,,tuttosuperenalotto
2002-002,2002-01-05,2,50,52,54,76,77,86,64,,tuttosuperenalotto
2002-003,2002-01-09,3,15,30,37,52,61,87,10,,tuttosuperenalotto
2002-004,2002-01-12,4,12,26,45,75,82,84,33,,tuttosuperenalotto
2002-005,2002-01-16,5,3,13,20,35,46,58,71,,tuttosuperenalotto
2002-006,2002-01-19,6,15,19,30,46,47,71,72,,tuttosuperenalotto
2002-007,2002-01-23,7,12,41,52,55,84,85,45,,tuttosuperenalotto
2002-008,2002-01-26,8,25,33,41,51,66,76,28,,tuttosuperenalotto
2002-009,2002-01-30,9,3,6,34,49,79,83,32,,tuttosuperenalotto
2002-010,2002-02-02,10,21,28,60,68,71,88,89,,tuttosuperenalotto
2002-011,2002-02-06,11,29,37,53,62,79,85,51,,tuttosuperenalotto
2002-012,2002-02-09,12,9,35,45,77,85,87,72,,tuttosuperenalotto
2002-013,2002-02-13,13,14,39,53,55,73,87,3,,tuttosuperenalotto
2002-014,2002-02-16,14,6,36,37,59,61,62,38,,tuttosuperenalotto
2002-015,2002-02-20,15,1,61,66,70,78,81,85,,tuttosuperenalotto
2002-016,2002-02-23,16,14,17,56,59,69,88,13,,tuttosuperenalotto
2002-017,2002-02-27,17,29,33,40,47,54,87,27,,tuttosuperenalotto
2002-018,2002-03-02,18,19,26,28,45,86,88,79,,tuttosuperenalotto
2002-019,2002-03-06,19,5,6,32,61,67,85,35,,tuttosuperenalotto
2002-020,2002-03-09,20,44,56,57,76,86,88,19,,tuttosuperenalotto
2002-021,2002-03-13,21,20,40,64,68,76,90,59,,tuttosuperenalotto
2002-022,2002-03-16,22,5,30,34,50,82,84,28,,tuttosuperenalotto
2002-023,2002-03-20,23,15,35,42,45,55,77,43,,tuttosuperenalotto
2002-024,2002-03-23,24,1,29,35,38,45,51,86,,tuttosuperenalotto
2002-025,2002-03-27,25,3,11,16,38,69,82,17,,tuttosuperenalotto
2002-026,2002-03-30,26,30,56,57,73,82,84,41,,tuttosuperenalotto
2002-027,2002-04-03,27,15,37,40,47,64,81,49,,tuttosuperenalotto
2002-028,2002-04-06,28,19,23,29,44,69,89,60,,tuttosuperenalotto
2002-029,2002-04-10,29,2,28,43,57,79,90,15,,tuttosuperenalotto
2002-030,2002-04-13,30,18,21,76,79,80,84,57,,tuttosuperenalotto
2002-031,2002-04-17,31,24,27,35,43,64,88,8,,tuttosuperenalotto
2002-032,2002-04-20,32,19,42,45,51,62,88,18,,tuttosuperenalotto
2002-033,2002-04-24,33,27,42,45,62,74,87,2,,tuttosuperenalotto
2002-034,2002-04-27,34,21,37,41,45,60,71,23,,tuttosuperenalotto
2002-035,2002-05-02,35,7,15,17,26,36,54,10,,tuttosuperenalotto
2002-036,2002-05-04,36,1,6,60,61,69,86,3,,tuttosuperenalotto
2002-037,2002-05-08,37,25,55,57,67,69,86,2,,tuttosuperenalotto
2002-038,2002-05-11,38,10,17,51,54,62,65,81,,tuttosuperenalotto
2002-039,2002-05-15,39,23,26,34,35,71,84,53,,tuttosuperenalotto
2002-040,2002-05-18,40,13,28,31,58,59,79,45,,tuttosuperenalotto
2002-041,2002-05-22,41,12,26,27,42,66,89,41,,tuttosuperenalotto
2002-042,2002-05-25,42,40,46,49,62,77,88,2,,tuttosuperenalotto
2002-043,2002-05-29,43,21,36,38,72,79,82,25,,tuttosuperenalotto
2002-044,2002-06-01,44,38,50,58,80,85,90,84,,tuttosuperenalotto
2002-045,2002-06-05,45,4,41,43,51,85,89,64,,tuttosuperenalotto
2002-046,2002-06-08,46,1,38,70,75,83,86,52,,tuttosuperenalotto
2002-047,2002-06-12,47,37,51,58,62,63,86,78,,tuttosuperenalotto
2002-048,2002-06-15,48,8,16,33,64,71,86,90,,tuttosuperenalotto
2002-049,2002-06-19,49,22,24,30,58,60,89,26,,tuttosuperenalotto
2002-050,2002-06-22,50,16,37,42,46,60,64,11,,tuttosuperenalotto
2002-051,2002-06-26,51,9,11,17,38,81,88,46,,tuttosuperenalotto
2002-052,2002-06-29,52,1,4,50,66,69,77,42,,tuttosuperenalotto
2002-053,2002-07-03,53,14,21,34,37,66,73,74,,tuttosuperenalotto
2002-054,2002-07-06,54,3,15,28,76,83,86,56,,tuttosuperenalotto
2002-055,2002-07-10,55,19,37,50,73,75,85,61,,tuttosuperenalotto
2002-056,2002-07-13,56,21,38,63,70,71,83,7,,tuttosuperenalotto
2002-057,2002-07-17,57,17,20,44,57,71,76,14,,tuttosuperenalotto
2002-058,2002-07-20,58,11,19,57,63,84,89,35,,tuttosuperenalotto
2002-059,2002-07-24,59,5,17,44,62,80,88,69,,tuttosuperenalotto
2002-060,2002-07-27,60,11,20,24,31,40,49,88,,tuttosuperenalotto
2002-061,2002-07-31,61,8,12,36,62,68,81,51,,tuttosuperenalotto
2002-062,2002-08-03,62,23,26,32,52,71,75,35,,tuttosuperenalotto
2002-063,2002-08-07,63,7,8,53,72,82,84,22,,tuttosuperenalotto
2002-064,2002-08-10,64,16,29,32,40,48,70,38,,tuttosuperenalotto
2002-065,2002-08-14,65,5,7,20,25,38,59,63,,tuttosuperenalotto
2002-066,2002-08-17,66,15,30,33,35,87,88,90,,tuttosuperenalotto
2002-067,2002-08-21,67,17,23,33,44,46,69,7,,tuttosuperenalotto
2002-068,2002-08-24,68,8,25,26,38,66,79,49,,tuttosuperenalotto
2002-069,2002-08-28,69,1,7,42,49,77,88,46,,tuttosuperenalotto
2002-070,2002-08-31,70,21,28,29,36,45,54,5,,tuttosuperenalotto
2002-071,2002-09-04,71,10,41,52,53,61,88,89,,tuttosuperenalotto
2002-072,2002-09-07,72,16,51,57,64,72,90,63,,tuttosuperenalotto
2002-073,2002-09-11,73,16,23,55,83,86,89,9,,tuttosuperenalotto
2002-074,2002-09-14,74,20,23,30,44,78,88,56,,tuttosuperenalotto
2002-075,2002-09-18,75,11,18,55,77,81,85,58,,tuttosuperenalotto
2002-076,2002-09-21,76,1,10,16,51,76,89,49,,tuttosuperenalotto
2002-077,2002-09-25,77,23,50,54,56,78,83,65,,tuttosuperenalotto
2002-078,2002-09-28,78,34,56,61,62,70,77,59,,tuttosuperenalotto
2002-079,2002-10-02,79,14,18,54,63,70,87,74,,tuttosuperenalotto
2002-080,2002-10-05,80,9,15,25,40,44,71,84,,tuttosuperenalotto
2002-081,2002-10-09,81,21,22,52,59,65,76,40,,tuttosuperenalotto
2002-082,2002-10-12,82,1,2,8,12,48,66,28,,tuttosuperenalotto
2002-083,2002-10-16,83,10,27,37,57,66,78,9,,tuttosuperenalotto
2002-084,2002-10-19,84,10,21,23,35,55,89,53,,tuttosuperenalotto
2002-085,2002-10-23,85,40,43,46,57,77,82,47,,tuttosuperenalotto
2002-086,2002-10-26,86,27,70,73,84,88,90,4,,tuttosuperenalotto
2002-087,2002-10-30,87,13,15,36,78,82,86,67,,tuttosuperenalotto
2002-088,2002-11-02,88,1,15,22,33,42,80,53,,tuttosuperenalotto
2002-089,2002-11-06,89,11,13,25,59,61,87,77,,tuttosuperenalotto
2002-090,2002-11-09,90,12,34,39,52,61,83,7,,tuttosuperenalotto
2002-091,2002-11-13,91,5,44,45,53,73,89,41,,tuttosuperenalotto
2002-092,2002-11-16,92,5,11,23,47,58,60,8,,tuttosuperenalotto
2002-093,2002-11-20,93,18,26,44,51,63,90,68,,tuttosuperenalotto
2002-094,2002-11-23,94,14,42,68,69,80,85,54,,tuttosuperenalotto
2002-095,2002-11-27,95,10,16,20,26,48,56,63,,tuttosuperenalotto
2002-096,2002-11-30,96,17,34,35,56,65,85,61,,tuttosuperenalotto
2002-097,2002-12-03,97,4,5,11,26,34,36,72,,tuttosuperenalotto
2002-098,2002-12-05,98,14,17,21,31,33,69,78,,tuttosuperenalotto
2002-099,2002-12-07,99,6,17,23,55,56,68,41,,tuttosuperenalotto
2002-100,2002-12-10,100,22,31,63,76,78,79,58,,tuttosuperenalotto
2002-101,2002-12-12,101,3,8,21,33,46,86,37,,tuttosuperenalotto
2002-102,2002-12-14,102,14,35,36,47,58,69,89,,tuttosuperenalotto
2002-103,2002-12-17,103,5,27,30,31,34,86,87,,tuttosuperenalotto
2002-104,2002-12-19,104,18,27,49,59,81,88,17,,tuttosuperenalotto
2002-105,2002-12-21,105,2,27,52,65,70,82,90,,tuttosuperenalotto
2002-106,2002-12-24,106,1,3,6,42,81,83,87,,tuttosuperenalotto
2002-107,2002-12-27,107,33,41,49,50,73,87,27,,tuttosuperenalotto
2002-108,2002-12-28,108,14,17,62,75,76,85,35,,tuttosuperenalotto
2002-109,2002-12-31,109,24,31,37,45,71,81,72,,tuttosuperenalotto
2003-001,2003-01-02,1,6,18,34,43,58,80,8,,tuttosuperenalotto
2003-002,2003-01-04,2,16,17,26,28,37,85,55,,tuttosuperenalotto
2003-003,2003-01-08,3,5,26,49,50,73,90,65,,tuttosuperenalotto
2003-004,2003-01-11,4,11,12,27,39,67,90,34,,tuttosuperenalotto
2003-005,2003-01-15,5,2,46,49,56,82,84,37,,tuttosuperenalotto
2003-006,2003-01-18,6,50,62,70,75,82,90,74,,tuttosuperenalotto
2003-007,2003-01-22,7,51,57,58,69,86,89,7,,tuttosuperenalotto
2003-008,2003-01-25,8,33,37,41,56,65,82,10,,tuttosuperenalotto
2003-009,2003-01-29,9,5,11,22,27,36,90,84,,tuttosuperenalotto
2003-010,2003-02-01,10,14,24,40,56,81,90,20,,tuttosuperenalotto
2003-011,2003-02-05,11,12,18,54,71,80,85,24,,tuttosuperenalotto
2003-012,2003-02-08,12,3,14,31,32,64,79,50,,tuttosuperenalotto
2003-013,2003-02-12,13,14,22,24,34,60,85,61,,tuttosuperenalotto
2003-014,2003-02-15,14,3,9,12,36,71,85,8,,tuttosuperenalotto
2003-015,2003-02-19,15,12,19,51,61,62,90,1,,tuttosuperenalotto
2003-016,2003-02-22,16,17,41,45,81,82,88,39,,tuttosuperenalotto
2003-017,2003-02-26,17,1,41,48,49,84,87,80,,tuttosuperenalotto
2003-018,2003-03-01,18,8,12,27,72,80,84,19,,tuttosuperenalotto
2003-019,2003-03-05,19,29,40,57,67,76,79,87,,tuttosuperenalotto
2003-020,2003-03-08,20,8,27,34,42,83,88,24,,tuttosuperenalotto
2003-021,2003-03-12,21,5,27,30,58,78,82,68,,tuttosuperenalotto
2003-022,2003-03-15,22,23,27,43,56,71,75,58,,tuttosuperenalotto
2003-023,2003-03-19,23,1,17,46,58,67,75,41,,tuttosuperenalotto
2003-024,2003-03-22,24,32,34,37,49,52,68,71,,tuttosuperenalotto
2003-025,2003-03-26,25,15,37,43,51,61,89,79,,tuttosuperenalotto
2003-026,2003-03-29,26,1,31,54,80,81,85,26,,tuttosuperenalotto
2003-027,2003-04-02,27,27,28,40,63,67,78,83,,tuttosuperenalotto
2003-028,2003-04-05,28,12,18,47,63,75,81,60,,tuttosuperenalotto
2003-029,2003-04-09,29,4,14,16,44,76,77,15,,tuttosuperenalotto
2003-030,2003-04-12,30,4,61,63,79,84,85,3,,tuttosuperenalotto
2003-031,2003-04-16,31,15,22,37,64,88,90,26,,tuttosuperenalotto
2003-032,2003-04-19,32,11,26,45,53,69,75,64,,tuttosuperenalotto
2003-033,2003-04-23,33,11,21,40,66,68,83,89,,tuttosuperenalotto
2003-034,2003-04-26,34,10,18,26,39,62,68,86,,tuttosuperenalotto
2003-035,2003-04-30,35,35,38,60,68,74,86,53,,tuttosuperenalotto
2003-036,2003-05-03,36,2,6,12,17,19,63,50,,tuttosuperenalotto
2003-037,2003-05-07,37,1,2,4,19,26,89,6,,tuttosuperenalotto
2003-038,2003-05-10,38,22,38,46,47,77,86,53,,tuttosuperenalotto
2003-039,2003-05-14,39,16,21,38,44,67,87,28,,tuttosuperenalotto
2003-040,2003-05-17,40,5,39,61,75,79,90,38,,tuttosuperenalotto
2003-041,2003-05-21,41,5,28,48,53,75,88,4,,tuttosuperenalotto
2003-042,2003-05-24,42,12,35,54,58,61,65,60,,tuttosuperenalotto
2003-043,2003-05-28,43,40,44,62,76,85,90,10,,tuttosuperenalotto
2003-044,2003-05-31,44,30,44,47,48,53,56,72,,tuttosuperenalotto
2003-045,2003-06-04,45,17,29,35,45,76,84,51,,tuttosuperenalotto
2003-046,2003-06-07,46,15,37,38,57,76,87,30,,tuttosuperenalotto
2003-047,2003-06-11,47,7,32,40,43,47,87,5,,tuttosuperenalotto
2003-048,2003-06-14,48,6,25,46,59,71,83,61,,tuttosuperenalotto
2003-049,2003-06-18,49,2,12,26,30,65,74,39,,tuttosuperenalotto
2003-050,2003-06-21,50,7,19,39,45,48,86,90,,tuttosuperenalotto
2003-051,2003-06-25,51,1,9,40,59,73,74,70,,tuttosuperenalotto
2003-052,2003-06-28,52,14,18,34,48,49,74,4,,tuttosuperenalotto
2003-053,2003-07-02,53,9,13,16,17,34,57,37,,tuttosuperenalotto
2003-054,2003-07-05,54,50,62,68,70,74,80,22,,tuttosuperenalotto
2003-055,2003-07-09,55,36,38,39,66,76,83,3,,tuttosuperenalotto
2003-056,2003-07-12,56,10,11,46,80,83,88,15,,tuttosuperenalotto
2003-057,2003-07-16,57,15,18,29,37,47,50,22,,tuttosuperenalotto
2003-058,2003-07-19,58,7,14,27,47,80,87,33,,tuttosuperenalotto
2003-059,2003-07-23,59,1,10,35,57,67,78,85,,tuttosuperenalotto
2003-060,2003-07-26,60,3,4,8,28,77,86,68,,tuttosuperenalotto
2003-061,2003-07-30,61,7,18,46,74,82,90,60,,tuttosuperenalotto
2003-062,2003-08-02,62,12,41,45,51,66,77,40,,tuttosuperenalotto
2003-063,2003-08-06,63,8,21,24,42,72,73,51,,tuttosuperenalotto
2003-064,2003-08-09,64,37,48,55,76,87,90,71,,tuttosuperenalotto
2003-065,2003-08-13,65,9,11,39,44,49,86,47,,tuttosuperenalotto
2003-066,2003-08-16,66,35,52,55,61,80,83,36,,tuttosuperenalotto
2003-067,2003-08-20,67,8,9,10,18,42,63,49,,tuttosuperenalotto
2003-068,2003-08-23,68,6,42,68,70,75,87,73,,tuttosuperenalotto
2003-069,2003-08-27,69,1,8,22,28,64,77,21,,tuttosuperenalotto
2003-070,2003-08-30,70,2,5,36,61,86,88,44,,tuttosuperenalotto
2003-071,2003-09-03,71,18,45,47,56,77,78,52,,tuttosuperenalotto
2003-072,2003-09-06,72,16,17,49,50,74,81,19,,tuttosuperenalotto
2003-073,2003-09-10,73,39,50,51,64,72,81,18,,tuttosuperenalotto
2003-074,2003-09-13,74,1,18,34,39,48,64,8,,tuttosuperenalotto
2003-075,2003-09-17,75,25,33,64,67,68,73,58,,tuttosuperenalotto
2003-076,2003-09-20,76,42,44,51,64,65,77,35,,tuttosuperenalotto
2003-077,2003-09-24,77,3,26,39,41,56,61,82,,tuttosuperenalotto
2003-078,2003-09-27,78,17,52,55,65,82,90,85,,tuttosuperenalotto
2003-079,2003-10-01,79,17,55,66,81,86,89,19,,tuttosuperenalotto
2003-080,2003-10-04,80,22,62,68,73,75,87,47,,tuttosuperenalotto
2003-081,2003-10-08,81,1,8,26,41,70,84,2,,tuttosuperenalotto
2003-082,2003-10-11,82,13,16,25,45,47,55,22,,tuttosuperenalotto
2003-083,2003-10-15,83,11,26,30,34,43,73,40,,tuttosuperenalotto
2003-084,2003-10-18,84,1,4,14,41,44,82,30,,tuttosuperenalotto
2003-085,2003-10-22,85,14,15,64,76,80,86,81,,tuttosuperenalotto
2003-086,2003-10-25,86,49,54,55,62,66,88,12,,tuttosuperenalotto
2003-087,2003-10-29,87,2,12,20,52,54,63,69,,tuttosuperenalotto
2003-088,2003-11-03,88,9,25,37,73,80,81,13,,tuttosuperenalotto
2003-089,2003-11-05,89,13,14,24,29,73,79,46,,tuttosuperenalotto
2003-090,2003-11-08,90,7,30,43,52,57,82,75,,tuttosuperenalotto
2003-091,2003-11-12,91,18,29,32,55,79,82,52,,tuttosuperenalotto
2003-092,2003-11-15,92,35,54,78,81,86,88,50,,tuttosuperenalotto
2003-093,2003-11-19,93,2,11,23,31,40,86,29,,tuttosuperenalotto
2003-094,2003-11-22,94,3,27,54,65,81,83,58,,tuttosuperenalotto
2003-095,2003-11-26,95,46,66,68,70,78,79,54,,tuttosuperenalotto
2003-096,2003-11-29,96,38,50,63,65,84,88,26,,tuttosuperenalotto
2003-097,2003-12-03,97,7,20,29,55,71,81,59,,tuttosuperenalotto
2003-098,2003-12-06,98,1,2,18,27,43,47,78,,tuttosuperenalotto
2003-099,2003-12-10,99,6,37,62,73,79,90,48,,tuttosuperenalotto
2003-100,2003-12-13,100,20,48,50,58,65,78,62,,tuttosuperenalotto
2003-101,2003-12-17,101,1,3,42,48,73,83,4,,tuttosuperenalotto
2003-102,2003-12-20,102,3,36,40,42,54,59,64,,tuttosuperenalotto
2003-103,2003-12-24,103,3,19,33,36,72,84,54,,tuttosuperenalotto
2003-104,2003-12-27,104,7,19,37,51,53,74,77,,tuttosuperenalotto
2003-105,2003-12-31,105,3,15,31,36,43,82,57,,tuttosuperenalotto
2004-001,2004-01-03,1,29,32,36,72,77,82,20,,tuttosuperenalotto
2004-002,2004-01-07,2,2,33,41,56,62,74,14,,tuttosuperenalotto
2004-003,2004-01-10,3,15,25,26,32,51,61,63,,tuttosuperenalotto
2004-004,2004-01-14,4,5,15,59,65,70,82,14,,tuttosuperenalotto
2004-005,2004-01-17,5,4,6,19,40,60,79,89,,tuttosuperenalotto
2004-006,2004-01-21,6,3,36,53,64,80,90,4,,tuttosuperenalotto
2004-007,2004-01-24,7,22,27,48,52,81,83,43,,tuttosuperenalotto
2004-008,2004-01-28,8,7,41,48,54,72,88,12,,tuttosuperenalotto
2004-009,2004-01-31,9,4,11,26,53,63,66,8,,tuttosuperenalotto
2004-010,2004-02-04,10,11,30,51,54,88,90,2,,tuttosuperenalotto
2004-011,2004-02-07,11,17,24,34,59,72,82,40,,tuttosuperenalotto
2004-012,2004-02-11,12,12,19,38,43,52,85,33,,tuttosuperenalotto
2004-013,2004-02-14,13,17,35,41,81,82,86,13,,tuttosuperenalotto
2004-014,2004-02-18,14,12,20,55,79,81,82,2,,tuttosuperenalotto
2004-015,2004-02-21,15,4,13,18,58,71,84,3,,tuttosuperenalotto
2004-016,2004-02-25,16,66,72,76,77,81,85,82,,tuttosuperenalotto
2004-017,2004-02-28,17,11,29,60,61,82,84,33,,tuttosuperenalotto
2004-018,2004-03-03,18,12,23,52,69,75,85,43,,tuttosuperenalotto
2004-019,2004-03-06,19,8,19,25,49,50,54,40,,tuttosuperenalotto
2004-020,2004-03-10,20,30,52,55,65,71,80,39,,tuttosuperenalotto
2004-021,2004-03-13,21,4,8,12,44,77,88,71,,tuttosuperenalotto
2004-022,2004-03-17,22,5,17,53,56,61,83,86,,tuttosuperenalotto
2004-023,2004-03-20,23,21,41,60,69,71,83,65,,tuttosuperenalotto
2004-024,2004-03-24,24,24,50,58,69,87,88,3,,tuttosuperenalotto
2004-025,2004-03-27,25,4,15,39,41,49,68,34,,tuttosuperenalotto
2004-026,2004-03-31,26,32,40,45,47,56,71,64,,tuttosuperenalotto
2004-027,2004-04-03,27,6,7,13,35,56,87,48,,tuttosuperenalotto
2004-028,2004-04-07,28,4,16,17,52,62,67,49,,tuttosuperenalotto
2004-029,2004-04-10,29,3,9,41,69,74,79,89,,tuttosuperenalotto
2004-030,2004-04-14,30,24,51,64,69,71,77,63,,tuttosuperenalotto
2004-031,2004-04-17,31,3,14,50,59,82,84,2,,tuttosuperenalotto
2004-032,2004-04-21,32,29,61,62,69,80,85,5,,tuttosuperenalotto
2004-033,2004-04-24,33,7,19,27,51,63,86,62,,tuttosuperenalotto
2004-034,2004-04-28,34,35,42,60,88,89,90,86,,tuttosuperenalotto
2004-035,2004-05-03,35,2,7,24,56,82,85,62,,tuttosuperenalotto
2004-036,2004-05-05,36,2,22,37,46,57,74,63,,tuttosuperenalotto
2004-037,2004-05-08,37,3,34,62,63,72,73,15,,tuttosuperenalotto
2004-038,2004-05-12,38,13,14,40,66,79,85,80,,tuttosuperenalotto
2004-039,2004-05-15,39,14,46,49,60,77,86,33,,tuttosuperenalotto
2004-040,2004-05-19,40,9,22,36,47,69,85,78,,tuttosuperenalotto
2004-041,2004-05-22,41,14,33,35,46,50,66,44,,tuttosuperenalotto
2004-042,2004-05-26,42,26,65,73,76,81,90,13,,tuttosuperenalotto
2004-043,2004-05-29,43,1,5,16,60,84,86,57,,tuttosuperenalotto
2004-044,2004-06-03,44,13,16,42,61,63,81,10,,tuttosuperenalotto
2004-045,2004-06-05,45,29,34,37,55,62,78,24,,tuttosuperenalotto
2004-046,2004-06-09,46,1,2,26,31,42,64,11,,tuttosuperenalotto
2004-047,2004-06-12,47,38,44,46,55,67,85,29,,tuttosuperenalotto
2004-048,2004-06-16,48,20,55,59,73,87,90,40,,tuttosuperenalotto
2004-049,2004-06-19,49,4,8,11,36,55,83,49,,tuttosuperenalotto
2004-050,2004-06-23,50,11,15,58,66,74,79,3,,tuttosuperenalotto
2004-051,2004-06-26,51,18,37,40,45,54,56,57,,tuttosuperenalotto
2004-052,2004-06-30,52,10,22,34,43,62,68,40,,tuttosuperenalotto
2004-053,2004-07-03,53,14,18,22,27,39,58,43,,tuttosuperenalotto
2004-054,2004-07-07,54,14,23,29,44,48,74,73,,tuttosuperenalotto
2004-055,2004-07-10,55,13,30,47,66,74,81,70,,tuttosuperenalotto
2004-056,2004-07-14,56,8,18,26,36,41,52,90,,tuttosuperenalotto
2004-057,2004-07-17,57,29,53,54,72,76,90,20,,tuttosuperenalotto
2004-058,2004-07-21,58,8,13,31,42,58,88,46,,tuttosuperenalotto
2004-059,2004-07-24,59,5,17,18,27,33,47,80,,tuttosuperenalotto
2004-060,2004-07-28,60,2,13,22,53,60,85,16,,tuttosuperenalotto
2004-061,2004-07-31,61,17,29,63,66,70,89,82,,tuttosuperenalotto
2004-062,2004-08-04,62,12,17,27,44,72,90,11,,tuttosuperenalotto
2004-063,2004-08-07,63,8,29,38,53,77,80,27,,tuttosuperenalotto
2004-064,2004-08-11,64,6,42,43,46,53,70,35,,tuttosuperenalotto
2004-065,2004-08-14,65,29,40,52,59,71,84,60,,tuttosuperenalotto
2004-066,2004-08-18,66,4,19,51,57,66,89,78,,tuttosuperenalotto
2004-067,2004-08-21,67,32,42,55,74,78,88,71,,tuttosuperenalotto
2004-068,2004-08-25,68,1,27,37,42,53,61,70,,tuttosuperenalotto
2004-069,2004-08-28,69,18,35,50,57,67,72,16,,tuttosuperenalotto
2004-070,2004-09-01,70,5,15,66,67,82,84,64,,tuttosuperenalotto
2004-071,2004-09-04,71,35,37,41,43,51,88,2,,tuttosuperenalotto
2004-072,2004-09-08,72,41,43,53,65,67,80,77,,tuttosuperenalotto
2004-073,2004-09-11,73,16,20,43,77,78,84,42,,tuttosuperenalotto
2004-074,2004-09-15,74,8,36,49,59,70,87,73,,tuttosuperenalotto
2004-075,2004-09-18,75,2,21,24,27,42,68,63,,tuttosuperenalotto
2004-076,2004-09-22,76,11,67,72,74,75,77,44,,tuttosuperenalotto
2004-077,2004-09-25,77,2,49,56,76,86,89,10,,tuttosuperenalotto
2004-078,2004-09-29,78,2,11,22,25,60,78,74,,tuttosuperenalotto
2004-079,2004-10-02,79,9,37,41,46,65,79,83,,tuttosuperenalotto
2004-080,2004-10-06,80,3,11,19,28,52,87,72,,tuttosuperenalotto
2004-081,2004-10-09,81,7,32,44,47,65,79,48,,tuttosuperenalotto
2004-082,2004-10-13,82,19,44,57,69,71,87,65,,tuttosuperenalotto
2004-083,2004-10-16,83,12,14,27,35,73,88,66,,tuttosuperenalotto
2004-084,2004-10-20,84,13,33,47,48,70,85,7,,tuttosuperenalotto
2004-085,2004-10-23,85,12,40,51,68,73,77,69,,tuttosuperenalotto
2004-086,2004-10-27,86,10,14,17,56,65,84,25,,tuttosuperenalotto
2004-087,2004-10-30,87,4,13,19,30,53,81,42,,tuttosuperenalotto
2004-088,2004-11-03,88,24,35,39,60,72,75,20,,tuttosuperenalotto
2004-089,2004-11-06,89,13,18,21,31,41,56,33,,tuttosuperenalotto
2004-090,2004-11-10,90,15,51,63,79,83,90,64,,tuttosuperenalotto
2004-091,2004-11-13,91,2,21,33,38,45,46,54,,tuttosuperenalotto
2004-092,2004-11-17,92,19,21,27,47,59,88,29,,tuttosuperenalotto
2004-093,2004-11-20,93,29,30,38,54,66,78,80,,tuttosuperenalotto
2004-094,2004-11-24,94,43,45,46,47,69,90,21,,tuttosuperenalotto
2004-095,2004-11-27,95,27,35,54,61,83,89,57,,tuttosuperenalotto
2004-096,2004-12-01,96,3,41,64,65,74,90,80,,tuttosuperenalotto
2004-097,2004-12-04,97,20,24,38,42,44,79,50,,tuttosuperenalotto
2004-098,2004-12-09,98,6,8,15,18,33,75,87,,tuttosuperenalotto
2004-099,2004-12-11,99,8,41,60,70,73,85,55,,tuttosuperenalotto
2004-100,2004-12-15,100,3,4,15,21,61,67,55,,tuttosuperenalotto
2004-101,2004-12-18,101,11,23,47,48,80,87,89,,tuttosuperenalotto
2004-102,2004-12-22,102,14,15,54,77,80,82,55,,tuttosuperenalotto
2004-103,2004-12-27,103,4,59,68,72,74,87,12,,tuttosuperenalotto
2004-104,2004-12-29,104,2,24,49,56,76,78,44,,tuttosuperenalotto
2005-001,2005-01-03,1,10,21,22,43,61,66,47,,tuttosuperenalotto
2005-002,2005-01-05,2,51,53,63,75,76,87,46,,tuttosuperenalotto
2005-003,2005-01-08,3,11,25,63,72,76,87,59,,tuttosuperenalotto
2005-004,2005-01-12,4,2,12,16,20,24,79,83,,tuttosuperenalotto
2005-005,2005-01-15,5,14,31,34,78,89,90,55,,tuttosuperenalotto
2005-006,2005-01-19,6,7,43,46,70,77,89,38,,tuttosuperenalotto
2005-007,2005-01-22,7,15,45,62,63,80,82,44,,tuttosuperenalotto
2005-008,2005-01-26,8,1,22,24,44,47,79,43,,tuttosuperenalotto
2005-009,2005-01-29,9,1,16,18,43,47,78,59,,tuttosuperenalotto
2005-010,2005-02-02,10,28,32,46,49,85,87,52,,tuttosuperenalotto
2005-011,2005-02-05,11,45,60,67,69,70,87,34,,tuttosuperenalotto
2005-012,2005-02-09,12,23,35,36,51,59,80,53,,tuttosuperenalotto
2005-013,2005-02-12,13,13,18,24,50,58,66,64,,tuttosuperenalotto
2005-014,2005-02-16,14,6,8,18,51,80,89,47,,tuttosuperenalotto
2005-015,2005-02-19,15,22,26,32,38,42,86,85,,tuttosuperenalotto
2005-016,2005-02-23,16,8,17,36,37,60,65,13,,tuttosuperenalotto
2005-017,2005-02-26,17,4,23,28,60,64,65,35,,tuttosuperenalotto
2005-018,2005-03-02,18,15,31,62,68,72,73,25,,tuttosuperenalotto
2005-019,2005-03-05,19,19,21,36,55,77,87,51,,tuttosuperenalotto
2005-020,2005-03-09,20,26,31,50,71,85,87,18,,tuttosuperenalotto
2005-021,2005-03-12,21,2,8,30,74,76,88,37,,tuttosuperenalotto
2005-022,2005-03-16,22,4,10,18,53,75,80,85,,tuttosuperenalotto
2005-023,2005-03-19,23,12,33,40,52,53,85,22,,tuttosuperenalotto
2005-024,2005-03-23,24,11,32,36,52,63,66,26,,tuttosuperenalotto
2005-025,2005-03-26,25,42,55,59,61,70,73,41,,tuttosuperenalotto
2005-026,2005-03-30,26,6,55,61,65,78,89,13,,tuttosuperenalotto
2005-027,2005-04-02,27,7,24,42,49,54,65,44,,tuttosuperenalotto
2005-028,2005-04-06,28,28,41,56,75,83,90,44,,tuttosuperenalotto
2005-029,2005-04-09,29,29,30,61,65,73,81,58,,tuttosuperenalotto
2005-030,2005-04-13,30,1,52,70,73,83,89,56,,tuttosuperenalotto
2005-031,2005-04-16,31,5,13,20,32,38,59,7,,tuttosuperenalotto
2005-032,2005-04-20,32,19,47,56,57,70,71,11,,tuttosuperenalotto
2005-033,2005-04-23,33,1,32,37,68,81,88,74,,tuttosuperenalotto
2005-034,2005-04-27,34,13,15,19,21,82,86,87,,tuttosuperenalotto
2005-035,2005-04-30,35,16,31,53,63,70,81,7,,tuttosuperenalotto
2005-036,2005-05-04,36,1,29,49,53,56,74,67,,tuttosuperenalotto
2005-037,2005-05-07,37,6,11,21,30,58,63,5,,tuttosuperenalotto
2005-038,2005-05-11,38,5,55,68,69,70,76,14,,tuttosuperenalotto
2005-039,2005-05-14,39,6,16,44,45,89,90,82,,tuttosuperenalotto
2005-040,2005-05-18,40,5,9,23,40,57,68,66,,tuttosuperenalotto
2005-041,2005-05-21,41,4,15,25,39,45,79,50,,tuttosuperenalotto
2005-042,2005-05-25,42,17,19,35,39,40,51,72,,tuttosuperenalotto
2005-043,2005-05-28,43,2,3,10,15,31,61,37,,tuttosuperenalotto
2005-044,2005-06-01,44,3,7,11,35,69,85,19,,tuttosuperenalotto
2005-045,2005-06-04,45,15,18,35,55,64,88,50,,tuttosuperenalotto
2005-046,2005-06-08,46,6,8,28,29,32,73,59,,tuttosuperenalotto
2005-047,2005-06-11,47,22,35,36,44,74,75,58,,tuttosuperenalotto
2005-048,2005-06-15,48,6,57,58,66,76,80,72,,tuttosuperenalotto
2005-049,2005-06-18,49,7,19,27,54,64,78,86,,tuttosuperenalotto
2005-050,2005-06-21,50,10,13,45,51,65,88,43,,tuttosuperenalotto
2005-051,2005-06-23,51,9,24,56,68,80,86,14,,tuttosuperenalotto
2005-052,2005-06-25,52,4,8,38,60,82,89,88,,tuttosuperenalotto
2005-053,2005-06-28,53,6,8,49,60,72,74,89,,tuttosuperenalotto
2005-054,2005-06-30,54,6,27,42,49,82,86,69,,tuttosuperenalotto
2005-055,2005-07-02,55,1,19,23,50,74,77,18,,tuttosuperenalotto
2005-056,2005-07-05,56,33,39,49,57,76,80,53,,tuttosuperenalotto
2005-057,2005-07-07,57,17,21,40,55,64,79,86,,tuttosuperenalotto
2005-058,2005-07-09,58,2,13,18,51,52,55,64,,tuttosuperenalotto
2005-059,2005-07-12,59,5,24,28,41,51,73,29,,tuttosuperenalotto
2005-060,2005-07-14,60,8,14,41,55,83,85,7,,tuttosuperenalotto
2005-061,2005-07-16,61,8,22,28,36,74,85,79,,tuttosuperenalotto
2005-062,2005-07-19,62,2,15,39,57,62,73,75,,tuttosuperenalotto
2005-063,2005-07-21,63,2,7,16,26,34,80,23,,tuttosuperenalotto
2005-064,2005-07-23,64,41,48,66,81,86,87,50,,tuttosuperenalotto
2005-065,2005-07-26,65,3,17,43,54,75,79,76,,tuttosuperenalotto
2005-066,2005-07-28,66,8,18,25,38,41,43,4,,tuttosuperenalotto
2005-067,2005-07-30,67,25,28,29,54,74,88,2,,tuttosuperenalotto
2005-068,2005-08-02,68,24,34,64,66,68,72,65,,tuttosuperenalotto
2005-069,2005-08-04,69,24,37,64,81,84,90,74,,tuttosuperenalotto
2005-070,2005-08-06,70,1,4,22,24,38,46,61,,tuttosuperenalotto
2005-071,2005-08-09,71,3,8,13,28,50,61,38,,tuttosuperenalotto
2005-072,2005-08-11,72,3,49,68,73,76,80,70,,tuttosuperenalotto
2005-073,2005-08-13,73,7,8,33,39,48,84,23,,tuttosuperenalotto
2005-074,2005-08-16,74,18,22,28,33,57,71,64,,tuttosuperenalotto
2005-075,2005-08-18,75,3,15,49,65,70,72,63,,tuttosuperenalotto
2005-076,2005-08-20,76,24,34,56,72,79,88,18,,tuttosuperenalotto
2005-077,2005-08-23,77,7,22,33,48,86,87,39,,tuttosuperenalotto
2005-078,2005-08-25,78,7,15,33,40,51,64,17,,tuttosuperenalotto
2005-079,2005-08-27,79,11,14,17,35,43,70,54,,tuttosuperenalotto
2005-080,2005-08-30,80,10,29,53,73,78,83,16,,tuttosuperenalotto
2005-081,2005-09-01,81,9,12,20,55,69,81,64,,tuttosuperenalotto
2005-082,2005-09-03,82,3,11,26,36,45,75,1,,tuttosuperenalotto
2005-083,2005-09-06,83,13,22,31,54,55,87,29,,tuttosuperenalotto
2005-084,2005-09-08,84,42,64,79,84,87,89,6,,tuttosuperenalotto
2005-085,2005-09-10,85,20,48,57,65,71,90,39,,tuttosuperenalotto
2005-086,2005-09-13,86,18,21,24,28,74,77,13,,tuttosuperenalotto
2005-087,2005-09-15,87,19,36,44,46,51,89,9,,tuttosuperenalotto
2005-088,2005-09-17,88,13,14,20,22,44,88,1,,tuttosuperenalotto
2005-089,2005-09-20,89,37,40,70,71,75,80,15,,tuttosuperenalotto
2005-090,2005-09-22,90,18,28,34,46,66,82,90,,tuttosuperenalotto
2005-091,2005-09-24,91,4,18,41,52,79,82,39,,tuttosuperenalotto
2005-092,2005-09-27,92,12,33,49,58,69,75,55,,tuttosuperenalotto
2005-093,2005-09-29,93,12,23,29,48,52,78,40,,tuttosuperenalotto
2005-094,2005-10-01,94,44,56,63,71,79,90,88,,tuttosuperenalotto
2005-095,2005-10-04,95,5,25,44,54,65,70,43,,tuttosuperenalotto
2005-096,2005-10-06,96,5,11,13,55,66,71,25,,tuttosuperenalotto
2005-097,2005-10-08,97,15,25,58,61,83,86,77,,tuttosuperenalotto
2005-098,2005-10-11,98,10,25,35,83,87,90,5,,tuttosuperenalotto
2005-099,2005-10-13,99,14,20,35,45,48,66,57,,tuttosuperenalotto
2005-100,2005-10-15,100,13,27,46,68,79,83,32,,tuttosuperenalotto
2005-101,2005-10-18,101,3,33,63,71,78,79,74,,tuttosuperenalotto
2005-102,2005-10-20,102,7,48,53,59,70,76,63,,tuttosuperenalotto
2005-103,2005-10-22,103,24,35,38,61,70,86,58,,tuttosuperenalotto
2005-104,2005-10-25,104,17,39,48,55,57,85,15,,tuttosuperenalotto
2005-105,2005-10-27,105,17,42,62,67,77,79,74,,tuttosuperenalotto
2005-106,2005-10-29,106,3,6,21,24,37,48,13,,tuttosuperenalotto
2005-107,2005-11-02,107,5,31,57,66,81,85,50,,tuttosuperenalotto
2005-108,2005-11-03,108,9,13,17,47,63,81,77,,tuttosuperenalotto
2005-109,2005-11-05,109,13,30,60,67,84,86,78,,tuttosuperenalotto
2005-110,2005-11-08,110,1,13,14,25,72,86,4,,tuttosuperenalotto
2005-111,2005-11-10,111,3,15,23,40,51,60,32,,tuttosuperenalotto
2005-112,2005-11-12,112,11,16,54,56,57,82,41,,tuttosuperenalotto
2005-113,2005-11-15,113,48,59,65,69,84,90,46,,tuttosuperenalotto
2005-114,2005-11-17,114,20,26,30,39,40,55,73,,tuttosuperenalotto
2005-115,2005-11-19,115,12,14,23,36,72,87,89,,tuttosuperenalotto
2005-116,2005-11-22,116,4,16,31,54,70,87,27,,tuttosuperenalotto
2005-117,2005-11-24,117,25,28,34,44,57,80,86,,tuttosuperenalotto
2005-118,2005-11-26,118,23,30,32,41,48,64,78,,tuttosuperenalotto
2005-119,2005-11-29,119,1,12,21,36,40,84,48,,tuttosuperenalotto
2005-120,2005-12-01,120,22,30,43,56,69,78,66,,tuttosuperenalotto
2005-121,2005-12-03,121,24,40,53,60,63,68,56,,tuttosuperenalotto
2005-122,2005-12-06,122,18,38,43,57,73,88,67,,tuttosuperenalotto
2005-123,2005-12-09,123,15,23,35,38,69,89,22,,tuttosuperenalotto
2005-124,2005-12-10,124,20,27,28,46,64,85,68,,tuttosuperenalotto
2005-125,2005-12-13,125,52,59,63,72,75,87,89,,tuttosuperenalotto
2005-126,2005-12-15,126,6,26,42,51,60,79,47,,tuttosuperenalotto
2005-127,2005-12-17,127,20,23,42,70,80,90,39,,tuttosuperenalotto
2005-128,2005-12-20,128,1,17,31,39,49,71,7,,tuttosuperenalotto
2005-129,2005-12-22,129,9,46,54,64,69,72,90,,tuttosuperenalotto
2005-130,2005-12-24,130,26,47,49,66,86,88,44,,tuttosuperenalotto
2005-131,2005-12-27,131,3,5,51,55,82,83,76,,tuttosuperenalotto
2005-132,2005-12-29,132,3,4,17,20,23,54,43,,tuttosuperenalotto
2005-133,2005-12-31,133,57,66,68,70,74,86,87,,tuttosuperenalotto
2006-001,2006-01-03,1,13,14,22,24,46,81,70,,tuttosuperenalotto
2006-002,2006-01-05,2,8,27,29,38,64,82,37,,tuttosuperenalotto
2006-003,2006-01-07,3,43,45,80,81,83,86,77,,tuttosuperenalotto
2006-004,2006-01-10,4,54,58,72,73,82,86,38,,tuttosuperenalotto
2006-005,2006-01-12,5,26,30,38,55,69,75,11,,tuttosuperenalotto
2006-006,2006-01-14,6,30,31,33,44,77,89,51,,tuttosuperenalotto
2006-007,2006-01-17,7,26,27,31,69,78,85,67,,tuttosuperenalotto
2006-008,2006-01-19,8,25,55,60,69,77,81,34,,tuttosuperenalotto
2006-009,2006-01-21,9,7,37,44,45,53,68,57,,tuttosuperenalotto
2006-010,2006-01-24,10,11,13,27,47,82,84,28,,tuttosuperenalotto
2006-011,2006-01-26,11,9,47,59,73,79,88,18,,tuttosuperenalotto
2006-012,2006-01-28,12,25,39,74,76,85,88,58,,tuttosuperenalotto
2006-013,2006-01-31,13,34,38,53,60,72,88,18,,tuttosuperenalotto
2006-014,2006-02-02,14,3,22,29,54,75,84,78,,tuttosuperenalotto
2006-015,2006-02-04,15,13,22,43,50,70,76,14,,tuttosuperenalotto
2006-016,2006-02-07,16,11,18,27,37,65,72,43,,tuttosuperenalotto
2006-017,2006-02-09,17,7,33,38,51,53,67,57,,tuttosuperenalotto
2006-018,2006-02-11,18,1,2,8,30,42,43,45,,tuttosuperenalotto
2006-019,2006-02-14,19,8,44,47,60,66,77,83,,tuttosuperenalotto
2006-020,2006-02-16,20,5,6,18,34,42,72,8,,tuttosuperenalotto
2006-021,2006-02-18,21,34,40,42,64,77,88,48,,tuttosuperenalotto
2006-022,2006-02-21,22,20,58,65,70,77,86,87,,tuttosuperenalotto
2006-023,2006-02-23,23,17,26,70,76,82,90,72,,tuttosuperenalotto
2006-024,2006-02-25,24,3,6,44,60,84,86,53,,tuttosuperenalotto
2006-025,2006-02-28,25,3,21,63,81,87,89,4,,tuttosuperenalotto
2006-026,2006-03-02,26,4,35,41,66,77,89,68,,tuttosuperenalotto
2006-027,2006-03-04,27,17,27,29,31,44,46,51,,tuttosuperenalotto
2006-028,2006-03-07,28,1,7,22,72,79,82,75,,tuttosuperenalotto
2006-029,2006-03-09,29,10,12,15,51,66,68,60,,tuttosuperenalotto
2006-030,2006-03-11,30,26,28,55,61,62,85,81,,tuttosuperenalotto
2006-031,2006-03-14,31,15,20,32,43,45,54,81,,tuttosuperenalotto
2006-032,2006-03-16,32,8,10,15,42,48,51,25,,tuttosuperenalotto
2006-033,2006-03-18,33,41,43,52,59,73,82,87,,tuttosuperenalotto
2006-034,2006-03-21,34,7,8,10,29,40,52,14,,tuttosuperenalotto
2006-035,2006-03-23,35,10,41,53,62,65,76,26,,tuttosuperenalotto
2006-036,2006-03-25,36,16,20,29,31,38,45,25,,tuttosuperenalotto
2006-037,2006-03-28,37,24,25,33,42,57,89,20,68,tuttosuperenalotto
2006-038,2006-03-30,38,1,4,14,30,78,82,70,44,tuttosuperenalotto
2006-039,2006-04-01,39,15,30,33,37,62,78,55,23,tuttosuperenalotto
2006-040,2006-04-04,40,13,25,45,70,78,88,89,55,tuttosuperenalotto
2006-041,2006-04-06,41,13,19,60,61,83,90,10,6,tuttosuperenalotto
2006-042,2006-04-08,42,16,33,60,61,62,63,77,51,tuttosuperenalotto
2006-043,2006-04-11,43,16,19,44,60,76,89,79,49,tuttosuperenalotto
2006-044,2006-04-13,44,27,35,41,46,49,86,24,40,tuttosuperenalotto
2006-045,2006-04-15,45,10,11,13,37,81,84,3,63,tuttosuperenalotto
2006-046,2006-04-18,46,1,4,12,14,66,78,55,75,tuttosuperenalotto
2006-047,2006-04-20,47,32,35,44,58,82,90,52,42,tuttosuperenalotto
2006-048,2006-04-22,48,16,21,59,70,71,83,90,37,tuttosuperenalotto
2006-049,2006-04-26,49,13,18,47,51,60,64,11,36,tuttosuperenalotto
2006-050,2006-04-27,50,8,23,30,53,69,78,36,78,tuttosuperenalotto
2006-051,2006-04-29,51,12,22,53,54,60,77,28,7,tuttosuperenalotto
2006-052,2006-05-02,52,22,42,52,55,62,74,61,74,tuttosuperenalotto
2006-053,2006-05-04,53,11,18,37,52,62,77,59,19,tuttosuperenalotto
2006-054,2006-05-06,54,19,22,46,49,72,85,14,10,tuttosuperenalotto
2006-055,2006-05-09,55,16,23,40,62,79,88,42,89,tuttosuperenalotto
2006-056,2006-05-11,56,14,19,20,26,79,82,47,59,tuttosuperenalotto
2006-057,2006-05-13,57,11,31,38,50,59,62,7,56,tuttosuperenalotto
2006-058,2006-05-16,58,1,4,32,35,36,87,7,20,tuttosuperenalotto
2006-059,2006-05-18,59,1,63,67,71,75,79,28,78,tuttosuperenalotto
2006-060,2006-05-20,60,5,32,39,50,59,77,71,18,tuttosuperenalotto
2006-061,2006-05-23,61,30,36,39,68,71,80,38,78,tuttosuperenalotto
2006-062,2006-05-25,62,19,22,44,61,66,75,77,58,tuttosuperenalotto
2006-063,2006-05-27,63,5,11,33,51,82,85,19,1,tuttosuperenalotto
2006-064,2006-05-30,64,1,16,25,33,54,71,11,29,tuttosuperenalotto
2006-065,2006-06-01,65,18,33,51,66,87,90,5,16,tuttosuperenalotto
2006-066,2006-06-03,66,20,68,70,71,72,81,90,41,tuttosuperenalotto
2006-067,2006-06-06,67,29,31,41,44,64,73,1,46,tuttosuperenalotto
2006-068,2006-06-08,68,5,42,51,66,69,74,22,34,tuttosuperenalotto
2006-069,2006-06-10,69,9,10,63,73,79,90,2,62,tuttosuperenalotto
2006-070,2006-06-13,70,10,13,21,31,48,72,79,9,tuttosuperenalotto
2006-071,2006-06-15,71,6,27,39,43,62,84,67,12,tuttosuperenalotto
2006-072,2006-06-17,72,2,8,43,48,60,67,74,79,tuttosuperenalotto
2006-073,2006-06-20,73,22,26,51,63,64,73,17,37,tuttosuperenalotto
2006-074,2006-06-22,74,8,22,36,48,53,55,29,89,tuttosuperenalotto
2006-075,2006-06-24,75,5,11,24,26,49,68,13,54,tuttosuperenalotto
2006-076,2006-06-27,76,11,29,56,62,68,76,33,33,tuttosuperenalotto
2006-077,2006-06-29,77,27,28,56,67,75,86,79,70,tuttosuperenalotto
2006-078,2006-07-01,78,5,11,40,45,58,75,66,12,tuttosuperenalotto
2006-079,2006-07-04,79,20,45,59,75,84,90,85,20,tuttosuperenalotto
2006-080,2006-07-06,80,21,22,34,55,56,74,63,43,tuttosuperenalotto
2006-081,2006-07-08,81,4,49,54,73,79,83,29,8,tuttosuperenalotto
2006-082,2006-07-11,82,2,12,19,25,31,76,49,14,tuttosuperenalotto
2006-083,2006-07-13,83,15,46,47,67,73,90,51,32,tuttosuperenalotto
2006-084,2006-07-15,84,16,21,27,43,56,64,19,78,tuttosuperenalotto
2006-085,2006-07-18,85,3,27,30,38,43,60,50,13,tuttosuperenalotto
2006-086,2006-07-20,86,22,36,65,72,82,86,27,15,tuttosuperenalotto
2006-087,2006-07-22,87,12,37,46,54,58,79,90,40,tuttosuperenalotto
2006-088,2006-07-25,88,5,35,49,52,65,89,15,55,tuttosuperenalotto
2006-089,2006-07-27,89,26,34,68,82,83,87,42,71,tuttosuperenalotto
2006-090,2006-07-29,90,18,24,46,47,69,70,82,41,tuttosuperenalotto
2006-091,2006-08-01,91,31,37,45,52,74,83,70,19,tuttosuperenalotto
2006-092,2006-08-03,92,21,22,25,53,76,85,7,77,tuttosuperenalotto
2006-093,2006-08-05,93,5,11,21,49,54,84,66,69,tuttosuperenalotto
2006-094,2006-08-08,94,3,4,5,47,55,80,73,71,tuttosuperenalotto
2006-095,2006-08-10,95,6,9,42,48,81,87,63,84,tuttosuperenalotto
2006-096,2006-08-12,96,45,49,63,67,82,90,72,56,tuttosuperenalotto
2006-097,2006-08-16,97,8,25,28,57,71,72,83,66,tuttosuperenalotto
2006-098,2006-08-17,98,4,25,30,40,41,62,38,55,tuttosuperenalotto
2006-099,2006-08-19,99,6,59,77,81,82,88,61,74,tuttosuperenalotto
2006-100,2006-08-22,100,3,8,16,64,72,73,22,61,tuttosuperenalotto
2006-101,2006-08-24,101,3,27,29,46,47,61,15,24,tuttosuperenalotto
2006-102,2006-08-26,102,3,9,14,55,62,83,79,45,tuttosuperenalotto
2006-103,2006-08-29,103,46,49,50,57,68,69,14,90,tuttosuperenalotto
2006-104,2006-08-31,104,2,11,17,33,79,87,7,79,tuttosuperenalotto
2006-105,2006-09-02,105,26,33,35,45,54,61,10,61,tuttosuperenalotto
2006-106,2006-09-05,106,16,21,51,64,65,89,63,42,tuttosuperenalotto
2006-107,2006-09-07,107,1,3,29,63,72,85,55,49,tuttosuperenalotto
2006-108,2006-09-09,108,7,10,24,31,81,84,4,74,tuttosuperenalotto
2006-109,2006-09-12,109,8,22,36,43,76,77,23,88,tuttosuperenalotto
2006-110,2006-09-14,110,10,22,27,34,56,85,16,29,tuttosuperenalotto
2006-111,2006-09-16,111,14,34,35,37,41,61,31,46,tuttosuperenalotto
2006-112,2006-09-19,112,4,6,8,14,21,28,56,7,tuttosuperenalotto
2006-113,2006-09-21,113,2,8,27,30,35,87,21,29,tuttosuperenalotto
2006-114,2006-09-23,114,8,23,39,52,75,81,65,86,tuttosuperenalotto
2006-115,2006-09-26,115,6,9,10,20,60,83,81,16,tuttosuperenalotto
2006-116,2006-09-28,116,52,58,61,62,65,69,53,66,tuttosuperenalotto
2006-117,2006-09-30,117,3,47,63,66,67,69,56,90,tuttosuperenalotto
2006-118,2006-10-03,118,14,24,33,41,53,82,47,35,tuttosuperenalotto
2006-119,2006-10-05,119,4,40,60,71,72,90,21,53,tuttosuperenalotto
2006-120,2006-10-07,120,15,29,30,68,79,85,26,6,tuttosuperenalotto
2006-121,2006-10-10,121,6,13,34,52,63,83,16,10,tuttosuperenalotto
2006-122,2006-10-12,122,12,46,52,55,65,90,32,28,tuttosuperenalotto
2006-123,2006-10-14,123,12,37,38,42,79,82,60,12,tuttosuperenalotto
2006-124,2006-10-17,124,4,18,24,49,66,81,70,80,tuttosuperenalotto
2006-125,2006-10-19,125,34,36,44,50,71,80,85,83,tuttosuperenalotto
2006-126,2006-10-21,126,4,5,21,26,42,79,84,28,tuttosuperenalotto
2006-127,2006-10-24,127,4,25,43,45,71,90,52,85,tuttosuperenalotto
2006-128,2006-10-26,128,42,44,45,47,72,79,15,79,tuttosuperenalotto
2006-129,2006-10-28,129,15,29,50,57,79,88,84,61,tuttosuperenalotto
2006-130,2006-10-31,130,8,19,27,43,51,79,22,15,tuttosuperenalotto
2006-131,2006-11-02,131,2,4,5,9,22,75,79,31,tuttosuperenalotto
2006-132,2006-11-04,132,14,37,48,50,65,66,87,18,tuttosuperenalotto
2006-133,2006-11-07,133,10,27,42,72,75,87,44,49,tuttosuperenalotto
2006-134,2006-11-09,134,5,6,28,61,77,87,71,16,tuttosuperenalotto
2006-135,2006-11-11,135,22,36,40,44,46,76,30,69,tuttosuperenalotto
2006-136,2006-11-14,136,8,12,14,66,76,88,45,69,tuttosuperenalotto
2006-137,2006-11-16,137,36,42,46,51,72,84,65,62,tuttosuperenalotto
2006-138,2006-11-18,138,36,55,59,81,82,89,20,6,tuttosuperenalotto
2006-139,2006-11-21,139,2,3,35,41,48,88,5,1,tuttosuperenalotto
2006-140,2006-11-23,140,23,29,42,44,59,82,38,17,tuttosuperenalotto
2006-141,2006-11-25,141,1,2,4,44,75,80,33,30,tuttosuperenalotto
2006-142,2006-11-28,142,50,51,57,59,64,74,28,14,tuttosuperenalotto
2006-143,2006-11-30,143,1,31,51,73,77,88,89,53,tuttosuperenalotto
2006-144,2006-12-02,144,25,45,63,71,74,88,90,4,tuttosuperenalotto
2006-145,2006-12-05,145,3,12,22,65,77,84,4,27,tuttosuperenalotto
2006-146,2006-12-07,146,4,19,31,51,56,57,24,81,tuttosuperenalotto
2006-147,2006-12-09,147,21,23,28,48,49,54,65,7,tuttosuperenalotto
2006-148,2006-12-12,148,7,17,44,63,64,88,8,56,tuttosuperenalotto
2006-149,2006-12-14,149,1,31,48,75,78,81,28,59,tuttosuperenalotto
2006-150,2006-12-16,150,14,28,40,52,54,83,25,61,tuttosuperenalotto
2006-151,2006-12-19,151,10,19,32,44,56,76,15,50,tuttosuperenalotto
2006-152,2006-12-21,152,2,10,30,43,56,83,64,47,tuttosuperenalotto
2006-153,2006-12-23,153,8,13,16,17,49,68,15,13,tuttosuperenalotto
2006-154,2006-12-27,154,3,11,28,29,68,88,39,90,tuttosuperenalotto
2006-155,2006-12-28,155,15,43,45,66,74,87,86,70,tuttosuperenalotto
2006-156,2006-12-30,156,2,20,32,51,53,83,47,43,tuttosuperenalotto
2007-001,2007-01-02,1,42,47,55,57,61,79,72,65,tuttosuperenalotto
2007-002,2007-01-04,2,21,40,76,77,83,84,73,90,tuttosuperenalotto
2007-003,2007-01-08,3,3,45,49,53,58,77,48,46,tuttosuperenalotto
2007-004,2007-01-09,4,16,39,65,67,83,86,64,10,tuttosuperenalotto
2007-005,2007-01-11,5,6,27,59,71,85,90,72,70,tuttosuperenalotto
2007-006,2007-01-13,6,11,49,53,65,77,89,33,2,tuttosuperenalotto
2007-007,2007-01-16,7,1,11,24,33,36,80,15,3,tuttosuperenalotto
2007-008,2007-01-18,8,7,39,45,47,55,80,3,78,tuttosuperenalotto
2007-009,2007-01-20,9,18,47,55,64,74,89,23,17,tuttosuperenalotto
2007-010,2007-01-23,10,8,10,20,40,80,85,32,66,tuttosuperenalotto
2007-011,2007-01-25,11,4,6,26,28,53,64,42,90,tuttosuperenalotto
2007-012,2007-01-27,12,10,33,34,44,70,79,80,48,tuttosuperenalotto
2007-013,2007-01-30,13,1,23,38,50,60,77,39,57,tuttosuperenalotto
2007-014,2007-02-01,14,1,20,21,27,44,75,36,22,tuttosuperenalotto
2007-015,2007-02-03,15,3,12,32,43,51,58,13,44,tuttosuperenalotto
2007-016,2007-02-06,16,21,35,39,54,62,85,71,52,tuttosuperenalotto
2007-017,2007-02-08,17,3,9,33,61,65,85,11,83,tuttosuperenalotto
2007-018,2007-02-10,18,11,30,55,76,77,90,57,52,tuttosuperenalotto
2007-019,2007-02-13,19,4,29,70,82,86,88,8,2,tuttosuperenalotto
2007-020,2007-02-15,20,11,22,35,65,78,81,7,25,tuttosuperenalotto
2007-021,2007-02-17,21,40,41,62,65,89,90,25,89,tuttosuperenalotto
2007-022,2007-02-20,22,19,25,31,56,82,90,17,72,tuttosuperenalotto
2007-023,2007-02-22,23,28,44,51,72,81,90,16,74,tuttosuperenalotto
2007-024,2007-02-24,24,1,30,60,70,74,77,90,88,tuttosuperenalotto
2007-025,2007-02-27,25,6,20,58,59,65,88,90,78,tuttosuperenalotto
2007-026,2007-03-01,26,40,55,64,65,70,85,13,65,tuttosuperenalotto
2007-027,2007-03-03,27,6,32,50,57,59,61,68,29,tuttosuperenalotto
2007-028,2007-03-06,28,1,8,21,30,81,86,13,54,tuttosuperenalotto
2007-029,2007-03-08,29,5,27,43,50,75,90,54,59,tuttosuperenalotto
2007-030,2007-03-10,30,16,22,36,40,62,75,55,51,tuttosuperenalotto
2007-031,2007-03-13,31,13,46,48,76,81,83,35,70,tuttosuperenalotto
2007-032,2007-03-15,32,1,6,43,46,61,83,80,71,tuttosuperenalotto
2007-033,2007-03-17,33,10,43,55,56,81,87,69,35,tuttosuperenalotto
2007-034,2007-03-20,34,5,7,68,71,75,85,15,18,tuttosuperenalotto
2007-035,2007-03-22,35,23,32,34,72,80,83,22,86,tuttosuperenalotto
2007-036,2007-03-24,36,28,45,60,63,74,86,66,5,tuttosuperenalotto
2007-037,2007-03-27,37,35,36,43,46,69,75,47,17,tuttosuperenalotto
2007-038,2007-03-29,38,13,17,19,21,69,73,78,20,tuttosuperenalotto
2007-039,2007-03-31,39,42,70,74,78,82,87,23,41,tuttosuperenalotto
2007-040,2007-04-03,40,12,16,21,25,27,64,66,4,tuttosuperenalotto
2007-041,2007-04-05,41,2,17,60,77,85,86,21,71,tuttosuperenalotto
2007-042,2007-04-07,42,1,29,37,67,74,81,54,67,tuttosuperenalotto
2007-043,2007-04-10,43,8,30,39,66,69,78,70,54,tuttosuperenalotto
2007-044,2007-04-12,44,10,28,53,64,76,79,47,81,tuttosuperenalotto
2007-045,2007-04-14,45,3,46,64,71,78,87,4,64,tuttosuperenalotto
2007-046,2007-04-17,46,3,21,33,45,47,85,17,22,tuttosuperenalotto
2007-047,2007-04-19,47,28,30,65,74,77,83,40,88,tuttosuperenalotto
2007-048,2007-04-21,48,11,19,43,75,81,87,1,80,tuttosuperenalotto
2007-049,2007-04-24,49,8,36,40,45,67,79,84,40,tuttosuperenalotto
2007-050,2007-04-26,50,36,38,54,56,75,85,28,32,tuttosuperenalotto
2007-051,2007-04-28,51,7,15,16,21,37,60,52,58,tuttosuperenalotto
2007-052,2007-05-02,52,3,6,12,20,69,83,80,52,tuttosuperenalotto
2007-053,2007-05-03,53,1,11,20,66,69,88,35,3,tuttosuperenalotto
2007-054,2007-05-05,54,2,3,64,69,73,82,62,58,tuttosuperenalotto
2007-055,2007-05-08,55,14,30,33,35,58,76,82,77,tuttosuperenalotto
2007-056,2007-05-10,56,32,38,55,58,66,85,51,38,tuttosuperenalotto
2007-057,2007-05-12,57,25,46,48,52,57,81,3,6,tuttosuperenalotto
2007-058,2007-05-15,58,23,33,78,79,87,88,56,90,tuttosuperenalotto
2007-059,2007-05-17,59,10,36,63,75,79,85,49,44,tuttosuperenalotto
2007-060,2007-05-19,60,7,8,13,17,38,43,6,59,tuttosuperenalotto
2007-061,2007-05-22,61,1,44,67,77,88,90,79,31,tuttosuperenalotto
2007-062,2007-05-24,62,13,19,32,39,44,61,66,18,tuttosuperenalotto
2007-063,2007-05-26,63,5,31,62,63,68,78,2,47,tuttosuperenalotto
2007-064,2007-05-29,64,1,16,17,31,42,70,81,51,tuttosuperenalotto
2007-065,2007-05-31,65,7,21,36,38,77,79,17,18,tuttosuperenalotto
2007-066,2007-06-04,66,17,39,40,75,76,88,19,86,tuttosuperenalotto
2007-067,2007-06-05,67,1,9,13,29,71,83,56,41,tuttosuperenalotto
2007-068,2007-06-07,68,59,66,69,72,73,80,23,53,tuttosuperenalotto
2007-069,2007-06-09,69,5,19,20,26,53,54,56,23,tuttosuperenalotto
2007-070,2007-06-12,70,1,14,17,47,61,66,13,53,tuttosuperenalotto
2007-071,2007-06-14,71,12,42,44,46,52,86,25,34,tuttosuperenalotto
2007-072,2007-06-16,72,29,32,39,43,66,73,60,6,tuttosuperenalotto
2007-073,2007-06-19,73,1,2,26,41,65,80,37,27,tuttosuperenalotto
2007-074,2007-06-21,74,2,10,35,67,77,90,51,80,tuttosuperenalotto
2007-075,2007-06-23,75,15,42,65,68,70,90,46,40,tuttosuperenalotto
2007-076,2007-06-26,76,6,15,45,47,69,70,40,18,tuttosuperenalotto
2007-077,2007-06-28,77,3,20,47,52,83,90,75,22,tuttosuperenalotto
2007-078,2007-06-30,78,4,24,30,61,66,69,67,24,tuttosuperenalotto
2007-079,2007-07-03,79,19,23,39,54,79,87,42,43,tuttosuperenalotto
2007-080,2007-07-05,80,8,24,52,73,84,86,51,11,tuttosuperenalotto
2007-081,2007-07-07,81,32,45,69,77,83,87,19,3,tuttosuperenalotto
2007-082,2007-07-10,82,14,42,53,68,83,89,75,78,tuttosuperenalotto
2007-083,2007-07-12,83,1,35,51,56,68,79,63,7,tuttosuperenalotto
2007-084,2007-07-14,84,27,33,44,56,63,85,79,40,tuttosuperenalotto
2007-085,2007-07-17,85,23,31,62,65,69,89,49,46,tuttosuperenalotto
2007-086,2007-07-19,86,21,30,33,45,62,70,57,3,tuttosuperenalotto
2007-087,2007-07-21,87,18,62,64,69,75,81,3,6,tuttosuperenalotto
2007-088,2007-07-24,88,43,56,61,62,73,81,75,73,tuttosuperenalotto
2007-089,2007-07-26,89,20,22,36,68,81,87,52,55,tuttosuperenalotto
2007-090,2007-07-28,90,8,38,47,63,71,84,69,36,tuttosuperenalotto
2007-091,2007-07-31,91,12,38,65,72,83,84,31,61,tuttosuperenalotto
2007-092,2007-08-02,92,16,24,51,55,59,66,41,52,tuttosuperenalotto
2007-093,2007-08-04,93,41,46,64,71,84,87,81,22,tuttosuperenalotto
2007-094,2007-08-07,94,21,29,50,55,67,73,24,85,tuttosuperenalotto
2007-095,2007-08-09,95,34,39,57,62,79,83,13,3,tuttosuperenalotto
2007-096,2007-08-11,96,30,37,41,62,65,68,40,64,tuttosuperenalotto
2007-097,2007-08-14,97,14,19,44,52,60,71,57,18,tuttosuperenalotto
2007-098,2007-08-16,98,16,24,37,38,69,78,25,4,tuttosuperenalotto
2007-099,2007-08-18,99,1,25,60,67,87,88,75,14,tuttosuperenalotto
2007-100,2007-08-21,100,11,27,45,53,55,58,34,85,tuttosuperenalotto
2007-101,2007-08-23,101,8,46,49,55,80,87,64,67,tuttosuperenalotto
2007-102,2007-08-25,102,4,23,25,30,34,57,40,70,tuttosuperenalotto
2007-103,2007-08-28,103,6,18,36,75,81,83,72,75,tuttosuperenalotto
2007-104,2007-08-30,104,19,48,49,56,60,88,76,56,tuttosuperenalotto
2007-105,2007-09-01,105,1,35,37,39,57,84,67,31,tuttosuperenalotto
2007-106,2007-09-04,106,5,6,9,51,62,66,10,3,tuttosuperenalotto
2007-107,2007-09-06,107,9,16,22,25,26,70,64,63,tuttosuperenalotto
2007-108,2007-09-08,108,9,31,32,47,70,89,19,5,tuttosuperenalotto
2007-109,2007-09-11,109,3,4,19,39,73,78,80,5,tuttosuperenalotto
2007-110,2007-09-13,110,15,23,59,65,78,82,41,79,tuttosuperenalotto
2007-111,2007-09-15,111,10,30,57,64,72,75,49,3,tuttosuperenalotto
2007-112,2007-09-18,112,7,17,30,56,68,80,19,28,tuttosuperenalotto
2007-113,2007-09-20,113,10,20,24,38,49,87,77,48,tuttosuperenalotto
2007-114,2007-09-22,114,4,52,68,79,85,86,20,68,tuttosuperenalotto
2007-115,2007-09-25,115,10,14,18,22,48,68,38,24,tuttosuperenalotto
2007-116,2007-09-27,116,2,23,46,48,55,63,15,83,tuttosuperenalotto
2007-117,2007-09-29,117,8,11,17,20,21,80,64,35,tuttosuperenalotto
2007-118,2007-10-02,118,8,23,48,49,61,62,47,54,tuttosuperenalotto
2007-119,2007-10-04,119,3,17,33,51,77,87,16,42,tuttosuperenalotto
2007-120,2007-10-06,120,3,20,21,43,69,70,78,11,tuttosuperenalotto
2007-121,2007-10-09,121,7,9,17,51,57,78,87,20,tuttosuperenalotto
2007-122,2007-10-11,122,18,37,49,71,76,78,23,35,tuttosuperenalotto
2007-123,2007-10-13,123,12,41,42,44,80,86,37,46,tuttosuperenalotto
2007-124,2007-10-16,124,7,21,58,65,72,77,85,23,tuttosuperenalotto
2007-125,2007-10-18,125,2,24,51,55,62,81,53,27,tuttosuperenalotto
2007-126,2007-10-20,126,11,17,20,36,57,72,51,89,tuttosuperenalotto
2007-127,2007-10-23,127,1,10,26,62,71,90,43,32,tuttosuperenalotto
2007-128,2007-10-25,128,3,6,7,30,67,89,11,7,tuttosuperenalotto
2007-129,2007-10-27,129,7,19,39,42,56,57,18,73,tuttosuperenalotto
2007-130,2007-10-30,130,22,39,54,63,68,73,12,15,tuttosuperenalotto
2007-131,2007-11-02,131,29,31,51,60,72,73,69,50,tuttosuperenalotto
2007-132,2007-11-03,132,11,31,44,64,83,89,34,37,tuttosuperenalotto
2007-133,2007-11-06,133,13,18,32,46,55,78,59,66,tuttosuperenalotto
2007-134,2007-11-08,134,16,29,38,62,72,84,66,28,tuttosuperenalotto
2007-135,2007-11-10,135,6,39,50,52,54,88,51,49,tuttosuperenalotto
2007-136,2007-11-13,136,1,2,33,62,68,79,14,21,tuttosuperenalotto
2007-137,2007-11-15,137,4,9,69,74,76,85,86,11,tuttosuperenalotto
2007-138,2007-11-17,138,18,28,40,63,68,86,71,68,tuttosuperenalotto
2007-139,2007-11-20,139,1,18,30,34,65,75,31,45,tuttosuperenalotto
2007-140,2007-11-22,140,2,51,55,57,61,82,15,60,tuttosuperenalotto
2007-141,2007-11-24,141,26,37,53,81,86,90,31,60,tuttosuperenalotto
2007-142,2007-11-27,142,2,22,28,39,61,79,84,23,tuttosuperenalotto
2007-143,2007-11-29,143,17,41,42,43,66,76,8,46,tuttosuperenalotto
2007-144,2007-12-01,144,6,19,30,53,55,76,17,70,tuttosuperenalotto
2007-145,2007-12-04,145,3,10,40,54,69,85,43,13,tuttosuperenalotto
2007-146,2007-12-06,146,33,37,48,65,83,84,55,88,tuttosuperenalotto
2007-147,2007-12-10,147,5,13,28,30,42,63,84,66,tuttosuperenalotto
2007-148,2007-12-11,148,9,12,28,71,82,85,37,1,tuttosuperenalotto
2007-149,2007-12-13,149,12,20,22,39,55,72,15,52,tuttosuperenalotto
2007-150,2007-12-15,150,25,31,43,61,63,86,23,39,tuttosuperenalotto
2007-151,2007-12-18,151,28,29,33,35,65,80,69,7,tuttosuperenalotto
2007-152,2007-12-20,152,6,10,13,17,22,46,43,85,tuttosuperenalotto
2007-153,2007-12-22,153,3,14,30,50,66,87,47,48,tuttosuperenalotto
2007-154,2007-12-24,154,29,31,35,49,69,74,16,28,tuttosuperenalotto
2007-155,2007-12-27,155,6,13,19,37,67,72,49,1,tuttosuperenalotto
2007-156,2007-12-29,156,12,26,70,74,84,87,46,11,tuttosuperenalotto
2008-001,2008-01-02,1,16,38,40,69,84,90,60,14,tuttosuperenalotto
2008-002,2008-01-03,2,20,39,56,64,66,85,29,17,tuttosuperenalotto
2008-003,2008-01-05,3,16,30,68,75,83,86,15,25,tuttosuperenalotto
2008-004,2008-01-08,4,17,23,30,74,81,84,55,49,tuttosuperenalotto
2008-005,2008-01-10,5,23,25,30,44,51,68,58,21,tuttosuperenalotto
2008-006,2008-01-12,6,8,9,52,77,82,86,85,8,tuttosuperenalotto
2008-007,2008-01-15,7,12,50,55,62,67,88,29,1,tuttosuperenalotto
2008-008,2008-01-17,8,4,15,21,35,59,73,70,76,tuttosuperenalotto
2008-009,2008-01-19,9,10,23,31,35,61,87,81,15,tuttosuperenalotto
2008-010,2008-01-22,10,7,18,19,56,66,71,26,20,tuttosuperenalotto
2008-011,2008-01-24,11,18,28,33,41,63,84,88,41,tuttosuperenalotto
2008-012,2008-01-26,12,15,17,25,31,85,87,82,57,tuttosuperenalotto
2008-013,2008-01-29,13,1,23,30,60,70,74,31,21,tuttosuperenalotto
2008-014,2008-01-31,14,7,14,26,34,45,77,83,34,tuttosuperenalotto
2008-015,2008-02-02,15,18,33,61,70,81,90,10,80,tuttosuperenalotto
2008-016,2008-02-05,16,22,28,75,78,83,87,13,84,tuttosuperenalotto
2008-017,2008-02-07,17,30,32,49,68,71,85,86,9,tuttosuperenalotto
2008-018,2008-02-09,18,2,3,13,23,30,70,85,72,tuttosuperenalotto
2008-019,2008-02-12,19,8,16,33,64,68,82,4,44,tuttosuperenalotto
2008-020,2008-02-14,20,4,18,30,69,73,74,78,52,tuttosuperenalotto
2008-021,2008-02-16,21,16,17,52,60,80,81,29,52,tuttosuperenalotto
2008-022,2008-02-19,22,2,18,35,53,60,66,32,45,tuttosuperenalotto
2008-023,2008-02-21,23,27,43,46,51,52,72,83,32,tuttosuperenalotto
2008-024,2008-02-23,24,11,13,25,62,76,80,18,54,tuttosuperenalotto
2008-025,2008-02-26,25,2,11,40,60,73,82,74,50,tuttosuperenalotto
2008-026,2008-02-28,26,2,5,6,56,58,73,3,38,tuttosuperenalotto
2008-027,2008-03-01,27,23,30,33,67,69,71,61,56,tuttosuperenalotto
2008-028,2008-03-04,28,12,32,54,63,64,85,62,77,tuttosuperenalotto
2008-029,2008-03-06,29,1,16,32,51,60,61,78,11,tuttosuperenalotto
2008-030,2008-03-08,30,4,12,21,39,59,83,64,63,tuttosuperenalotto
2008-031,2008-03-11,31,41,51,61,66,75,88,27,71,tuttosuperenalotto
2008-032,2008-03-13,32,50,61,62,71,72,74,59,9,tuttosuperenalotto
2008-033,2008-03-15,33,7,32,49,55,61,83,64,82,tuttosuperenalotto
2008-034,2008-03-18,34,27,36,38,41,71,84,6,37,tuttosuperenalotto
2008-035,2008-03-20,35,5,37,38,59,71,80,43,33,tuttosuperenalotto
2008-036,2008-03-22,36,30,37,47,72,85,87,71,34,tuttosuperenalotto
2008-037,2008-03-25,37,8,36,75,76,79,83,65,58,tuttosuperenalotto
2008-038,2008-03-27,38,11,34,46,58,77,82,50,27,tuttosuperenalotto
2008-039,2008-03-29,39,1,17,33,34,46,62,3,17,tuttosuperenalotto
2008-040,2008-04-01,40,5,9,53,57,61,84,78,2,tuttosuperenalotto
2008-041,2008-04-03,41,9,37,40,61,69,84,35,36,tuttosuperenalotto
2008-042,2008-04-05,42,29,51,52,62,72,79,34,43,tuttosuperenalotto
2008-043,2008-04-08,43,12,21,49,51,56,74,8,76,tuttosuperenalotto
2008-044,2008-04-10,44,34,54,72,76,79,85,78,10,tuttosuperenalotto
2008-045,2008-04-12,45,5,34,55,58,74,90,8,33,tuttosuperenalotto
2008-046,2008-04-15,46,2,25,28,31,46,59,22,25,tuttosuperenalotto
2008-047,2008-04-17,47,8,14,36,71,74,87,18,29,tuttosuperenalotto
2008-048,2008-04-19,48,22,29,30,32,41,52,42,7,tuttosuperenalotto
2008-049,2008-04-22,49,18,54,62,80,88,90,24,58,tuttosuperenalotto
2008-050,2008-04-24,50,36,43,47,49,84,89,51,25,tuttosuperenalotto
2008-051,2008-04-26,51,56,64,72,81,83,86,32,25,tuttosuperenalotto
2008-052,2008-04-29,52,28,33,42,54,76,79,68,62,tuttosuperenalotto
2008-053,2008-05-02,53,36,38,40,51,53,71,8,58,tuttosuperenalotto
2008-054,2008-05-03,54,8,38,39,52,64,70,73,39,tuttosuperenalotto
2008-055,2008-05-06,55,7,71,72,75,80,90,85,55,tuttosuperenalotto
2008-056,2008-05-08,56,8,29,33,47,52,56,59,19,tuttosuperenalotto
2008-057,2008-05-10,57,1,4,25,44,82,89,23,50,tuttosuperenalotto
2008-058,2008-05-13,58,28,33,39,40,80,89,82,12,tuttosuperenalotto
2008-059,2008-05-15,59,7,31,38,57,84,87,86,71,tuttosuperenalotto
2008-060,2008-05-17,60,8,53,65,66,80,87,3,20,tuttosuperenalotto
2008-061,2008-05-20,61,40,42,57,62,67,88,3,49,tuttosuperenalotto
2008-062,2008-05-22,62,22,63,66,73,81,90,47,43,tuttosuperenalotto
2008-063,2008-05-24,63,6,16,28,32,43,90,73,27,tuttosuperenalotto
2008-064,2008-05-27,64,7,10,50,51,80,85,60,46,tuttosuperenalotto
2008-065,2008-05-29,65,7,30,40,58,75,79,84,78,tuttosuperenalotto
2008-066,2008-05-31,66,8,16,39,63,84,86,34,48,tuttosuperenalotto
2008-067,2008-06-03,67,2,26,30,32,63,89,56,82,tuttosuperenalotto
2008-068,2008-06-05,68,13,22,40,41,51,86,6,26,tuttosuperenalotto
2008-069,2008-06-07,69,10,26,53,66,70,78,75,64,tuttosuperenalotto
2008-070,2008-06-10,70,4,62,67,69,70,84,23,31,tuttosuperenalotto
2008-071,2008-06-12,71,10,15,17,57,65,80,1,47,tuttosuperenalotto
2008-072,2008-06-14,72,3,6,20,46,50,80,86,2,tuttosuperenalotto
2008-073,2008-06-17,73,8,11,14,39,46,51,57,2,tuttosuperenalotto
2008-074,2008-06-19,74,18,31,47,59,75,80,79,73,tuttosuperenalotto
2008-075,2008-06-21,75,8,16,42,64,72,74,53,74,tuttosuperenalotto
2008-076,2008-06-24,76,13,25,54,56,57,58,31,15,tuttosuperenalotto
2008-077,2008-06-26,77,4,12,35,61,66,84,79,75,tuttosuperenalotto
2008-078,2008-06-28,78,6,19,25,42,48,52,56,57,tuttosuperenalotto
2008-079,2008-07-01,79,1,38,54,63,66,74,13,22,tuttosuperenalotto
2008-080,2008-07-03,80,19,32,41,42,64,65,75,81,tuttosuperenalotto
2008-081,2008-07-05,81,9,69,70,72,77,81,39,1,tuttosuperenalotto
2008-082,2008-07-08,82,1,26,49,74,82,87,81,74,tuttosuperenalotto
2008-083,2008-07-10,83,11,22,39,52,55,63,24,6,tuttosuperenalotto
2008-084,2008-07-12,84,16,26,31,67,74,82,18,74,tuttosuperenalotto
2008-085,2008-07-15,85,21,40,57,60,61,68,9,68,tuttosuperenalotto
2008-086,2008-07-17,86,8,28,34,63,86,90,15,89,tuttosuperenalotto
2008-087,2008-07-19,87,4,33,34,44,52,63,27,53,tuttosuperenalotto
2008-088,2008-07-22,88,35,49,56,78,87,90,10,59,tuttosuperenalotto
2008-089,2008-07-24,89,15,17,25,39,57,58,24,18,tuttosuperenalotto
2008-090,2008-07-26,90,6,44,66,68,77,86,20,17,tuttosuperenalotto
2008-091,2008-07-29,91,14,28,37,47,53,57,88,23,tuttosuperenalotto
2008-092,2008-07-31,92,20,67,71,81,84,88,7,27,tuttosuperenalotto
2008-093,2008-08-02,93,35,49,68,71,82,85,31,48,tuttosuperenalotto
2008-094,2008-08-05,94,1,30,36,37,60,88,27,28,tuttosuperenalotto
2008-095,2008-08-07,95,19,30,52,66,70,82,84,33,tuttosuperenalotto
2008-096,2008-08-09,96,2,11,21,23,39,47,72,31,tuttosuperenalotto
2008-097,2008-08-12,97,12,24,26,50,65,69,51,51,tuttosuperenalotto
2008-098,2008-08-14,98,8,19,30,32,52,75,85,79,tuttosuperenalotto
2008-099,2008-08-16,99,7,10,35,64,77,89,21,83,tuttosuperenalotto
2008-100,2008-08-19,100,5,7,13,33,66,79,84,27,tuttosuperenalotto
2008-101,2008-08-21,101,2,4,11,37,62,75,19,25,tuttosuperenalotto
2008-102,2008-08-23,102,21,31,37,64,75,88,41,27,tuttosuperenalotto
2008-103,2008-08-26,103,7,23,28,50,80,87,27,63,tuttosuperenalotto
2008-104,2008-08-28,104,18,19,36,39,58,88,53,16,tuttosuperenalotto
2008-105,2008-08-30,105,24,26,33,36,38,73,74,29,tuttosuperenalotto
2008-106,2008-09-02,106,6,29,30,78,81,88,26,27,tuttosuperenalotto
2008-107,2008-09-04,107,1,6,11,27,65,80,21,39,tuttosuperenalotto
2008-108,2008-09-06,108,2,22,33,42,52,71,72,86,tuttosuperenalotto
2008-109,2008-09-09,109,1,3,20,43,51,78,12,83,tuttosuperenalotto
2008-110,2008-09-11,110,27,31,35,53,54,78,45,27,tuttosuperenalotto
2008-111,2008-09-13,111,28,38,41,58,67,80,85,79,tuttosuperenalotto
2008-112,2008-09-16,112,21,30,32,41,47,67,49,24,tuttosuperenalotto
2008-113,2008-09-18,113,15,18,21,57,59,61,19,56,tuttosuperenalotto
2008-114,2008-09-20,114,7,12,36,73,77,85,1,80,tuttosuperenalotto
2008-115,2008-09-23,115,8,22,31,39,58,63,42,48,tuttosuperenalotto
2008-116,2008-09-25,116,25,51,53,72,77,81,83,19,tuttosuperenalotto
2008-117,2008-09-27,117,3,16,20,55,60,80,52,10,tuttosuperenalotto
2008-118,2008-09-30,118,5,34,43,53,71,78,73,28,tuttosuperenalotto
2008-119,2008-10-02,119,2,41,59,68,74,86,31,56,tuttosuperenalotto
2008-120,2008-10-04,120,31,58,80,81,88,89,65,79,tuttosuperenalotto
2008-121,2008-10-07,121,16,21,24,60,66,79,82,44,tuttosuperenalotto
2008-122,2008-10-09,122,4,19,20,24,44,55,80,80,tuttosuperenalotto
2008-123,2008-10-11,123,7,9,35,61,67,68,53,26,tuttosuperenalotto
2008-124,2008-10-14,124,11,14,43,46,61,70,82,73,tuttosuperenalotto
2008-125,2008-10-16,125,1,20,22,23,61,82,70,58,tuttosuperenalotto
2008-126,2008-10-18,126,8,25,33,48,58,90,53,63,tuttosuperenalotto
2008-127,2008-10-21,127,4,47,76,78,81,86,6,49,tuttosuperenalotto
2008-128,2008-10-23,128,7,20,21,74,75,81,33,10,tuttosuperenalotto
2008-129,2008-10-25,129,13,16,28,32,71,85,78,67,tuttosuperenalotto
2008-130,2008-10-28,130,5,9,50,80,82,88,89,18,tuttosuperenalotto
2008-131,2008-10-30,131,2,25,26,41,55,75,59,15,tuttosuperenalotto
2008-132,2008-11-03,132,16,21,33,42,52,66,19,75,tuttosuperenalotto
2008-133,2008-11-04,133,6,28,32,39,57,85,47,51,tuttosuperenalotto
2008-134,2008-11-06,134,24,26,31,39,49,81,89,29,tuttosuperenalotto
2008-135,2008-11-08,135,3,31,33,37,52,54,17,42,tuttosuperenalotto
2008-136,2008-11-11,136,6,10,22,48,61,65,58,70,tuttosuperenalotto
2008-137,2008-11-13,137,15,17,24,31,80,86,52,48,tuttosuperenalotto
2008-138,2008-11-15,138,5,7,13,40,52,84,37,21,tuttosuperenalotto
2008-139,2008-11-18,139,3,4,7,44,52,89,47,46,tuttosuperenalotto
2008-140,2008-11-20,140,25,39,43,46,59,67,75,72,tuttosuperenalotto
2008-141,2008-11-22,141,7,30,45,50,55,74,60,17,tuttosuperenalotto
2008-142,2008-11-25,142,19,48,61,73,81,83,22,73,tuttosuperenalotto
2008-143,2008-11-27,143,27,28,46,48,52,70,71,60,tuttosuperenalotto
2008-144,2008-11-29,144,2,3,22,46,61,80,49,68,tuttosuperenalotto
2008-145,2008-12-02,145,8,9,17,33,80,86,22,6,tuttosuperenalotto
2008-146,2008-12-04,146,17,44,49,60,66,81,74,34,tuttosuperenalotto
2008-147,2008-12-06,147,30,46,54,56,72,86,22,85,tuttosuperenalotto
2008-148,2008-12-09,148,1,38,47,50,58,65,22,45,tuttosuperenalotto
2008-149,2008-12-11,149,40,60,68,72,84,89,90,65,tuttosuperenalotto
2008-150,2008-12-13,150,28,32,45,61,63,76,43,11,tuttosuperenalotto
2008-151,2008-12-16,151,17,20,48,62,85,90,69,39,tuttosuperenalotto
2008-152,2008-12-18,152,9,26,29,31,58,70,21,43,tuttosuperenalotto
2008-153,2008-12-20,153,12,14,29,48,49,85,79,14,tuttosuperenalotto
2008-154,2008-12-23,154,30,45,66,69,75,80,63,52,tuttosuperenalotto
2008-155,2008-12-24,155,17,32,33,50,61,82,67,56,tuttosuperenalotto
2008-156,2008-12-27,156,8,25,31,65,87,90,28,1,tuttosuperenalotto
2008-157,2008-12-30,157,23,32,38,40,51,71,48,52,tuttosuperenalotto
2009-001,2009-01-02,1,16,19,29,34,48,64,53,34,superenalotto.it
2009-002,2009-01-03,2,17,24,25,40,58,64,27,51,superenalotto.it
2009-003,2009-01-07,3,14,31,35,40,50,66,68,16,superenalotto.it
2009-004,2009-01-08,4,14,23,24,41,71,73,63,33,superenalotto.it
2009-005,2009-01-10,5,2,15,35,54,60,78,27,64,superenalotto.it
2009-006,2009-01-13,6,9,14,21,55,66,90,4,28,superenalotto.it
2009-007,2009-01-15,7,8,15,24,25,44,55,86,76,superenalotto.it
2009-008,2009-01-17,8,13,17,25,55,64,85,11,36,superenalotto.it
2009-009,2009-01-20,9,19,35,49,52,75,79,41,7,superenalotto.it
2009-010,2009-01-22,10,1,2,40,52,67,82,23,78,superenalotto.it
2009-011,2009-01-24,11,2,4,13,23,28,68,49,13,superenalotto.it
2009-012,2009-01-27,12,20,31,44,51,65,74,71,66,superenalotto.it
2009-013,2009-01-29,13,27,32,55,65,76,86,60,51,superenalotto.it
2009-014,2009-01-31,14,1,3,8,38,83,88,16,85,superenalotto.it
2009-015,2009-02-03,15,11,13,17,49,51,61,8,13,superenalotto.it
2009-016,2009-02-05,16,7,18,27,33,35,43,28,56,superenalotto.it
2009-017,2009-02-07,17,8,23,58,61,76,79,90,71,superenalotto.it
2009-018,2009-02-10,18,11,18,47,80,89,90,70,9,superenalotto.it
2009-019,2009-02-12,19,3,24,31,32,61,85,17,4,superenalotto.it
2009-020,2009-02-14,20,7,32,43,50,68,73,31,13,superenalotto.it
2009-021,2009-02-17,21,17,20,63,78,82,85,42,78,superenalotto.it
2009-022,2009-02-19,22,28,30,32,33,34,52,14,17,superenalotto.it
2009-023,2009-02-21,23,6,39,40,41,50,54,2,34,superenalotto.it
2009-024,2009-02-24,24,33,38,47,67,68,81,51,90,superenalotto.it
2009-025,2009-02-26,25,10,19,25,35,51,73,66,56,superenalotto.it
2009-026,2009-02-28,26,6,26,56,65,69,82,19,14,superenalotto.it
2009-027,2009-03-03,27,20,39,42,45,74,77,81,12,superenalotto.it
2009-028,2009-03-05,28,29,36,37,40,70,75,7,40,superenalotto.it
2009-029,2009-03-07,29,4,14,45,53,77,84,69,57,superenalotto.it
2009-030,2009-03-10,30,33,57,63,65,78,88,55,79,superenalotto.it
2009-031,2009-03-12,31,2,10,19,36,78,90,83,6,superenalotto.it
2009-032,2009-03-14,32,10,15,46,51,65,75,29,17,superenalotto.it
2009-033,2009-03-17,33,3,38,44,50,53,70,22,64,superenalotto.it
2009-034,2009-03-19,34,1,39,40,52,54,64,37,38,superenalotto.it
2009-035,2009-03-21,35,4,39,43,59,74,90,30,26,superenalotto.it
2009-036,2009-03-24,36,1,9,11,21,36,47,29,20,superenalotto.it
2009-037,2009-03-26,37,13,21,70,71,72,85,82,12,superenalotto.it
2009-038,2009-03-28,38,1,10,55,61,72,77,30,75,superenalotto.it
2009-039,2009-03-31,39,2,4,16,20,29,53,65,16,superenalotto.it
2009-040,2009-04-02,40,3,12,16,30,84,89,18,3,superenalotto.it
2009-041,2009-04-04,41,2,3,4,27,34,42,59,55,superenalotto.it
2009-042,2009-04-07,42,3,37,54,65,87,89,58,16,superenalotto.it
2009-043,2009-04-09,43,2,23,36,62,75,79,48,21,superenalotto.it
2009-044,2009-04-11,44,6,34,59,61,83,90,53,60,superenalotto.it
2009-045,2009-04-14,45,2,5,20,43,64,83,66,4,superenalotto.it
2009-046,2009-04-16,46,3,9,17,38,54,62,64,28,superenalotto.it
2009-047,2009-04-18,47,20,46,48,62,71,86,44,80,superenalotto.it
2009-048,2009-04-21,48,19,22,26,59,61,71,57,88,superenalotto.it
2009-049,2009-04-23,49,24,29,40,71,74,78,21,57,superenalotto.it
2009-050,2009-04-27,50,7,40,54,64,69,71,67,70,superenalotto.it
2009-051,2009-04-28,51,11,12,32,55,72,87,88,36,superenalotto.it
2009-052,2009-04-30,52,28,64,65,77,85,89,47,22,superenalotto.it
2009-053,2009-05-02,53,2,25,31,38,45,84,24,62,superenalotto.it
2009-054,2009-05-05,54,7,12,19,43,71,77,44,36,superenalotto.it
2009-055,2009-05-07,55,31,43,67,69,76,80,1,67,superenalotto.it
2009-056,2009-05-09,56,9,11,40,48,68,84,6,47,superenalotto.it
2009-057,2009-05-12,57,4,9,22,23,47,73,45,2,superenalotto.it
2009-058,2009-05-14,58,1,22,41,69,73,89,39,54,superenalotto.it
2009-059,2009-05-16,59,39,50,55,57,78,82,81,52,superenalotto.it
2009-060,2009-05-19,60,36,55,62,66,81,85,9,33,superenalotto.it
2009-061,2009-05-21,61,11,14,17,24,39,48,64,15,superenalotto.it
2009-062,2009-05-23,62,9,25,29,43,48,54,65,12,superenalotto.it
2009-063,2009-05-26,63,6,33,35,64,66,77,85,50,superenalotto.it
2009-064,2009-05-28,64,5,27,37,63,67,77,75,49,superenalotto.it
2009-065,2009-05-30,65,1,13,17,31,58,62,74,2,superenalotto.it
2009-066,2009-06-03,66,32,33,37,43,44,79,74,71,superenalotto.it
2009-067,2009-06-04,67,7,57,60,67,69,90,14,22,superenalotto.it
2009-068,2009-06-06,68,8,14,16,18,56,60,69,20,superenalotto.it
2009-069,2009-06-09,69,14,17,39,47,58,85,61,45,superenalotto.it
2009-070,2009-06-11,70,4,10,24,59,72,83,47,15,superenalotto.it
2009-071,2009-06-13,71,8,19,25,73,76,84,33,78,superenalotto.it
2009-072,2009-06-16,72,6,14,39,47,63,82,74,61,superenalotto.it
2009-073,2009-06-18,73,15,27,31,52,74,77,54,46,superenalotto.it
2009-074,2009-06-20,74,1,7,38,58,62,78,79,74,superenalotto.it
2009-075,2009-06-23,75,2,3,37,38,58,59,24,53,superenalotto.it
2009-076,2009-06-25,76,23,36,38,52,62,63,43,81,superenalotto.it
2009-077,2009-06-27,77,29,56,66,77,88,89,45,39,superenalotto.it
2009-078,2009-06-30,78,12,19,24,51,56,78,3,87,superenalotto.it
2009-079,2009-07-02,79,12,13,38,46,47,72,5,17,superenalotto.it
2009-080,2009-07-04,80,6,35,53,67,75,89,2,66,superenalotto.it
2009-081,2009-07-07,81,41,44,55,56,68,79,40,17,superenalotto.it
2009-082,2009-07-09,82,7,29,57,60,79,87,84,11,superenalotto.it
2009-083,2009-07-11,83,8,21,32,33,60,69,48,64,superenalotto.it
2009-084,2009-07-14,84,33,35,47,51,62,89,5,74,superenalotto.it
2009-085,2009-07-16,85,6,35,38,48,58,76,26,79,superenalotto.it
2009-086,2009-07-18,86,4,32,34,56,61,82,81,6,superenalotto.it
2009-087,2009-07-21,87,27,32,40,49,75,82,5,84,superenalotto.it
2009-088,2009-07-23,88,9,12,60,69,72,89,2,80,superenalotto.it
2009-089,2009-07-25,89,7,35,36,41,45,88,52,46,superenalotto.it
2009-090,2009-07-28,90,1,21,29,40,63,70,39,26,superenalotto.it
2009-091,2009-07-30,91,2,68,77,81,83,84,19,7,superenalotto.it
2009-092,2009-08-01,92,17,21,23,31,33,37,79,51,superenalotto.it
2009-093,2009-08-04,93,4,8,51,72,74,88,85,41,superenalotto.it
2009-094,2009-08-06,94,40,41,49,56,61,63,2,67,superenalotto.it
2009-095,2009-08-08,95,24,51,58,61,74,77,43,20,superenalotto.it
2009-096,2009-08-11,96,26,29,40,50,54,72,78,85,superenalotto.it
2009-097,2009-08-13,97,11,29,56,63,88,90,22,8,superenalotto.it
2009-098,2009-08-17,98,4,10,27,28,34,57,71,58,superenalotto.it
2009-099,2009-08-18,99,2,19,43,49,77,82,50,7,superenalotto.it
2009-100,2009-08-20,100,2,16,38,67,70,84,4,44,superenalotto.it
2009-101,2009-08-22,101,10,11,27,45,79,88,42,63,superenalotto.it
2009-102,2009-08-25,102,4,5,22,48,53,86,41,10,superenalotto.it
2009-103,2009-08-27,103,15,20,36,69,74,87,86,53,superenalotto.it
2009-104,2009-08-29,104,15,19,26,34,67,69,50,77,superenalotto.it
2009-105,2009-09-01,105,12,14,19,38,41,45,31,28,superenalotto.it
2009-106,2009-09-03,106,18,54,56,58,62,66,32,45,superenalotto.it
2009-107,2009-09-05,107,15,31,39,49,64,85,56,44,superenalotto.it
2009-108,2009-09-08,108,6,13,41,71,75,86,58,36,superenalotto.it
2009-109,2009-09-10,109,17,39,41,47,77,83,63,34,superenalotto.it
2009-110,2009-09-12,110,5,21,26,45,47,49,11,29,superenalotto.it
2009-111,2009-09-15,111,26,60,61,72,85,88,73,54,superenalotto.it
2009-112,2009-09-17,112,19,32,34,63,74,89,55,85,superenalotto.it
2009-113,2009-09-19,113,4,8,20,21,44,80,77,18,superenalotto.it
2009-114,2009-09-22,114,17,40,50,73,74,82,19,28,superenalotto.it
2009-115,2009-09-24,115,5,9,25,30,76,81,6,68,superenalotto.it
2009-116,2009-09-26,116,34,69,70,73,82,90,80,77,superenalotto.it
2009-117,2009-09-29,117,10,22,24,45,67,76,71,48,superenalotto.it
2009-118,2009-10-01,118,4,19,34,52,68,77,63,47,superenalotto.it
2009-119,2009-10-03,119,28,38,59,60,71,83,54,33,superenalotto.it
2009-120,2009-10-06,120,23,24,49,69,70,72,88,4,superenalotto.it
2009-121,2009-10-08,121,1,12,17,65,70,90,24,9,superenalotto.it
2009-122,2009-10-10,122,9,33,34,52,82,83,51,16,superenalotto.it
2009-123,2009-10-13,123,5,11,40,43,56,82,7,23,superenalotto.it
2009-124,2009-10-15,124,3,29,51,55,73,81,83,23,superenalotto.it
2009-125,2009-10-17,125,8,24,45,47,72,84,78,27,superenalotto.it
2009-126,2009-10-20,126,41,47,49,55,77,90,22,75,superenalotto.it
2009-127,2009-10-22,127,29,33,34,64,65,87,37,42,superenalotto.it
2009-128,2009-10-24,128,6,26,37,38,55,73,22,63,superenalotto.it
2009-129,2009-10-27,129,38,43,44,45,63,77,42,49,superenalotto.it
2009-130,2009-10-29,130,29,37,42,52,54,59,79,18,superenalotto.it
2009-131,2009-10-31,131,13,16,41,49,58,76,47,23,superenalotto.it
2009-132,2009-11-03,132,22,35,44,66,71,88,76,44,superenalotto.it
2009-133,2009-11-05,133,12,20,28,57,74,85,41,6,superenalotto.it
2009-134,2009-11-07,134,9,11,70,74,75,84,80,7,superenalotto.it
2009-135,2009-11-10,135,24,32,56,59,76,81,55,85,superenalotto.it
2009-136,2009-11-12,136,37,43,49,66,73,88,10,82,superenalotto.it
2009-137,2009-11-14,137,15,27,31,40,63,82,53,88,superenalotto.it
2009-138,2009-11-17,138,16,25,28,30,39,51,9,51,superenalotto.it
2009-139,2009-11-19,139,1,35,42,55,57,62,87,14,superenalotto.it
2009-140,2009-11-21,140,36,37,50,57,73,83,69,19,superenalotto.it
2009-141,2009-11-24,141,19,47,69,71,86,87,17,49,superenalotto.it
2009-142,2009-11-26,142,26,31,32,50,61,77,55,51,superenalotto.it
2009-143,2009-11-28,143,3,42,52,67,78,86,57,44,superenalotto.it
2009-144,2009-12-01,144,21,25,36,51,82,90,61,66,superenalotto.it
2009-145,2009-12-03,145,19,30,34,49,54,74,2,16,superenalotto.it
2009-146,2009-12-05,146,20,63,66,74,75,77,88,58,superenalotto.it
2009-147,2009-12-09,147,9,30,50,57,62,70,31,41,superenalotto.it
2009-148,2009-12-10,148,33,36,39,50,65,70,55,5,superenalotto.it
2009-149,2009-12-12,149,10,16,40,55,66,77,36,47,superenalotto.it
2009-150,2009-12-15,150,1,4,48,53,61,85,82,84,superenalotto.it
2009-151,2009-12-17,151,1,23,32,53,66,83,56,21,superenalotto.it
2009-152,2009-12-19,152,9,15,17,34,73,83,67,15,superenalotto.it
2009-153,2009-12-22,153,6,13,17,52,64,82,24,35,superenalotto.it
2009-154,2009-12-24,154,5,25,37,52,62,79,11,77,superenalotto.it
2009-155,2009-12-28,155,34,36,61,62,78,88,55,20,superenalotto.it
2009-156,2009-12-29,156,11,16,21,62,70,84,24,4,superenalotto.it
2009-157,2009-12-31,157,40,41,45,51,52,79,31,76,superenalotto.it
2010-001,2010-01-02,1,10,23,47,63,70,81,19,51,superenalotto.it
2010-002,2010-01-05,2,44,48,49,68,86,87,62,84,superenalotto.it
2010-003,2010-01-07,3,13,24,26,34,76,77,80,75,superenalotto.it
2010-004,2010-01-09,4,1,30,32,45,69,83,49,89,superenalotto.it
2010-005,2010-01-12,5,26,27,39,55,59,63,71,57,superenalotto.it
2010-006,2010-01-14,6,4,24,47,66,74,77,81,50,superenalotto.it
2010-007,2010-01-16,7,14,18,32,33,46,88,35,62,superenalotto.it
2010-008,2010-01-19,8,5,18,55,59,65,74,53,20,superenalotto.it
2010-009,2010-01-21,9,11,21,53,62,63,68,10,85,superenalotto.it
2010-010,2010-01-23,10,2,23,24,70,81,90,35,27,superenalotto.it
2010-011,2010-01-26,11,6,15,18,23,53,62,80,74,superenalotto.it
2010-012,2010-01-28,12,21,23,25,27,36,84,80,80,superenalotto.it
2010-013,2010-01-30,13,4,17,52,55,56,67,26,13,superenalotto.it
2010-014,2010-02-02,14,8,26,32,40,62,88,87,18,superenalotto.it
2010-015,2010-02-04,15,11,25,36,49,53,85,55,49,superenalotto.it
2010-016,2010-02-06,16,24,40,43,51,53,88,31,68,superenalotto.it
2010-017,2010-02-09,17,20,22,24,40,51,80,60,82,superenalotto.it
2010-018,2010-02-11,18,4,19,32,58,73,87,29,35,superenalotto.it
2010-019,2010-02-13,19,1,14,26,49,71,89,40,4,superenalotto.it
2010-020,2010-02-16,20,46,48,63,68,83,85,13,29,superenalotto.it
2010-021,2010-02-18,21,7,34,49,51,58,86,69,83,superenalotto.it
2010-022,2010-02-20,22,19,26,63,67,68,83,6,5,superenalotto.it
2010-023,2010-02-23,23,12,30,35,44,49,62,22,30,superenalotto.it
2010-024,2010-02-25,24,1,64,67,68,79,90,59,25,superenalotto.it
2010-025,2010-02-27,25,13,43,47,55,67,70,82,71,superenalotto.it
2010-026,2010-03-02,26,4,5,18,35,40,90,38,18,superenalotto.it
2010-027,2010-03-04,27,17,24,34,48,61,87,39,75,superenalotto.it
2010-028,2010-03-06,28,16,21,30,35,57,78,36,38,superenalotto.it
2010-029,2010-03-09,29,26,28,48,52,55,90,64,49,superenalotto.it
2010-030,2010-03-11,30,7,8,25,46,65,78,74,45,superenalotto.it
2010-031,2010-03-13,31,8,9,11,14,79,90,82,90,superenalotto.it
2010-032,2010-03-16,32,6,15,21,27,49,85,66,81,superenalotto.it
2010-033,2010-03-18,33,4,5,29,58,71,84,49,35,superenalotto.it
2010-034,2010-03-20,34,4,18,26,47,61,80,35,15,superenalotto.it
2010-035,2010-03-23,35,20,29,44,54,64,69,23,59,superenalotto.it
2010-036,2010-03-25,36,6,50,67,69,77,88,32,75,superenalotto.it
2010-037,2010-03-27,37,44,45,58,65,66,85,16,35,superenalotto.it
2010-038,2010-03-30,38,8,30,64,69,80,88,35,5,superenalotto.it
2010-039,2010-04-01,39,23,25,37,38,50,86,43,31,superenalotto.it
2010-040,2010-04-03,40,2,16,19,47,49,57,27,23,superenalotto.it
2010-041,2010-04-06,41,1,30,67,68,71,80,56,84,superenalotto.it
2010-042,2010-04-08,42,7,29,36,50,56,75,25,51,superenalotto.it
2010-043,2010-04-10,43,6,31,58,64,74,82,33,36,superenalotto.it
2010-044,2010-04-13,44,33,42,46,55,69,90,83,45,superenalotto.it
2010-045,2010-04-15,45,34,37,38,39,59,90,42,86,superenalotto.it
2010-046,2010-04-17,46,30,54,66,67,76,90,14,5,superenalotto.it
2010-047,2010-04-20,47,4,14,40,41,54,79,50,55,superenalotto.it
2010-048,2010-04-22,48,6,25,29,44,68,74,76,88,superenalotto.it
2010-049,2010-04-24,49,6,7,45,46,67,85,31,21,superenalotto.it
2010-050,2010-04-27,50,4,26,28,59,61,68,60,42,superenalotto.it
2010-051,2010-04-29,51,31,38,49,54,62,76,60,87,superenalotto.it
2010-052,2010-05-03,52,19,33,45,55,82,84,86,2,superenalotto.it
2010-053,2010-05-04,53,5,15,23,39,43,49,29,87,superenalotto.it
2010-054,2010-05-06,54,2,4,25,34,61,66,47,87,superenalotto.it
2010-055,2010-05-08,55,18,26,45,67,70,90,32,55,superenalotto.it
2010-056,2010-05-11,56,13,28,39,45,68,81,8,40,superenalotto.it
2010-057,2010-05-13,57,19,29,37,46,64,75,70,4,superenalotto.it
2010-058,2010-05-15,58,22,32,34,70,78,90,61,73,superenalotto.it
2010-059,2010-05-18,59,50,55,57,62,78,83,23,29,superenalotto.it
2010-060,2010-05-20,60,19,38,48,54,71,84,28,31,superenalotto.it
2010-061,2010-05-22,61,31,32,57,59,78,79,10,73,superenalotto.it
2010-062,2010-05-25,62,6,34,43,60,71,73,81,71,superenalotto.it
2010-063,2010-05-27,63,9,39,49,64,65,72,52,7,superenalotto.it
2010-064,2010-05-29,64,22,68,75,83,85,89,10,72,superenalotto.it
2010-065,2010-06-01,65,3,15,46,67,75,78,5,51,superenalotto.it
2010-066,2010-06-03,66,30,38,46,47,62,67,68,63,superenalotto.it
2010-067,2010-06-05,67,1,6,13,24,46,89,8,86,superenalotto.it
2010-068,2010-06-08,68,24,33,54,69,79,86,52,41,superenalotto.it
2010-069,2010-06-10,69,16,19,48,51,65,85,40,58,superenalotto.it
2010-070,2010-06-12,70,16,27,43,46,62,85,52,62,superenalotto.it
2010-071,2010-06-15,71,48,54,64,75,79,87,27,35,superenalotto.it
2010-072,2010-06-17,72,20,46,50,52,69,86,64,20,superenalotto.it
2010-073,2010-06-19,73,3,8,10,22,32,50,58,63,superenalotto.it
2010-074,2010-06-22,74,9,19,54,73,83,90,47,42,superenalotto.it
2010-075,2010-06-24,75,12,18,49,51,66,69,50,77,superenalotto.it
2010-076,2010-06-26,76,9,28,33,38,50,55,47,49,superenalotto.it
2010-077,2010-06-29,77,1,13,18,41,68,84,64,22,superenalotto.it
2010-078,2010-07-01,78,1,14,38,77,80,89,57,39,superenalotto.it
2010-079,2010-07-03,79,14,18,48,52,64,75,26,76,superenalotto.it
2010-080,2010-07-06,80,9,34,57,72,84,88,43,72,superenalotto.it
2010-081,2010-07-08,81,23,25,43,50,51,61,30,77,superenalotto.it
2010-082,2010-07-10,82,10,25,34,79,85,86,15,87,superenalotto.it
2010-083,2010-07-13,83,9,20,33,48,55,84,10,74,superenalotto.it
2010-084,2010-07-15,84,4,5,11,15,20,46,82,75,superenalotto.it
2010-085,2010-07-17,85,1,9,32,56,71,79,10,39,superenalotto.it
2010-086,2010-07-20,86,19,33,45,50,54,86,63,89,superenalotto.it
2010-087,2010-07-22,87,30,37,41,45,47,57,82,24,superenalotto.it
2010-088,2010-07-24,88,37,47,51,54,78,82,26,70,superenalotto.it
2010-089,2010-07-27,89,37,47,69,75,86,88,6,65,superenalotto.it
2010-090,2010-07-29,90,6,7,11,19,34,49,73,21,superenalotto.it
2010-091,2010-07-31,91,14,15,16,27,56,57,21,76,superenalotto.it
2010-092,2010-08-03,92,8,38,48,66,70,86,75,58,superenalotto.it
2010-093,2010-08-05,93,11,17,47,57,79,86,70,82,superenalotto.it
2010-094,2010-08-07,94,1,7,19,65,67,74,87,78,superenalotto.it
2010-095,2010-08-10,95,1,10,17,31,58,80,40,63,superenalotto.it
2010-096,2010-08-12,96,2,40,47,54,66,83,25,20,superenalotto.it
2010-097,2010-08-14,97,6,10,69,78,83,86,26,52,superenalotto.it
2010-098,2010-08-17,98,4,19,52,67,82,90,45,7,superenalotto.it
2010-099,2010-08-19,99,9,17,37,51,70,78,56,88,superenalotto.it
2010-100,2010-08-21,100,14,59,64,75,80,83,42,15,superenalotto.it
2010-101,2010-08-24,101,50,53,66,69,70,90,51,36,superenalotto.it
2010-102,2010-08-26,102,13,28,36,45,59,65,41,9,superenalotto.it
2010-103,2010-08-28,103,6,11,13,48,72,77,85,78,superenalotto.it
2010-104,2010-08-31,104,10,21,35,40,63,79,80,76,superenalotto.it
2010-105,2010-09-02,105,18,30,40,64,88,89,69,79,superenalotto.it
2010-106,2010-09-04,106,13,54,56,67,82,90,25,29,superenalotto.it
2010-107,2010-09-07,107,3,7,48,67,87,90,31,60,superenalotto.it
2010-108,2010-09-09,108,8,26,32,44,82,86,37,4,superenalotto.it
2010-109,2010-09-11,109,10,16,36,70,71,73,66,85,superenalotto.it
2010-110,2010-09-14,110,6,29,54,62,72,80,5,29,superenalotto.it
2010-111,2010-09-16,111,5,49,71,83,85,88,74,28,superenalotto.it
2010-112,2010-09-18,112,4,23,24,35,77,79,17,11,superenalotto.it
2010-113,2010-09-21,113,46,49,61,69,74,82,66,41,superenalotto.it
2010-114,2010-09-23,114,25,32,64,74,85,90,6,29,superenalotto.it
2010-115,2010-09-25,115,13,16,45,58,63,72,74,69,superenalotto.it
2010-116,2010-09-28,116,18,20,46,54,57,65,58,20,superenalotto.it
2010-117,2010-09-30,117,6,24,55,67,70,75,19,74,superenalotto.it
2010-118,2010-10-02,118,9,16,31,43,49,83,61,10,superenalotto.it
2010-119,2010-10-05,119,17,38,42,50,68,86,62,1,superenalotto.it
2010-120,2010-10-07,120,19,22,49,65,70,87,60,61,superenalotto.it
2010-121,2010-10-09,121,24,30,42,54,84,85,75,9,superenalotto.it
2010-122,2010-10-12,122,18,23,31,38,47,51,35,88,superenalotto.it
2010-123,2010-10-14,123,9,15,19,38,48,77,75,53,superenalotto.it
2010-124,2010-10-16,124,16,31,41,61,65,77,25,34,superenalotto.it
2010-125,2010-10-19,125,31,49,54,57,80,88,22,25,superenalotto.it
2010-126,2010-10-21,126,3,13,33,42,56,85,68,71,superenalotto.it
2010-127,2010-10-23,127,12,26,46,69,72,87,18,71,superenalotto.it
2010-128,2010-10-26,128,30,32,49,53,72,84,86,44,superenalotto.it
2010-129,2010-10-28,129,16,29,32,53,61,72,88,23,superenalotto.it
2010-130,2010-10-30,130,4,26,40,54,55,67,41,78,superenalotto.it
2010-131,2010-11-02,131,31,39,53,56,68,90,66,18,superenalotto.it
2010-132,2010-11-04,132,1,10,47,50,52,74,23,18,superenalotto.it
2010-133,2010-11-06,133,13,35,41,44,59,79,74,84,superenalotto.it
2010-134,2010-11-09,134,23,37,41,51,62,74,33,43,superenalotto.it
2010-135,2010-11-11,135,28,49,50,54,66,68,77,63,superenalotto.it
2010-136,2010-11-13,136,2,34,45,47,54,74,48,20,superenalotto.it
2010-137,2010-11-16,137,26,38,40,66,76,81,33,50,superenalotto.it
2010-138,2010-11-18,138,23,32,33,47,63,81,77,67,superenalotto.it
2010-139,2010-11-20,139,5,7,46,65,73,82,1,20,superenalotto.it
2010-140,2010-11-23,140,46,54,65,70,82,85,23,37,superenalotto.it
2010-141,2010-11-25,141,5,14,48,52,57,90,61,50,superenalotto.it
2010-142,2010-11-27,142,21,38,41,43,52,77,5,41,superenalotto.it
2010-143,2010-11-30,143,19,20,32,64,87,89,69,37,superenalotto.it
2010-144,2010-12-02,144,10,35,39,57,61,75,12,11,superenalotto.it
2010-145,2010-12-04,145,16,20,36,39,42,51,80,61,superenalotto.it
2010-146,2010-12-07,146,27,31,45,61,74,79,70,22,superenalotto.it
2010-147,2010-12-09,147,12,32,54,60,89,90,71,25,superenalotto.it
2010-148,2010-12-11,148,3,17,35,52,69,83,68,5,superenalotto.it
2010-149,2010-12-14,149,3,17,48,76,77,90,83,3,superenalotto.it
2010-150,2010-12-16,150,9,15,27,54,76,86,56,8,superenalotto.it
2010-151,2010-12-18,151,30,38,52,63,74,89,10,36,superenalotto.it
2010-152,2010-12-21,152,8,9,19,48,51,81,26,50,superenalotto.it
2010-153,2010-12-23,153,5,12,16,44,71,75,21,28,superenalotto.it
2010-154,2010-12-27,154,4,39,62,67,69,78,65,5,superenalotto.it
2010-155,2010-12-28,155,1,4,21,56,69,75,59,10,superenalotto.it
2010-156,2010-12-30,156,5,29,35,39,41,45,46,44,superenalotto.it
2011-001,2011-01-03,1,4,7,12,20,74,89,76,9,superenalotto.it
2011-002,2011-01-04,2,1,12,21,31,39,49,25,51,superenalotto.it
2011-003,2011-01-07,3,14,25,44,54,78,89,66,49,superenalotto.it
2011-004,2011-01-08,4,26,68,73,75,76,86,71,83,superenalotto.it
2011-005,2011-01-11,5,12,13,31,69,71,77,49,18,superenalotto.it
2011-006,2011-01-13,6,15,17,34,59,83,86,23,49,superenalotto.it
2011-007,2011-01-15,7,5,8,37,77,79,90,9,63,superenalotto.it
2011-008,2011-01-18,8,10,50,55,61,87,90,26,42,superenalotto.it
2011-009,2011-01-20,9,4,23,35,54,72,88,74,43,superenalotto.it
2011-010,2011-01-22,10,6,8,15,52,67,86,42,45,superenalotto.it
2011-011,2011-01-25,11,3,12,13,15,43,46,11,37,superenalotto.it
2011-012,2011-01-27,12,1,11,27,45,49,61,80,49,superenalotto.it
2011-013,2011-01-29,13,11,35,58,64,68,72,26,31,superenalotto.it
2011-014,2011-02-01,14,22,30,43,62,70,71,50,88,superenalotto.it
2011-015,2011-02-03,15,20,25,37,45,49,63,73,37,superenalotto.it
2011-016,2011-02-05,16,25,32,43,52,65,78,88,39,superenalotto.it
2011-017,2011-02-08,17,10,11,20,41,55,83,1,67,superenalotto.it
2011-018,2011-02-10,18,1,47,54,81,84,89,22,57,superenalotto.it
2011-019,2011-02-12,19,1,3,19,23,61,78,36,16,superenalotto.it
2011-020,2011-02-15,20,25,40,63,78,82,85,88,80,superenalotto.it
2011-021,2011-02-17,21,10,17,18,25,45,84,21,73,superenalotto.it
2011-022,2011-02-19,22,27,44,48,57,77,83,47,78,superenalotto.it
2011-023,2011-02-22,23,2,3,38,42,56,74,23,88,superenalotto.it
2011-024,2011-02-24,24,2,25,50,63,76,85,77,74,superenalotto.it
2011-025,2011-02-26,25,16,18,20,26,32,35,8,11,superenalotto.it
2011-026,2011-03-01,26,9,32,42,55,71,90,86,31,superenalotto.it
2011-027,2011-03-03,27,12,41,64,75,82,84,34,29,superenalotto.it
2011-028,2011-03-05,28,3,12,38,50,54,55,19,74,superenalotto.it
2011-029,2011-03-08,29,22,28,32,57,58,85,50,8,superenalotto.it
2011-030,2011-03-10,30,7,14,21,47,58,71,43,61,superenalotto.it
2011-031,2011-03-12,31,22,26,42,44,58,83,59,24,superenalotto.it
2011-032,2011-03-15,32,6,25,62,80,85,86,57,44,superenalotto.it
2011-033,2011-03-18,33,6,16,35,52,53,69,49,66,superenalotto.it
2011-034,2011-03-19,34,10,21,43,47,58,85,2,49,superenalotto.it
2011-035,2011-03-22,35,2,32,49,52,54,80,90,60,superenalotto.it
2011-036,2011-03-24,36,7,13,19,65,86,88,46,68,superenalotto.it
2011-037,2011-03-26,37,37,38,56,62,70,83,88,15,superenalotto.it
2011-038,2011-03-29,38,2,11,37,45,48,66,22,15,superenalotto.it
2011-039,2011-03-31,39,3,25,43,55,72,80,85,88,superenalotto.it
2011-040,2011-04-02,40,8,14,20,36,45,85,26,70,superenalotto.it
2011-041,2011-04-05,41,5,30,31,55,57,70,84,62,superenalotto.it
2011-042,2011-04-07,42,21,22,46,56,63,66,34,85,superenalotto.it
2011-043,2011-04-09,43,12,13,17,38,74,87,18,21,superenalotto.it
2011-044,2011-04-12,44,29,37,50,62,70,86,27,62,superenalotto.it
2011-045,2011-04-14,45,24,26,43,71,79,80,7,23,superenalotto.it
2011-046,2011-04-16,46,9,17,29,37,49,68,70,53,superenalotto.it
2011-047,2011-04-19,47,9,12,21,34,64,67,1,70,superenalotto.it
2011-048,2011-04-21,48,8,14,23,25,45,69,78,78,superenalotto.it
2011-049,2011-04-23,49,6,34,35,54,62,84,45,26,superenalotto.it
2011-050,2011-04-26,50,14,32,56,72,78,79,27,55,superenalotto.it
2011-051,2011-04-28,51,38,42,45,69,86,90,63,47,superenalotto.it
2011-052,2011-04-30,52,15,29,36,48,74,83,45,60,superenalotto.it
2011-053,2011-05-03,53,30,40,51,52,54,74,72,12,superenalotto.it
2011-054,2011-05-05,54,21,31,33,40,50,52,62,89,superenalotto.it
2011-055,2011-05-07,55,3,4,22,43,65,67,10,33,superenalotto.it
2011-056,2011-05-10,56,12,35,75,76,82,84,17,18,superenalotto.it
2011-057,2011-05-12,57,1,3,6,21,85,90,58,46,superenalotto.it
2011-058,2011-05-14,58,2,21,22,56,70,81,44,51,superenalotto.it
2011-059,2011-05-17,59,28,41,55,69,79,82,35,61,superenalotto.it
2011-060,2011-05-19,60,5,24,32,78,80,83,40,16,superenalotto.it
2011-061,2011-05-21,61,8,12,18,31,32,85,73,69,superenalotto.it
2011-062,2011-05-24,62,65,72,74,79,87,90,30,23,superenalotto.it
2011-063,2011-05-26,63,20,24,31,38,54,72,27,52,superenalotto.it
2011-064,2011-05-28,64,15,16,79,80,84,88,83,38,superenalotto.it
2011-065,2011-05-31,65,1,10,62,69,78,85,30,27,superenalotto.it
2011-066,2011-06-03,66,14,16,24,30,34,72,17,86,superenalotto.it
2011-067,2011-06-04,67,21,44,46,49,58,67,88,59,superenalotto.it
2011-068,2011-06-07,68,5,20,44,51,54,90,63,43,superenalotto.it
2011-069,2011-06-09,69,10,17,21,35,36,76,83,73,superenalotto.it
2011-070,2011-06-11,70,11,29,39,41,43,55,83,22,superenalotto.it
2011-071,2011-06-14,71,40,44,49,57,58,87,1,28,superenalotto.it
2011-072,2011-06-16,72,18,48,57,59,84,87,6,43,superenalotto.it
2011-073,2011-06-18,73,19,22,25,67,74,89,1,18,superenalotto.it
2011-074,2011-06-21,74,2,41,62,75,79,87,3,61,superenalotto.it
2011-075,2011-06-23,75,11,27,47,50,58,82,22,8,superenalotto.it
2011-076,2011-06-25,76,11,17,35,42,71,76,82,30,superenalotto.it
2011-077,2011-06-28,77,5,6,29,43,66,74,47,48,superenalotto.it
2011-078,2011-06-30,78,7,20,35,37,57,70,42,31,superenalotto.it
2011-079,2011-07-02,79,6,9,11,19,45,51,69,20,superenalotto.it
2011-080,2011-07-05,80,2,6,7,51,57,71,10,49,superenalotto.it
2011-081,2011-07-07,81,1,2,34,54,79,88,45,53,superenalotto.it
2011-082,2011-07-09,82,11,22,42,49,58,89,78,22,superenalotto.it
2011-083,2011-07-12,83,7,27,28,45,57,75,24,18,superenalotto.it
2011-084,2011-07-14,84,21,35,51,68,81,90,13,6,superenalotto.it
2011-085,2011-07-16,85,17,20,38,51,53,74,5,79,superenalotto.it
2011-086,2011-07-19,86,35,43,56,58,71,90,40,34,superenalotto.it
2011-087,2011-07-21,87,9,13,31,35,45,79,62,88,superenalotto.it
2011-088,2011-07-23,88,36,42,63,77,81,86,78,65,superenalotto.it
2011-089,2011-07-26,89,6,38,50,63,65,74,11,76,superenalotto.it
2011-090,2011-07-28,90,21,23,25,65,67,78,40,63,superenalotto.it
2011-091,2011-07-30,91,9,33,36,54,60,86,28,65,superenalotto.it
2011-092,2011-08-02,92,1,5,32,49,69,72,89,28,superenalotto.it
2011-093,2011-08-04,93,3,10,18,42,67,90,80,1,superenalotto.it
2011-094,2011-08-06,94,18,21,58,65,89,90,62,67,superenalotto.it
2011-095,2011-08-09,95,30,41,55,68,76,82,70,58,superenalotto.it
2011-096,2011-08-11,96,8,17,51,60,63,79,22,49,superenalotto.it
2011-097,2011-08-13,97,14,31,37,49,74,78,76,2,superenalotto.it
2011-098,2011-08-16,98,2,6,27,29,38,55,26,58,superenalotto.it
2011-099,2011-08-18,99,18,23,34,37,67,68,87,44,superenalotto.it
2011-100,2011-08-20,100,18,26,29,78,79,80,49,56,superenalotto.it
2011-101,2011-08-23,101,2,34,42,43,58,76,52,47,superenalotto.it
2011-102,2011-08-25,102,18,38,39,45,57,90,69,13,superenalotto.it
2011-103,2011-08-27,103,9,43,50,51,57,83,27,50,superenalotto.it
2011-104,2011-08-30,104,12,23,32,35,52,55,75,51,superenalotto.it
2011-105,2011-09-01,105,8,12,26,44,48,50,68,46,superenalotto.it
2011-106,2011-09-03,106,3,5,9,41,58,62,82,11,superenalotto.it
2011-107,2011-09-06,107,14,15,21,41,60,63,37,8,superenalotto.it
2011-108,2011-09-08,108,20,45,61,67,80,88,16,15,superenalotto.it
2011-109,2011-09-10,109,2,8,9,29,53,75,83,63,superenalotto.it
2011-110,2011-09-13,110,61,64,74,75,80,87,38,28,superenalotto.it
2011-111,2011-09-15,111,6,19,30,45,52,89,7,80,superenalotto.it
2011-112,2011-09-17,112,13,45,70,72,81,84,71,50,superenalotto.it
2011-113,2011-09-20,113,7,23,39,48,69,75,83,68,superenalotto.it
2011-114,2011-09-22,114,4,6,27,37,45,58,84,1,superenalotto.it
2011-115,2011-09-24,115,4,23,56,71,76,78,73,1,superenalotto.it
2011-116,2011-09-27,116,18,28,35,52,57,75,83,68,superenalotto.it
2011-117,2011-09-29,117,11,26,41,45,75,77,46,60,superenalotto.it
2011-118,2011-10-01,118,3,5,13,54,58,85,90,24,superenalotto.it
2011-119,2011-10-04,119,1,8,41,68,69,73,50,27,superenalotto.it
2011-120,2011-10-06,120,5,8,11,47,56,63,87,12,superenalotto.it
2011-121,2011-10-08,121,1,26,45,58,66,88,34,2,superenalotto.it
2011-122,2011-10-11,122,23,36,41,43,83,90,17,89,superenalotto.it
2011-123,2011-10-13,123,9,19,27,53,78,81,39,88,superenalotto.it
2011-124,2011-10-15,124,33,40,44,54,64,85,12,41,superenalotto.it
2011-125,2011-10-18,125,1,19,29,60,76,77,2,67,superenalotto.it
2011-126,2011-10-20,126,7,11,21,34,69,88,76,72,superenalotto.it
2011-127,2011-10-22,127,9,15,22,56,61,86,24,8,superenalotto.it
2011-128,2011-10-25,128,13,21,24,39,44,60,66,73,superenalotto.it
2011-129,2011-10-27,129,2,41,63,64,67,73,76,70,superenalotto.it
2011-130,2011-10-29,130,8,16,23,24,71,77,40,60,superenalotto.it
2011-131,2011-11-02,131,5,14,41,48,59,90,6,31,superenalotto.it
2011-132,2011-11-03,132,52,55,65,75,79,81,88,29,superenalotto.it
2011-133,2011-11-05,133,23,44,46,59,74,80,67,40,superenalotto.it
2011-134,2011-11-08,134,23,52,71,74,78,86,54,4,superenalotto.it
2011-135,2011-11-10,135,8,13,24,39,57,77,21,56,superenalotto.it
2011-136,2011-11-12,136,25,32,46,58,74,79,73,40,superenalotto.it
2011-137,2011-11-15,137,18,21,36,38,45,62,85,83,superenalotto.it
2011-138,2011-11-17,138,12,25,30,33,38,84,47,39,superenalotto.it
2011-139,2011-11-19,139,13,24,52,53,88,90,1,79,superenalotto.it
2011-140,2011-11-22,140,11,16,17,25,61,72,18,48,superenalotto.it
2011-141,2011-11-24,141,3,33,62,69,75,79,2,73,superenalotto.it
2011-142,2011-11-26,142,26,29,35,81,82,87,56,37,superenalotto.it
2011-143,2011-11-29,143,13,24,29,37,55,67,47,62,superenalotto.it
2011-144,2011-12-01,144,4,10,29,41,54,74,14,25,superenalotto.it
2011-145,2011-12-03,145,7,13,16,42,67,68,83,11,superenalotto.it
2011-146,2011-12-06,146,1,4,10,24,55,90,60,2,superenalotto.it
2011-147,2011-12-09,147,1,49,51,60,83,84,72,56,superenalotto.it
2011-148,2011-12-10,148,28,31,48,56,72,78,65,34,superenalotto.it
2011-149,2011-12-13,149,10,26,31,36,72,85,61,3,superenalotto.it
2011-150,2011-12-15,150,7,37,40,53,55,62,58,23,superenalotto.it
2011-151,2011-12-17,151,2,28,37,56,77,79,85,12,superenalotto.it
2011-152,2011-12-20,152,21,28,56,63,68,88,86,50,superenalotto.it
2011-153,2011-12-22,153,36,37,44,62,75,90,61,40,superenalotto.it
2011-154,2011-12-24,154,16,41,46,53,86,87,24,89,superenalotto.it
2011-155,2011-12-27,155,6,9,21,24,30,47,87,74,superenalotto.it
2011-156,2011-12-29,156,15,20,42,43,47,83,26,80,superenalotto.it
2011-157,2011-12-31,157,2,3,9,30,33,56,11,32,superenalotto.it
2012-001,2012-01-03,1,35,47,54,68,71,78,33,79,superenalotto.it
2012-002,2012-01-05,2,10,11,12,24,56,71,38,28,superenalotto.it
2012-003,2012-01-07,3,7,15,60,72,77,90,13,48,superenalotto.it
2012-004,2012-01-10,4,14,22,27,28,34,66,69,23,superenalotto.it
2012-005,2012-01-12,5,20,49,53,63,73,84,88,49,superenalotto.it
2012-006,2012-01-14,6,4,12,15,37,53,83,41,65,superenalotto.it
2012-007,2012-01-17,7,9,27,32,51,53,71,62,82,superenalotto.it
2012-008,2012-01-19,8,24,41,44,56,73,90,60,66,superenalotto.it
2012-009,2012-01-21,9,12,19,33,38,62,80,84,12,superenalotto.it
2012-010,2012-01-24,10,27,32,55,68,72,75,84,61,superenalotto.it
2012-011,2012-01-26,11,13,16,22,30,52,87,42,37,superenalotto.it
2012-012,2012-01-28,12,2,17,25,50,52,84,28,35,superenalotto.it
2012-013,2012-01-31,13,16,23,28,33,43,86,30,51,superenalotto.it
2012-014,2012-02-02,14,25,37,43,50,58,60,89,6,superenalotto.it
2012-015,2012-02-04,15,1,17,30,43,67,82,2,40,superenalotto.it
2012-016,2012-02-07,16,27,30,69,75,81,83,68,36,superenalotto.it
2012-017,2012-02-09,17,43,51,54,71,73,85,25,56,superenalotto.it
2012-018,2012-02-11,18,23,30,46,64,70,86,31,26,superenalotto.it
2012-019,2012-02-14,19,12,25,41,79,86,88,37,66,superenalotto.it
2012-020,2012-02-16,20,5,21,23,41,74,84,81,48,superenalotto.it
2012-021,2012-02-18,21,8,21,39,56,74,81,19,30,superenalotto.it
2012-022,2012-02-21,22,28,29,30,39,75,87,65,16,superenalotto.it
2012-023,2012-02-23,23,20,28,56,62,63,76,35,31,superenalotto.it
2012-024,2012-02-25,24,14,30,64,75,79,89,31,11,superenalotto.it
2012-025,2012-02-28,25,25,34,43,57,67,77,3,73,superenalotto.it
2012-026,2012-03-01,26,6,14,19,26,51,53,83,31,superenalotto.it
2012-027,2012-03-03,27,16,19,31,46,69,74,62,82,superenalotto.it
2012-028,2012-03-06,28,31,42,49,51,68,79,70,69,superenalotto.it
2012-029,2012-03-08,29,23,37,47,79,80,83,53,46,superenalotto.it
2012-030,2012-03-10,30,1,8,40,54,69,81,61,53,superenalotto.it
2012-031,2012-03-13,31,15,17,53,67,75,81,37,18,superenalotto.it
2012-032,2012-03-15,32,1,13,14,34,67,83,61,17,superenalotto.it
2012-033,2012-03-17,33,12,23,54,68,84,89,86,76,superenalotto.it
2012-034,2012-03-20,34,21,39,44,49,65,87,54,57,superenalotto.it
2012-035,2012-03-22,35,6,21,37,55,84,88,89,53,superenalotto.it
2012-036,2012-03-24,36,39,45,49,66,75,80,77,74,superenalotto.it
2012-037,2012-03-27,37,9,26,27,40,51,69,11,8,superenalotto.it
2012-038,2012-03-29,38,11,45,50,54,57,62,18,62,superenalotto.it
2012-039,2012-03-31,39,11,23,38,47,57,83,61,38,superenalotto.it
2012-040,2012-04-03,40,11,34,55,63,87,89,6,83,superenalotto.it
2012-041,2012-04-05,41,10,37,44,56,60,89,7,25,superenalotto.it
2012-042,2012-04-07,42,37,46,54,55,65,87,1,59,superenalotto.it
2012-043,2012-04-10,43,9,22,41,49,52,53,77,36,superenalotto.it
2012-044,2012-04-12,44,15,25,34,54,70,88,33,45,superenalotto.it
2012-045,2012-04-14,45,5,22,24,36,85,86,29,2,superenalotto.it
2012-046,2012-04-17,46,6,28,39,46,60,78,57,56,superenalotto.it
2012-047,2012-04-19,47,12,26,27,47,63,77,3,45,superenalotto.it
2012-048,2012-04-21,48,9,11,33,69,73,82,44,48,superenalotto.it
2012-049,2012-04-24,49,24,28,54,68,78,81,74,26,superenalotto.it
2012-050,2012-04-26,50,19,61,62,65,85,89,67,39,superenalotto.it
2012-051,2012-04-28,51,6,11,34,51,59,82,75,6,superenalotto.it
2012-052,2012-05-02,52,9,22,61,67,84,85,6,36,superenalotto.it
2012-053,2012-05-03,53,8,16,25,28,57,68,55,10,superenalotto.it
2012-054,2012-05-05,54,13,14,19,57,77,79,65,52,superenalotto.it
2012-055,2012-05-08,55,13,19,35,38,52,64,57,66,superenalotto.it
2012-056,2012-05-10,56,6,16,30,53,60,71,86,11,superenalotto.it
2012-057,2012-05-12,57,10,45,58,66,83,85,51,20,superenalotto.it
2012-058,2012-05-15,58,5,38,56,76,77,89,71,64,superenalotto.it
2012-059,2012-05-17,59,14,38,41,58,65,75,86,70,superenalotto.it
2012-060,2012-05-19,60,1,23,27,33,37,85,56,16,superenalotto.it
2012-061,2012-05-22,61,1,6,31,45,58,85,55,81,superenalotto.it
2012-062,2012-05-24,62,10,29,32,43,56,90,71,84,superenalotto.it
2012-063,2012-05-26,63,3,33,51,55,73,84,47,88,superenalotto.it
2012-064,2012-05-29,64,38,39,42,49,55,81,2,10,superenalotto.it
2012-065,2012-05-31,65,12,25,66,72,75,89,6,57,superenalotto.it
2012-066,2012-06-04,66,8,16,20,23,47,56,50,79,superenalotto.it
2012-067,2012-06-05,67,15,29,38,44,67,74,63,2,superenalotto.it
2012-068,2012-06-07,68,32,58,63,70,75,81,4,59,superenalotto.it
2012-069,2012-06-09,69,31,34,52,54,78,82,74,81,superenalotto.it
2012-070,2012-06-12,70,20,30,47,69,77,83,86,17,superenalotto.it
2012-071,2012-06-14,71,3,13,39,40,49,75,24,26,superenalotto.it
2012-072,2012-06-16,72,1,9,37,69,71,83,48,40,superenalotto.it
2012-073,2012-06-19,73,52,62,65,77,87,90,13,31,superenalotto.it
2012-074,2012-06-21,74,9,24,39,48,69,75,36,80,superenalotto.it
2012-075,2012-06-23,75,2,6,26,42,55,86,3,15,superenalotto.it
2012-076,2012-06-26,76,13,30,46,48,70,88,10,9,superenalotto.it
2012-077,2012-06-28,77,6,20,25,42,57,80,49,63,superenalotto.it
2012-078,2012-06-30,78,17,20,21,39,44,89,75,83,superenalotto.it
2012-079,2012-07-03,79,2,12,17,60,63,78,61,56,superenalotto.it
2012-080,2012-07-05,80,15,59,64,65,76,79,17,26,superenalotto.it
2012-081,2012-07-07,81,15,25,26,53,74,76,28,25,superenalotto.it
2012-082,2012-07-10,82,19,32,33,66,75,78,21,36,superenalotto.it
2012-083,2012-07-12,83,40,42,54,66,77,86,39,47,superenalotto.it
2012-084,2012-07-14,84,27,38,70,75,78,82,69,28,superenalotto.it
2012-085,2012-07-17,85,8,28,35,53,57,61,36,14,superenalotto.it
2012-086,2012-07-19,86,5,36,51,55,69,79,48,86,superenalotto.it
2012-087,2012-07-21,87,22,24,49,58,72,85,25,52,superenalotto.it
2012-088,2012-07-24,88,2,45,55,77,84,88,65,7,superenalotto.it
2012-089,2012-07-26,89,11,18,30,59,76,77,5,54,superenalotto.it
2012-090,2012-07-28,90,9,17,67,68,80,81,1,87,superenalotto.it
2012-091,2012-07-31,91,29,82,83,84,87,89,13,49,superenalotto.it
2012-092,2012-08-02,92,2,8,55,66,73,83,32,83,superenalotto.it
2012-093,2012-08-04,93,12,35,47,56,74,87,67,13,superenalotto.it
2012-094,2012-08-07,94,24,50,57,62,72,77,38,75,superenalotto.it
2012-095,2012-08-09,95,19,30,32,39,47,71,35,42,superenalotto.it
2012-096,2012-08-11,96,4,11,13,42,54,75,82,50,superenalotto.it
2012-097,2012-08-14,97,19,22,23,28,41,74,61,84,superenalotto.it
2012-098,2012-08-16,98,38,39,46,74,85,89,82,21,superenalotto.it
2012-099,2012-08-18,99,3,5,11,34,43,49,2,24,superenalotto.it
2012-100,2012-08-21,100,35,42,62,67,76,78,49,85,superenalotto.it
2012-101,2012-08-23,101,5,27,36,40,46,64,4,52,superenalotto.it
2012-102,2012-08-25,102,7,38,66,67,71,88,43,40,superenalotto.it
2012-103,2012-08-28,103,15,27,30,34,75,80,70,71,superenalotto.it
2012-104,2012-08-30,104,17,20,22,40,52,62,14,43,superenalotto.it
2012-105,2012-09-01,105,6,20,31,33,63,74,75,57,superenalotto.it
2012-106,2012-09-04,106,34,42,58,60,82,83,72,28,superenalotto.it
2012-107,2012-09-06,107,16,29,39,49,59,64,18,41,superenalotto.it
2012-108,2012-09-08,108,5,13,31,42,43,73,60,21,superenalotto.it
2012-109,2012-09-11,109,8,33,42,44,48,89,43,9,superenalotto.it
2012-110,2012-09-13,110,12,26,27,46,65,77,15,50,superenalotto.it
2012-111,2012-09-15,111,21,23,32,35,36,72,4,68,superenalotto.it
2012-112,2012-09-18,112,3,10,18,25,50,68,66,45,superenalotto.it
2012-113,2012-09-20,113,10,17,50,65,75,86,57,8,superenalotto.it
2012-114,2012-09-22,114,1,28,29,68,84,85,27,81,superenalotto.it
2012-115,2012-09-25,115,21,23,33,46,61,76,10,32,superenalotto.it
2012-116,2012-09-27,116,3,8,10,31,77,79,61,58,superenalotto.it
2012-117,2012-09-29,117,6,7,33,53,64,90,38,17,superenalotto.it
2012-118,2012-10-02,118,36,52,69,71,78,84,1,16,superenalotto.it
2012-119,2012-10-04,119,21,25,47,62,79,87,37,51,superenalotto.it
2012-120,2012-10-06,120,13,40,41,56,82,87,74,47,superenalotto.it
2012-121,2012-10-09,121,6,9,37,67,83,88,26,19,superenalotto.it
2012-122,2012-10-11,122,16,34,50,58,80,90,33,71,superenalotto.it
2012-123,2012-10-13,123,14,17,38,58,60,81,79,57,superenalotto.it
2012-124,2012-10-16,124,1,20,24,27,46,60,18,1,superenalotto.it
2012-125,2012-10-18,125,7,41,56,61,68,84,89,6,superenalotto.it
2012-126,2012-10-20,126,2,5,28,36,69,81,29,61,superenalotto.it
2012-127,2012-10-23,127,45,50,65,67,78,79,43,77,superenalotto.it
2012-128,2012-10-25,128,15,23,51,52,77,90,19,19,superenalotto.it
2012-129,2012-10-27,129,15,33,34,43,49,75,9,13,superenalotto.it
2012-130,2012-10-30,130,10,32,46,61,70,75,73,13,superenalotto.it
2012-131,2012-11-03,131,1,4,8,47,74,87,26,69,superenalotto.it
2012-132,2012-11-05,132,7,14,15,17,57,66,8,38,superenalotto.it
2012-133,2012-11-06,133,18,20,22,76,82,84,89,57,superenalotto.it
2012-134,2012-11-08,134,9,31,39,44,72,81,67,16,superenalotto.it
2012-135,2012-11-10,135,1,34,46,51,60,75,23,18,superenalotto.it
2012-136,2012-11-13,136,3,20,57,62,79,84,61,72,superenalotto.it
2012-137,2012-11-15,137,12,24,53,66,74,83,86,69,superenalotto.it
2012-138,2012-11-17,138,8,10,39,60,77,84,23,90,superenalotto.it
2012-139,2012-11-20,139,9,11,29,41,67,70,69,1,superenalotto.it
2012-140,2012-11-22,140,20,25,51,59,77,88,37,13,superenalotto.it
2012-141,2012-11-24,141,12,26,34,42,48,63,33,42,superenalotto.it
2012-142,2012-11-27,142,5,13,56,65,78,82,74,58,superenalotto.it
2012-143,2012-11-29,143,1,13,17,29,54,63,60,28,superenalotto.it
2012-144,2012-12-01,144,6,20,25,45,56,60,48,66,superenalotto.it
2012-145,2012-12-04,145,19,33,35,42,49,83,9,24,superenalotto.it
2012-146,2012-12-06,146,15,18,47,70,74,89,62,88,superenalotto.it
2012-147,2012-12-10,147,11,28,38,49,66,77,2,79,superenalotto.it
2012-148,2012-12-11,148,6,8,10,11,16,61,26,87,superenalotto.it
2012-149,2012-12-13,149,9,25,48,61,73,82,16,84,superenalotto.it
2012-150,2012-12-15,150,15,26,35,39,53,59,11,66,superenalotto.it
2012-151,2012-12-18,151,22,56,60,62,79,87,61,2,superenalotto.it
2012-152,2012-12-20,152,6,19,26,27,52,65,32,48,superenalotto.it
2012-153,2012-12-22,153,24,50,53,59,80,85,32,3,superenalotto.it
2012-154,2012-12-24,154,6,22,31,37,38,51,35,50,superenalotto.it
2012-155,2012-12-27,155,28,52,57,71,81,87,7,28,superenalotto.it
2012-156,2012-12-29,156,31,39,51,84,86,89,45,48,superenalotto.it
2013-001,2013-01-02,1,10,11,43,54,61,83,87,39,superenalotto.it
2013-002,2013-01-03,2,12,14,41,51,69,90,15,82,superenalotto.it
2013-003,2013-01-05,3,3,11,38,59,67,74,31,2,superenalotto.it
2013-004,2013-01-08,4,28,32,52,74,79,80,15,11,superenalotto.it
2013-005,2013-01-10,5,1,16,22,54,73,76,62,83,superenalotto.it
2013-006,2013-01-12,6,9,12,13,30,48,86,72,20,superenalotto.it
2013-007,2013-01-15,7,12,24,40,42,70,84,76,82,superenalotto.it
2013-008,2013-01-17,8,25,34,38,69,83,86,4,30,superenalotto.it
2013-009,2013-01-19,9,1,6,23,52,58,65,84,51,superenalotto.it
2013-010,2013-01-22,10,8,51,52,60,83,88,78,13,superenalotto.it
2013-011,2013-01-24,11,15,17,47,53,64,80,30,86,superenalotto.it
2013-012,2013-01-26,12,10,12,27,39,78,84,71,35,superenalotto.it
2013-013,2013-01-29,13,6,12,18,22,25,82,42,25,superenalotto.it
2013-014,2013-01-31,14,37,42,47,49,53,63,16,75,superenalotto.it
2013-015,2013-02-02,15,9,18,39,63,64,85,74,84,superenalotto.it
2013-016,2013-02-05,16,7,13,49,71,80,88,62,13,superenalotto.it
2013-017,2013-02-07,17,4,5,55,77,80,81,3,81,superenalotto.it
2013-018,2013-02-09,18,4,11,32,51,66,81,26,49,superenalotto.it
2013-019,2013-02-12,19,6,21,41,72,73,80,52,14,superenalotto.it
2013-020,2013-02-14,20,24,32,44,60,64,76,25,76,superenalotto.it
2013-021,2013-02-16,21,6,32,35,43,53,69,82,8,superenalotto.it
2013-022,2013-02-19,22,3,34,37,55,82,90,61,46,superenalotto.it
2013-023,2013-02-21,23,4,16,35,57,69,88,87,21,superenalotto.it
2013-024,2013-02-23,24,1,11,21,50,67,75,52,34,superenalotto.it
2013-025,2013-02-26,25,20,25,51,59,84,90,10,42,superenalotto.it
2013-026,2013-02-28,26,4,24,62,66,76,84,27,19,superenalotto.it
2013-027,2013-03-02,27,16,49,59,67,71,82,78,88,superenalotto.it
2013-028,2013-03-05,28,32,34,39,52,59,61,11,37,superenalotto.it
2013-029,2013-03-07,29,26,32,42,46,78,82,7,21,superenalotto.it
2013-030,2013-03-09,30,13,22,36,64,80,84,37,69,superenalotto.it
2013-031,2013-03-12,31,7,10,22,23,41,77,49,80,superenalotto.it
2013-032,2013-03-14,32,27,35,47,57,85,89,68,35,superenalotto.it
2013-033,2013-03-16,33,19,41,43,48,73,81,1,57,superenalotto.it
2013-034,2013-03-19,34,21,39,71,76,89,90,78,33,superenalotto.it
2013-035,2013-03-21,35,9,27,47,58,62,71,72,23,superenalotto.it
2013-036,2013-03-23,36,29,42,45,58,67,86,59,36,superenalotto.it
2013-037,2013-03-26,37,15,37,46,52,64,89,7,73,superenalotto.it
2013-038,2013-03-28,38,12,27,54,68,73,76,89,25,superenalotto.it
2013-039,2013-03-30,39,17,42,52,71,74,90,87,48,superenalotto.it
2013-040,2013-04-02,40,4,12,33,52,85,87,35,70,superenalotto.it
2013-041,2013-04-04,41,3,4,31,52,66,84,24,35,superenalotto.it
2013-042,2013-04-06,42,5,8,73,84,87,88,82,39,superenalotto.it
2013-043,2013-04-09,43,25,44,45,52,68,81,10,49,superenalotto.it
2013-044,2013-04-11,44,1,47,66,67,78,90,83,49,superenalotto.it
2013-045,2013-04-13,45,26,33,43,49,61,76,78,33,superenalotto.it
2013-046,2013-04-16,46,21,30,35,36,83,89,73,69,superenalotto.it
2013-047,2013-04-18,47,27,30,35,39,49,69,56,62,superenalotto.it
2013-048,2013-04-20,48,29,33,67,75,83,86,40,19,superenalotto.it
2013-049,2013-04-23,49,1,13,37,53,62,63,27,11,superenalotto.it
2013-050,2013-04-27,50,1,2,11,56,57,75,46,37,superenalotto.it
2013-051,2013-04-29,51,2,6,53,54,68,89,21,61,superenalotto.it
2013-052,2013-04-30,52,5,35,38,75,82,86,12,60,superenalotto.it
2013-053,2013-05-02,53,19,32,33,57,65,75,29,80,superenalotto.it
2013-054,2013-05-04,54,6,31,63,74,75,85,86,13,superenalotto.it
2013-055,2013-05-07,55,19,37,54,65,67,70,75,46,superenalotto.it
2013-056,2013-05-09,56,13,16,20,21,25,65,69,64,superenalotto.it
2013-057,2013-05-11,57,10,42,48,67,83,84,4,4,superenalotto.it
2013-058,2013-05-14,58,35,41,47,74,77,85,40,55,superenalotto.it
2013-059,2013-05-16,59,3,16,22,39,49,71,33,20,superenalotto.it
2013-060,2013-05-18,60,14,20,24,36,40,81,17,15,superenalotto.it
2013-061,2013-05-21,61,6,32,48,53,54,87,63,73,superenalotto.it
2013-062,2013-05-23,62,14,22,36,53,59,66,11,77,superenalotto.it
2013-063,2013-05-25,63,6,27,34,55,62,87,51,32,superenalotto.it
2013-064,2013-05-28,64,26,35,47,66,67,80,11,24,superenalotto.it
2013-065,2013-05-30,65,29,43,61,62,77,79,85,55,superenalotto.it
2013-066,2013-06-01,66,8,21,25,54,84,85,51,73,superenalotto.it
2013-067,2013-06-04,67,3,27,34,62,81,88,35,81,superenalotto.it
2013-068,2013-06-06,68,34,36,47,64,73,78,25,67,superenalotto.it
2013-069,2013-06-08,69,5,10,31,53,56,61,21,19,superenalotto.it
2013-070,2013-06-11,70,2,21,37,39,41,64,63,79,superenalotto.it
2013-071,2013-06-13,71,1,5,6,39,41,70,10,27,superenalotto.it
2013-072,2013-06-15,72,15,19,33,35,62,68,40,54,superenalotto.it
2013-073,2013-06-18,73,8,24,32,34,65,86,23,40,superenalotto.it
2013-074,2013-06-20,74,15,24,32,52,68,71,75,26,superenalotto.it
2013-075,2013-06-22,75,2,19,25,59,84,88,61,24,superenalotto.it
2013-076,2013-06-25,76,6,16,40,61,64,82,19,42,superenalotto.it
2013-077,2013-06-27,77,12,22,27,37,52,87,35,18,superenalotto.it
2013-078,2013-06-29,78,17,22,54,69,82,88,9,1,superenalotto.it
2013-079,2013-07-02,79,3,4,18,29,64,90,52,15,superenalotto.it
2013-080,2013-07-04,80,9,41,46,47,53,77,3,54,superenalotto.it
2013-081,2013-07-06,81,4,9,24,64,74,76,40,89,superenalotto.it
2013-082,2013-07-09,82,17,36,48,55,63,70,28,21,superenalotto.it
2013-083,2013-07-11,83,14,15,34,55,59,81,46,10,superenalotto.it
2013-084,2013-07-13,84,23,49,52,65,67,76,61,84,superenalotto.it
2013-085,2013-07-16,85,22,29,57,72,85,89,49,36,superenalotto.it
2013-086,2013-07-18,86,16,19,24,37,63,85,38,49,superenalotto.it
2013-087,2013-07-20,87,2,16,20,26,31,33,64,46,superenalotto.it
2013-088,2013-07-23,88,11,14,39,63,73,75,29,86,superenalotto.it
2013-089,2013-07-25,89,33,38,41,43,46,57,53,20,superenalotto.it
2013-090,2013-07-27,90,17,19,40,43,72,84,48,35,superenalotto.it
2013-091,2013-07-30,91,16,47,55,57,70,85,19,83,superenalotto.it
2013-092,2013-08-01,92,8,21,24,25,27,75,34,51,superenalotto.it
2013-093,2013-08-03,93,15,16,34,74,85,87,65,80,superenalotto.it
2013-094,2013-08-06,94,14,16,32,35,41,50,1,12,superenalotto.it
2013-095,2013-08-08,95,2,14,42,52,75,79,53,14,superenalotto.it
2013-096,2013-08-10,96,5,33,47,61,64,70,29,32,superenalotto.it
2013-097,2013-08-13,97,1,33,41,78,83,84,72,57,superenalotto.it
2013-098,2013-08-17,98,20,21,24,43,76,89,83,60,superenalotto.it
2013-099,2013-08-19,99,3,5,11,14,38,79,29,26,superenalotto.it
2013-100,2013-08-20,100,4,11,15,26,58,68,16,39,superenalotto.it
2013-101,2013-08-22,101,19,21,30,59,61,89,25,7,superenalotto.it
2013-102,2013-08-24,102,1,2,5,27,39,49,31,14,superenalotto.it
2013-103,2013-08-27,103,6,44,63,64,72,82,12,90,superenalotto.it
2013-104,2013-08-29,104,19,54,55,71,80,84,81,73,superenalotto.it
2013-105,2013-08-31,105,11,20,50,62,70,85,59,1,superenalotto.it
2013-106,2013-09-03,106,1,7,56,70,88,90,83,87,superenalotto.it
2013-107,2013-09-05,107,15,23,45,70,81,82,16,44,superenalotto.it
2013-108,2013-09-07,108,41,55,72,78,83,87,77,61,superenalotto.it
2013-109,2013-09-10,109,35,44,57,58,87,88,22,69,superenalotto.it
2013-110,2013-09-12,110,7,44,48,51,64,83,90,51,superenalotto.it
2013-111,2013-09-14,111,20,35,45,47,72,78,59,31,superenalotto.it
2013-112,2013-09-17,112,1,21,34,44,49,90,37,74,superenalotto.it
2013-113,2013-09-19,113,15,21,28,75,81,86,38,82,superenalotto.it
2013-114,2013-09-21,114,36,61,75,81,82,89,14,75,superenalotto.it
2013-115,2013-09-24,115,1,27,33,36,43,86,42,3,superenalotto.it
2013-116,2013-09-26,116,4,38,42,57,64,75,84,9,superenalotto.it
2013-117,2013-09-28,117,28,57,61,69,78,83,86,44,superenalotto.it
2013-118,2013-10-01,118,16,21,26,64,66,78,50,78,superenalotto.it
2013-119,2013-10-03,119,7,14,42,43,56,57,64,82,superenalotto.it
2013-120,2013-10-05,120,2,5,8,65,74,77,86,16,superenalotto.it
2013-121,2013-10-08,121,1,31,39,60,62,84,26,55,superenalotto.it
2013-122,2013-10-10,122,3,7,12,20,48,55,26,48,superenalotto.it
2013-123,2013-10-12,123,10,19,20,39,85,87,46,23,superenalotto.it
2013-124,2013-10-15,124,22,36,60,64,71,80,47,27,superenalotto.it
2013-125,2013-10-17,125,11,18,40,58,81,87,62,32,superenalotto.it
2013-126,2013-10-19,126,12,30,36,44,54,60,40,16,superenalotto.it
2013-127,2013-10-22,127,2,5,34,56,72,73,11,61,superenalotto.it
2013-128,2013-10-24,128,1,3,5,41,62,76,21,23,superenalotto.it
2013-129,2013-10-26,129,24,48,50,62,63,87,12,74,superenalotto.it
2013-130,2013-10-29,130,12,23,49,53,67,83,13,59,superenalotto.it
2013-131,2013-10-31,131,13,18,26,37,46,48,42,62,superenalotto.it
2013-132,2013-11-02,132,1,12,67,75,81,90,76,66,superenalotto.it
2013-133,2013-11-05,133,4,9,10,76,78,87,66,16,superenalotto.it
2013-134,2013-11-07,134,9,19,21,50,61,82,71,68,superenalotto.it
2013-135,2013-11-09,135,10,22,39,55,81,89,43,58,superenalotto.it
2013-136,2013-11-12,136,16,26,30,52,57,83,61,7,superenalotto.it
2013-137,2013-11-14,137,23,45,54,61,69,75,52,29,superenalotto.it
2013-138,2013-11-16,138,16,36,54,55,63,69,85,20,superenalotto.it
2013-139,2013-11-19,139,14,15,39,47,53,76,67,45,superenalotto.it
2013-140,2013-11-21,140,28,37,52,57,64,66,43,58,superenalotto.it
2013-141,2013-11-23,141,6,10,19,71,72,89,52,77,superenalotto.it
2013-142,2013-11-26,142,20,25,30,45,75,79,15,84,superenalotto.it
2013-143,2013-11-28,143,31,51,55,66,73,78,88,22,superenalotto.it
2013-144,2013-11-30,144,10,11,35,42,52,89,84,58,superenalotto.it
2013-145,2013-12-03,145,12,40,42,66,73,80,30,63,superenalotto.it
2013-146,2013-12-05,146,28,34,42,68,71,88,7,21,superenalotto.it
2013-147,2013-12-07,147,2,16,42,67,75,87,89,75,superenalotto.it
2013-148,2013-12-10,148,10,16,20,57,65,89,5,22,superenalotto.it
2013-149,2013-12-12,149,10,19,32,49,53,66,16,52,superenalotto.it
2013-150,2013-12-14,150,5,33,44,46,66,76,81,76,superenalotto.it
2013-151,2013-12-17,151,12,22,27,43,60,72,8,73,superenalotto.it
2013-152,2013-12-19,152,10,23,27,39,70,82,65,35,superenalotto.it
2013-153,2013-12-21,153,2,14,17,21,22,26,78,77,superenalotto.it
2013-154,2013-12-23,154,15,43,48,54,55,76,79,89,superenalotto.it
2013-155,2013-12-24,155,10,39,45,65,74,86,60,17,superenalotto.it
2013-156,2013-12-28,156,39,52,69,70,74,82,40,80,superenalotto.it
2013-157,2013-12-31,157,25,60,62,76,82,87,8,47,superenalotto.it
2014-001,2014-01-02,1,49,55,57,64,70,77,85,45,superenalotto.it
2014-002,2014-01-04,2,19,26,30,47,69,81,90,30,superenalotto.it
2014-003,2014-01-07,3,14,47,48,58,60,69,26,41,superenalotto.it
2014-004,2014-01-09,4,15,17,24,41,70,87,71,7,superenalotto.it
2014-005,2014-01-11,5,11,37,39,52,68,90,12,56,superenalotto.it
2014-006,2014-01-14,6,4,7,25,74,82,87,3,33,superenalotto.it
2014-007,2014-01-16,7,3,18,34,37,40,47,55,85,superenalotto.it
2014-008,2014-01-18,8,14,18,38,41,74,78,58,70,superenalotto.it
2014-009,2014-01-21,9,5,23,35,54,56,62,53,88,superenalotto.it
2014-010,2014-01-23,10,3,6,12,13,19,67,39,24,superenalotto.it
2014-011,2014-01-25,11,22,34,53,59,62,88,36,57,superenalotto.it
2014-012,2014-01-28,12,9,17,27,29,59,67,34,70,superenalotto.it
2014-013,2014-01-30,13,7,21,28,45,59,90,74,65,superenalotto.it
2014-014,2014-02-01,14,3,6,41,44,48,73,84,46,superenalotto.it
2014-015,2014-02-04,15,3,12,25,33,59,85,77,12,superenalotto.it
2014-016,2014-02-06,16,9,12,14,61,79,90,26,63,superenalotto.it
2014-017,2014-02-08,17,8,16,41,52,64,74,81,62,superenalotto.it
2014-018,2014-02-11,18,12,27,38,43,65,67,71,9,superenalotto.it
2014-019,2014-02-13,19,9,11,17,20,33,75,32,46,superenalotto.it
2014-020,2014-02-15,20,18,31,62,64,72,77,69,49,superenalotto.it
2014-021,2014-02-18,21,15,36,49,62,75,82,39,23,superenalotto.it
2014-022,2014-02-20,22,14,26,47,63,78,80,37,68,superenalotto.it
2014-023,2014-02-22,23,17,19,28,34,38,82,40,62,superenalotto.it
2014-024,2014-02-25,24,26,51,52,54,70,88,65,45,superenalotto.it
2014-025,2014-02-27,25,19,32,54,59,68,86,45,53,superenalotto.it
2014-026,2014-03-01,26,7,8,47,56,79,90,9,18,superenalotto.it
2014-027,2014-03-04,27,40,46,51,61,65,76,71,65,superenalotto.it
2014-028,2014-03-06,28,15,61,66,67,76,79,68,40,superenalotto.it
2014-029,2014-03-08,29,35,45,50,51,82,87,30,38,superenalotto.it
2014-030,2014-03-11,30,49,51,53,56,58,81,12,37,superenalotto.it
2014-031,2014-03-13,31,10,28,40,57,58,78,60,33,superenalotto.it
2014-032,2014-03-15,32,1,5,22,24,41,43,38,71,superenalotto.it
2014-033,2014-03-18,33,38,39,46,58,66,83,55,44,superenalotto.it
2014-034,2014-03-20,34,15,18,28,49,51,77,65,70,superenalotto.it
2014-035,2014-03-22,35,19,22,31,38,87,89,46,49,superenalotto.it
2014-036,2014-03-25,36,28,36,42,70,74,78,32,5,superenalotto.it
2014-037,2014-03-27,37,8,12,47,64,83,88,41,56,superenalotto.it
2014-038,2014-03-29,38,12,21,57,68,86,88,82,21,superenalotto.it
2014-039,2014-04-01,39,7,56,66,72,73,90,78,73,superenalotto.it
2014-040,2014-04-03,40,40,47,59,64,79,89,66,18,superenalotto.it
2014-041,2014-04-05,41,9,31,33,37,79,86,12,50,superenalotto.it
2014-042,2014-04-08,42,11,61,64,76,82,87,15,76,superenalotto.it
2014-043,2014-04-10,43,22,25,46,52,54,65,51,61,superenalotto.it
2014-044,2014-04-12,44,14,29,34,62,65,89,63,31,superenalotto.it
2014-045,2014-04-15,45,3,26,33,44,48,49,57,70,superenalotto.it
2014-046,2014-04-17,46,11,20,51,63,68,88,28,40,superenalotto.it
2014-047,2014-04-19,47,42,45,56,75,79,90,88,17,superenalotto.it
2014-048,2014-04-22,48,14,16,21,24,62,78,1,75,superenalotto.it
2014-049,2014-04-24,49,5,7,11,67,70,85,20,17,superenalotto.it
2014-050,2014-04-26,50,3,9,13,25,42,81,24,5,superenalotto.it
2014-051,2014-04-29,51,27,33,40,52,76,86,62,17,superenalotto.it
2014-052,2014-05-03,52,15,33,45,60,72,85,44,60,superenalotto.it
2014-053,2014-05-05,53,27,44,46,50,54,69,36,15,superenalotto.it
2014-054,2014-05-06,54,1,3,4,60,70,73,57,36,superenalotto.it
2014-055,2014-05-08,55,6,9,54,70,78,79,22,90,superenalotto.it
2014-056,2014-05-10,56,8,39,40,57,69,81,28,88,superenalotto.it
2014-057,2014-05-13,57,3,5,16,54,58,68,82,41,superenalotto.it
2014-058,2014-05-15,58,20,47,56,64,66,67,24,24,superenalotto.it
2014-059,2014-05-17,59,5,31,36,68,75,90,52,35,superenalotto.it
2014-060,2014-05-20,60,10,17,41,45,69,78,2,32,superenalotto.it
2014-061,2014-05-22,61,8,23,48,56,59,78,6,77,superenalotto.it
2014-062,2014-05-24,62,3,22,38,70,77,81,32,22,superenalotto.it
2014-063,2014-05-27,63,32,37,52,53,66,83,87,38,superenalotto.it
2014-064,2014-05-29,64,27,32,33,52,73,84,63,10,superenalotto.it
2014-065,2014-05-31,65,1,6,7,10,14,56,16,49,superenalotto.it
2014-066,2014-06-03,66,3,25,26,29,48,79,56,45,superenalotto.it
2014-067,2014-06-05,67,11,31,43,70,74,80,65,72,superenalotto.it
2014-068,2014-06-07,68,12,18,39,46,56,63,3,16,superenalotto.it
2014-069,2014-06-10,69,27,29,30,42,48,73,11,5,superenalotto.it
2014-070,2014-06-12,70,13,18,19,27,50,69,68,37,superenalotto.it
2014-071,2014-06-14,71,3,31,45,48,71,76,75,70,superenalotto.it
2014-072,2014-06-17,72,21,29,43,53,66,89,4,14,superenalotto.it
2014-073,2014-06-19,73,16,19,24,36,39,81,25,69,superenalotto.it
2014-074,2014-06-21,74,14,61,69,79,81,85,32,7,superenalotto.it
2014-075,2014-06-24,75,3,22,31,42,73,88,60,13,superenalotto.it
2014-076,2014-06-26,76,8,43,61,62,70,86,80,8,superenalotto.it
2014-077,2014-06-28,77,17,20,41,42,49,81,48,25,superenalotto.it
2014-078,2014-07-01,78,31,35,48,64,65,89,58,90,superenalotto.it
2014-079,2014-07-03,79,1,13,21,25,61,63,69,6,superenalotto.it
2014-080,2014-07-05,80,15,31,38,47,55,82,62,49,superenalotto.it
2014-081,2014-07-08,81,5,8,32,43,59,85,89,80,superenalotto.it
2014-082,2014-07-10,82,3,11,18,30,51,85,7,56,superenalotto.it
2014-083,2014-07-12,83,11,20,48,52,70,74,49,36,superenalotto.it
2014-084,2014-07-15,84,5,15,17,31,32,40,41,38,superenalotto.it
2014-085,2014-07-17,85,6,11,12,28,59,79,4,54,superenalotto.it
2014-086,2014-07-19,86,29,48,49,54,75,87,43,40,superenalotto.it
2014-087,2014-07-22,87,7,32,58,60,66,69,25,50,superenalotto.it
2014-088,2014-07-24,88,4,12,13,55,73,86,79,89,superenalotto.it
2014-089,2014-07-26,89,1,10,26,28,29,62,52,87,superenalotto.it
2014-090,2014-07-29,90,32,45,56,74,87,89,25,26,superenalotto.it
2014-091,2014-07-31,91,14,19,22,66,80,90,47,28,superenalotto.it
2014-092,2014-08-02,92,29,38,54,58,72,86,81,65,superenalotto.it
2014-093,2014-08-05,93,2,19,22,41,77,89,90,4,superenalotto.it
2014-094,2014-08-07,94,10,29,50,59,79,80,11,39,superenalotto.it
2014-095,2014-08-09,95,9,10,26,53,68,72,60,66,superenalotto.it
2014-096,2014-08-12,96,11,24,34,39,68,86,85,13,superenalotto.it
2014-097,2014-08-14,97,4,12,24,61,73,75,56,9,superenalotto.it
2014-098,2014-08-16,98,31,63,64,68,69,71,13,80,superenalotto.it
2014-099,2014-08-19,99,15,30,62,63,67,74,13,9,superenalotto.it
2014-100,2014-08-21,100,4,31,52,73,76,84,27,78,superenalotto.it
2014-101,2014-08-23,101,16,45,51,58,60,71,8,77,superenalotto.it
2014-102,2014-08-26,102,1,20,44,56,59,69,25,36,superenalotto.it
2014-103,2014-08-28,103,22,39,51,78,83,84,59,71,superenalotto.it
2014-104,2014-08-30,104,23,38,43,46,60,75,79,31,superenalotto.it
2014-105,2014-09-02,105,6,20,27,31,32,36,88,4,superenalotto.it
2014-106,2014-09-04,106,31,39,41,53,67,83,15,47,superenalotto.it
2014-107,2014-09-06,107,26,33,53,61,73,82,23,21,superenalotto.it
2014-108,2014-09-09,108,12,20,26,41,70,78,83,27,superenalotto.it
2014-109,2014-09-11,109,13,14,56,58,79,82,41,34,superenalotto.it
2014-110,2014-09-13,110,7,20,25,51,65,87,58,50,superenalotto.it
2014-111,2014-09-16,111,1,15,16,23,24,52,83,51,superenalotto.it
2014-112,2014-09-18,112,11,19,37,41,62,77,4,45,superenalotto.it
2014-113,2014-09-20,113,15,36,39,50,57,76,89,4,superenalotto.it
2014-114,2014-09-23,114,6,25,42,59,78,89,33,11,superenalotto.it
2014-115,2014-09-25,115,4,45,59,77,78,79,56,1,superenalotto.it
2014-116,2014-09-27,116,1,9,12,14,58,84,10,7,superenalotto.it
2014-117,2014-09-30,117,28,33,49,55,59,76,47,85,superenalotto.it
2014-118,2014-10-02,118,3,9,42,50,56,88,90,46,superenalotto.it
2014-119,2014-10-04,119,2,6,11,62,70,71,17,58,superenalotto.it
2014-120,2014-10-07,120,7,15,17,18,26,53,59,29,superenalotto.it
2014-121,2014-10-09,121,17,20,26,41,45,89,59,48,superenalotto.it
2014-122,2014-10-11,122,6,11,28,43,56,83,50,1,superenalotto.it
2014-123,2014-10-14,123,19,21,38,45,51,69,1,9,superenalotto.it
2014-124,2014-10-16,124,6,9,24,49,78,79,45,18,superenalotto.it
2014-125,2014-10-18,125,20,40,44,53,66,72,73,44,superenalotto.it
2014-126,2014-10-21,126,18,34,41,43,46,55,82,5,superenalotto.it
2014-127,2014-10-23,127,7,21,44,53,59,64,57,12,superenalotto.it
2014-128,2014-10-25,128,8,28,44,57,85,88,80,33,superenalotto.it
2014-129,2014-10-28,129,26,30,32,36,44,61,57,56,superenalotto.it
2014-130,2014-10-30,130,22,39,45,53,74,86,15,77,superenalotto.it
2014-131,2014-11-03,131,7,9,32,35,40,48,62,32,superenalotto.it
2014-132,2014-11-04,132,13,18,23,29,58,88,44,2,superenalotto.it
2014-133,2014-11-06,133,46,58,59,82,88,90,45,86,superenalotto.it
2014-134,2014-11-08,134,21,33,69,73,81,84,51,43,superenalotto.it
2014-135,2014-11-11,135,23,27,39,41,52,64,61,59,superenalotto.it
2014-136,2014-11-13,136,2,38,47,50,55,79,87,41,superenalotto.it
2014-137,2014-11-15,137,28,42,62,64,79,80,18,61,superenalotto.it
2014-138,2014-11-18,138,38,58,65,66,72,88,34,40,superenalotto.it
2014-139,2014-11-20,139,42,45,48,56,68,83,82,4,superenalotto.it
2014-140,2014-11-22,140,22,25,55,58,82,85,62,85,superenalotto.it
2014-141,2014-11-25,141,17,36,62,67,70,87,68,6,superenalotto.it
2014-142,2014-11-27,142,13,18,26,53,54,70,45,54,superenalotto.it
2014-143,2014-11-29,143,3,14,35,63,73,80,62,42,superenalotto.it
2014-144,2014-12-02,144,9,25,35,59,76,81,85,14,superenalotto.it
2014-145,2014-12-04,145,7,52,57,65,83,85,84,16,superenalotto.it
2014-146,2014-12-06,146,10,11,21,54,73,82,66,58,superenalotto.it
2014-147,2014-12-09,147,2,23,35,46,47,63,60,55,superenalotto.it
2014-148,2014-12-11,148,20,22,24,25,48,79,42,80,superenalotto.it
2014-149,2014-12-13,149,12,13,19,37,64,70,80,8,superenalotto.it
2014-150,2014-12-16,150,15,35,45,69,82,84,76,29,superenalotto.it
2014-151,2014-12-18,151,19,28,48,52,82,89,11,37,superenalotto.it
2014-152,2014-12-20,152,1,13,24,26,29,77,60,6,superenalotto.it
2014-153,2014-12-23,153,18,22,55,58,62,89,51,10,superenalotto.it
2014-154,2014-12-24,154,33,46,53,58,73,85,80,26,superenalotto.it
2014-155,2014-12-27,155,15,25,31,39,82,88,74,4,superenalotto.it
2014-156,2014-12-30,156,5,24,51,76,77,79,8,63,superenalotto.it
2015-001,2015-01-03,1,14,26,31,40,58,68,76,45,superenalotto.it
2015-002,2015-01-05,2,16,37,48,68,84,90,11,12,superenalotto.it
2015-003,2015-01-07,3,9,16,19,26,28,46,71,16,superenalotto.it
2015-004,2015-01-08,4,6,9,29,41,50,90,13,32,superenalotto.it
2015-005,2015-01-10,5,2,13,22,37,48,90,8,78,superenalotto.it
2015-006,2015-01-13,6,9,10,36,67,76,83,72,76,superenalotto.it
2015-007,2015-01-15,7,2,5,7,12,23,42,9,9,superenalotto.it
2015-008,2015-01-17,8,18,22,31,54,71,80,52,43,superenalotto.it
2015-009,2015-01-20,9,2,11,15,39,84,87,52,1,superenalotto.it
2015-010,2015-01-22,10,11,12,44,57,77,89,76,41,superenalotto.it
2015-011,2015-01-24,11,22,23,24,59,63,81,44,82,superenalotto.it
2015-012,2015-01-27,12,5,10,47,59,66,73,53,21,superenalotto.it
2015-013,2015-01-29,13,27,29,58,64,67,80,54,73,superenalotto.it
2015-014,2015-01-31,14,8,44,54,58,59,86,73,50,superenalotto.it
2015-015,2015-02-03,15,12,29,43,56,60,75,10,59,superenalotto.it
2015-016,2015-02-05,16,7,8,10,45,49,53,20,49,superenalotto.it
2015-017,2015-02-07,17,24,27,38,40,56,81,66,3,superenalotto.it
2015-018,2015-02-10,18,30,59,72,74,77,78,9,27,superenalotto.it
2015-019,2015-02-12,19,25,32,44,56,77,87,28,44,superenalotto.it
2015-020,2015-02-14,20,13,31,32,57,60,79,90,10,superenalotto.it
2015-021,2015-02-17,21,20,27,40,60,61,66,11,69,superenalotto.it
2015-022,2015-02-19,22,23,35,44,49,66,84,2,75,superenalotto.it
2015-023,2015-02-21,23,5,16,33,48,57,87,79,5,superenalotto.it
2015-024,2015-02-24,24,6,29,56,72,82,83,76,24,superenalotto.it
2015-025,2015-02-26,25,17,41,44,57,73,86,24,68,superenalotto.it
2015-026,2015-02-28,26,5,10,34,48,56,87,23,40,superenalotto.it
2015-027,2015-03-03,27,16,26,48,61,63,87,81,17,superenalotto.it
2015-028,2015-03-05,28,35,44,62,74,82,90,68,19,superenalotto.it
2015-029,2015-03-07,29,26,36,56,68,73,81,62,5,superenalotto.it
2015-030,2015-03-10,30,9,19,68,70,71,81,39,37,superenalotto.it
2015-031,2015-03-12,31,7,36,38,63,73,90,78,67,superenalotto.it
2015-032,2015-03-14,32,28,30,39,46,68,89,5,3,superenalotto.it
2015-033,2015-03-17,33,10,13,21,36,66,69,73,46,superenalotto.it
2015-034,2015-03-19,34,5,7,20,38,57,85,23,8,superenalotto.it
2015-035,2015-03-21,35,4,7,9,19,55,58,83,40,superenalotto.it
2015-036,2015-03-24,36,8,17,29,32,65,90,81,37,superenalotto.it
2015-037,2015-03-26,37,10,21,40,46,79,84,35,62,superenalotto.it
2015-038,2015-03-28,38,5,22,60,71,74,81,88,31,superenalotto.it
2015-039,2015-03-31,39,3,15,23,33,46,78,54,5,superenalotto.it
2015-040,2015-04-02,40,33,36,61,66,83,85,20,81,superenalotto.it
2015-041,2015-04-04,41,11,38,44,48,56,83,28,90,superenalotto.it
2015-042,2015-04-07,42,4,18,20,68,72,77,21,41,superenalotto.it
2015-043,2015-04-09,43,7,25,30,44,47,68,53,4,superenalotto.it
2015-044,2015-04-11,44,26,54,55,73,86,90,3,19,superenalotto.it
2015-045,2015-04-14,45,36,45,56,79,81,90,52,44,superenalotto.it
2015-046,2015-04-16,46,37,38,43,69,79,86,72,53,superenalotto.it
2015-047,2015-04-18,47,10,11,18,36,47,85,48,6,superenalotto.it
2015-048,2015-04-21,48,4,17,52,59,67,84,88,13,superenalotto.it
2015-049,2015-04-23,49,8,13,27,34,47,83,6,22,superenalotto.it
2015-050,2015-04-27,50,8,26,39,56,78,85,49,3,superenalotto.it
2015-051,2015-04-28,51,10,41,59,61,65,71,8,37,superenalotto.it
2015-052,2015-04-30,52,18,28,31,33,55,78,81,8,superenalotto.it
2015-053,2015-05-02,53,6,34,45,46,59,73,35,56,superenalotto.it
2015-054,2015-05-05,54,7,31,33,78,86,87,72,88,superenalotto.it
2015-055,2015-05-07,55,12,32,43,46,58,77,18,1,superenalotto.it
2015-056,2015-05-09,56,31,40,52,55,62,76,17,44,superenalotto.it
2015-057,2015-05-12,57,10,19,48,78,85,90,22,42,superenalotto.it
2015-058,2015-05-14,58,19,25,42,51,55,56,24,75,superenalotto.it
2015-059,2015-05-16,59,3,32,39,65,75,76,51,57,superenalotto.it
2015-060,2015-05-19,60,6,20,43,44,46,67,85,52,superenalotto.it
2015-061,2015-05-21,61,17,21,23,51,65,87,53,48,superenalotto.it
2015-062,2015-05-23,62,4,24,29,31,39,71,19,14,superenalotto.it
2015-063,2015-05-26,63,6,9,21,69,77,78,90,80,superenalotto.it
2015-064,2015-05-28,64,6,33,57,61,80,83,53,18,superenalotto.it
2015-065,2015-05-30,65,13,33,39,56,65,86,52,75,superenalotto.it
2015-066,2015-06-03,66,3,28,37,42,67,86,1,79,superenalotto.it
2015-067,2015-06-04,67,14,17,23,45,87,88,46,14,superenalotto.it
2015-068,2015-06-06,68,16,24,34,40,41,57,13,89,superenalotto.it
2015-069,2015-06-09,69,15,21,58,80,82,86,49,64,superenalotto.it
2015-070,2015-06-11,70,26,48,52,61,75,79,82,73,superenalotto.it
2015-071,2015-06-13,71,19,35,36,38,45,80,17,5,superenalotto.it
2015-072,2015-06-16,72,6,28,55,57,78,83,67,16,superenalotto.it
2015-073,2015-06-18,73,18,21,28,62,84,90,41,48,superenalotto.it
2015-074,2015-06-20,74,6,11,21,65,66,85,23,18,superenalotto.it
2015-075,2015-06-23,75,20,24,26,33,42,80,29,34,superenalotto.it
2015-076,2015-06-25,76,18,46,63,68,73,79,28,59,superenalotto.it
2015-077,2015-06-27,77,17,22,45,48,53,61,26,65,superenalotto.it
2015-078,2015-06-30,78,4,11,16,25,34,59,75,84,superenalotto.it
2015-079,2015-07-02,79,8,17,30,61,78,88,56,15,superenalotto.it
2015-080,2015-07-04,80,8,30,38,51,62,66,14,2,superenalotto.it
2015-081,2015-07-07,81,19,25,31,78,83,88,18,86,superenalotto.it
2015-082,2015-07-09,82,8,54,59,66,86,89,15,4,superenalotto.it
2015-083,2015-07-11,83,8,30,34,39,42,58,80,1,superenalotto.it
2015-084,2015-07-14,84,12,17,32,47,74,86,8,23,superenalotto.it
2015-085,2015-07-16,85,22,27,29,49,69,87,73,86,superenalotto.it
2015-086,2015-07-18,86,22,42,47,62,70,72,90,68,superenalotto.it
2015-087,2015-07-21,87,1,21,63,70,79,84,25,24,superenalotto.it
2015-088,2015-07-23,88,33,41,44,48,68,75,56,8,superenalotto.it
2015-089,2015-07-25,89,2,20,21,40,45,65,15,19,superenalotto.it
2015-090,2015-07-28,90,4,26,34,66,67,81,88,26,superenalotto.it
2015-091,2015-07-30,91,13,18,25,26,35,61,60,56,superenalotto.it
2015-092,2015-08-01,92,2,26,34,58,80,81,23,42,superenalotto.it
2015-093,2015-08-04,93,34,53,77,78,83,89,87,83,superenalotto.it
2015-094,2015-08-06,94,2,27,36,39,53,79,72,44,superenalotto.it
2015-095,2015-08-08,95,3,7,17,26,55,72,41,89,superenalotto.it
2015-096,2015-08-11,96,17,25,32,42,71,85,60,45,superenalotto.it
2015-097,2015-08-13,97,4,17,34,41,66,78,30,64,superenalotto.it
2015-098,2015-08-17,98,1,4,50,70,71,76,84,10,superenalotto.it
2015-099,2015-08-18,99,20,30,45,50,76,86,3,1,superenalotto.it
2015-100,2015-08-20,100,4,14,31,68,70,74,73,10,superenalotto.it
2015-101,2015-08-22,101,6,7,9,14,17,35,27,87,superenalotto.it
2015-102,2015-08-25,102,3,18,19,65,81,88,70,74,superenalotto.it
2015-103,2015-08-27,103,2,4,12,40,50,80,13,89,superenalotto.it
2015-104,2015-08-29,104,7,28,44,55,57,78,14,77,superenalotto.it
2015-105,2015-09-01,105,13,30,38,48,50,77,29,64,superenalotto.it
2015-106,2015-09-03,106,13,18,19,49,78,87,45,22,superenalotto.it
2015-107,2015-09-05,107,24,30,36,42,71,86,32,26,superenalotto.it
2015-108,2015-09-08,108,41,50,54,60,75,88,62,26,superenalotto.it
2015-109,2015-09-10,109,10,14,15,34,75,88,1,79,superenalotto.it
2015-110,2015-09-12,110,11,24,46,48,68,82,5,69,superenalotto.it
2015-111,2015-09-15,111,9,17,20,32,35,56,24,19,superenalotto.it
2015-112,2015-09-17,112,8,9,42,71,78,79,62,21,superenalotto.it
2015-113,2015-09-19,113,9,32,40,49,52,60,5,89,superenalotto.it
2015-114,2015-09-22,114,10,26,50,55,62,81,27,65,superenalotto.it
2015-115,2015-09-24,115,1,32,36,61,78,80,79,85,superenalotto.it
2015-116,2015-09-26,116,1,37,69,74,77,89,28,35,superenalotto.it
2015-117,2015-09-29,117,17,25,41,45,57,82,22,38,superenalotto.it
2015-118,2015-10-01,118,2,17,21,49,69,74,79,6,superenalotto.it
2015-119,2015-10-03,119,2,4,14,31,43,61,11,42,superenalotto.it
2015-120,2015-10-06,120,8,11,17,27,62,84,41,20,superenalotto.it
2015-121,2015-10-08,121,23,32,33,55,84,90,2,5,superenalotto.it
2015-122,2015-10-10,122,32,41,45,47,78,90,59,1,superenalotto.it
2015-123,2015-10-13,123,35,36,63,71,75,89,15,90,superenalotto.it
2015-124,2015-10-15,124,7,9,16,24,32,40,17,40,superenalotto.it
2015-125,2015-10-17,125,4,6,61,63,65,72,9,9,superenalotto.it
2015-126,2015-10-20,126,18,34,58,60,64,88,5,80,superenalotto.it
2015-127,2015-10-22,127,1,6,32,50,51,81,4,27,superenalotto.it
2015-128,2015-10-24,128,9,14,33,38,46,87,2,79,superenalotto.it
2015-129,2015-10-27,129,13,15,48,50,74,83,84,50,superenalotto.it
2015-130,2015-10-29,130,4,16,40,57,71,84,62,84,superenalotto.it
2015-131,2015-10-31,131,6,25,26,52,86,88,61,80,superenalotto.it
2015-132,2015-11-03,132,30,41,47,71,79,86,83,78,superenalotto.it
2015-133,2015-11-05,133,17,21,29,33,43,62,85,75,superenalotto.it
2015-134,2015-11-07,134,2,19,22,46,51,54,83,10,superenalotto.it
2015-135,2015-11-10,135,8,31,33,38,66,77,3,61,superenalotto.it
2015-136,2015-11-12,136,19,22,31,41,54,87,38,47,superenalotto.it
2015-137,2015-11-14,137,19,56,73,84,85,86,2,80,superenalotto.it
2015-138,2015-11-17,138,27,29,39,54,59,74,79,25,superenalotto.it
2015-139,2015-11-19,139,25,28,44,52,87,89,10,9,superenalotto.it
2015-140,2015-11-21,140,13,25,33,53,75,83,38,59,superenalotto.it
2015-141,2015-11-24,141,52,54,70,80,82,84,66,82,superenalotto.it
2015-142,2015-11-26,142,12,36,45,67,77,88,11,6,superenalotto.it
2015-143,2015-11-28,143,20,23,28,51,65,81,87,68,superenalotto.it
2015-144,2015-12-01,144,31,39,55,58,85,87,86,70,superenalotto.it
2015-145,2015-12-03,145,38,46,53,65,77,84,80,63,superenalotto.it
2015-146,2015-12-05,146,1,28,34,42,49,77,65,42,superenalotto.it
2015-147,2015-12-09,147,21,54,62,63,82,83,37,25,superenalotto.it
2015-148,2015-12-10,148,1,19,20,56,60,83,63,46,superenalotto.it
2015-149,2015-12-12,149,18,20,46,47,55,66,75,38,superenalotto.it
2015-150,2015-12-15,150,5,30,36,63,84,85,37,48,superenalotto.it
2015-151,2015-12-17,151,11,44,56,81,83,87,9,6,superenalotto.it
2015-152,2015-12-19,152,7,22,46,50,55,73,14,64,superenalotto.it
2015-153,2015-12-22,153,18,22,23,57,60,69,14,6,superenalotto.it
2015-154,2015-12-24,154,6,8,24,28,36,63,79,73,superenalotto.it
2015-155,2015-12-28,155,5,38,48,52,81,88,65,2,superenalotto.it
2015-156,2015-12-29,156,15,20,57,72,76,89,30,22,superenalotto.it
2015-157,2015-12-31,157,15,26,29,77,81,90,37,48,superenalotto.it
2016-001,2016-01-02,1,1,17,39,41,56,65,18,42,superenalotto.it
2016-002,2016-01-05,2,7,20,40,56,60,90,76,51,superenalotto.it
2016-003,2016-01-07,3,10,38,61,62,74,86,69,70,superenalotto.it
2016-004,2016-01-09,4,20,26,36,50,51,74,83,60,superenalotto.it
2016-005,2016-01-12,5,3,9,28,42,50,79,87,27,superenalotto.it
2016-006,2016-01-14,6,5,8,17,41,46,87,30,57,superenalotto.it
2016-007,2016-01-16,7,11,17,48,52,70,90,29,43,superenalotto.it
2016-008,2016-01-19,8,13,18,35,43,51,66,72,27,superenalotto.it
2016-009,2016-01-21,9,2,12,32,57,61,81,54,75,superenalotto.it
2016-010,2016-01-23,10,4,5,8,14,32,49,18,1,superenalotto.it
2016-011,2016-01-26,11,24,45,50,60,63,87,71,80,superenalotto.it
2016-012,2016-01-28,12,2,6,15,39,80,83,47,48,superenalotto.it
2016-013,2016-01-30,13,13,24,51,68,77,81,76,69,superenalotto.it
2016-014,2016-02-02,14,19,38,40,56,65,80,35,1,superenalotto.it
2016-015,2016-02-04,15,7,21,31,39,46,69,77,50,superenalotto.it
2016-016,2016-02-06,16,10,24,36,63,77,89,81,39,superenalotto.it
2016-017,2016-02-09,17,11,26,46,56,58,78,60,71,superenalotto.it
2016-018,2016-02-11,18,17,27,45,53,71,74,21,59,superenalotto.it
2016-019,2016-02-13,19,2,30,49,66,74,80,33,29,superenalotto.it
2016-020,2016-02-16,20,2,10,27,34,38,40,72,46,superenalotto.it
2016-021,2016-02-18,21,12,26,30,51,57,89,54,53,superenalotto.it
2016-022,2016-02-20,22,29,32,33,49,54,85,16,44,superenalotto.it
2016-023,2016-02-23,23,2,14,58,74,80,82,86,10,superenalotto.it
2016-024,2016-02-25,24,14,33,52,67,71,81,80,35,superenalotto.it
2016-025,2016-02-27,25,19,22,28,48,49,85,78,52,superenalotto.it
2016-026,2016-03-01,26,15,20,25,30,45,55,73,24,superenalotto.it
2016-027,2016-03-03,27,8,16,29,49,56,62,44,13,superenalotto.it
2016-028,2016-03-05,28,6,8,68,77,80,86,27,39,superenalotto.it
2016-029,2016-03-08,29,8,27,32,51,52,89,49,24,superenalotto.it
2016-030,2016-03-10,30,9,16,18,22,65,71,84,50,superenalotto.it
2016-031,2016-03-12,31,29,37,52,67,80,82,68,81,superenalotto.it
2016-032,2016-03-15,32,2,4,17,19,38,56,80,23,superenalotto.it
2016-033,2016-03-17,33,1,12,65,67,76,86,89,8,superenalotto.it
2016-034,2016-03-19,34,18,41,51,56,72,76,68,61,superenalotto.it
2016-035,2016-03-22,35,17,31,32,43,59,71,2,50,superenalotto.it
2016-036,2016-03-24,36,14,24,26,57,67,89,28,5,superenalotto.it
2016-037,2016-03-26,37,28,43,67,68,72,79,18,60,superenalotto.it
2016-038,2016-03-29,38,29,55,65,71,73,77,5,2,superenalotto.it
2016-039,2016-03-31,39,17,28,63,78,84,88,34,39,superenalotto.it
2016-040,2016-04-02,40,2,24,65,75,81,88,6,79,superenalotto.it
2016-041,2016-04-05,41,12,23,28,32,42,85,31,62,superenalotto.it
2016-042,2016-04-07,42,38,42,45,59,66,87,5,26,superenalotto.it
2016-043,2016-04-09,43,2,5,12,33,54,59,18,89,superenalotto.it
2016-044,2016-04-12,44,34,50,55,72,79,89,1,3,superenalotto.it
2016-045,2016-04-14,45,1,2,6,42,67,83,80,11,superenalotto.it
2016-046,2016-04-16,46,8,12,23,58,86,89,62,36,superenalotto.it
2016-047,2016-04-19,47,14,30,61,86,88,90,89,60,superenalotto.it
2016-048,2016-04-21,48,1,15,30,50,54,62,71,82,superenalotto.it
2016-049,2016-04-23,49,10,11,15,33,79,83,27,27,superenalotto.it
2016-050,2016-04-26,50,38,49,51,59,77,90,35,10,superenalotto.it
2016-051,2016-04-28,51,10,11,24,30,48,63,7,41,superenalotto.it
2016-052,2016-04-30,52,22,38,47,51,61,85,87,48,superenalotto.it
2016-053,2016-05-03,53,14,29,58,72,75,85,71,77,superenalotto.it
2016-054,2016-05-05,54,7,20,25,32,75,90,12,84,superenalotto.it
2016-055,2016-05-07,55,3,32,34,36,82,87,12,1,superenalotto.it
2016-056,2016-05-10,56,25,26,49,54,55,66,16,50,superenalotto.it
2016-057,2016-05-12,57,10,25,52,54,59,84,42,52,superenalotto.it
2016-058,2016-05-14,58,11,19,56,72,73,75,90,68,superenalotto.it
2016-059,2016-05-17,59,1,10,19,44,68,74,56,81,superenalotto.it
2016-060,2016-05-19,60,15,39,54,62,71,74,60,30,superenalotto.it
2016-061,2016-05-21,61,9,11,20,35,66,68,90,68,superenalotto.it
2016-062,2016-05-24,62,14,16,45,47,48,86,23,45,superenalotto.it
2016-063,2016-05-26,63,1,32,34,58,64,86,52,58,superenalotto.it
2016-064,2016-05-28,64,3,5,12,17,44,51,18,39,superenalotto.it
2016-065,2016-05-31,65,8,18,33,41,62,71,1,42,superenalotto.it
2016-066,2016-06-04,66,8,10,18,64,85,87,3,40,superenalotto.it
2016-067,2016-06-06,67,3,54,56,57,75,90,1,62,superenalotto.it
2016-068,2016-06-07,68,24,29,45,63,65,70,8,59,superenalotto.it
2016-069,2016-06-09,69,9,14,61,76,80,83,44,52,superenalotto.it
2016-070,2016-06-11,70,27,30,34,40,52,68,50,51,superenalotto.it
2016-071,2016-06-14,71,25,31,33,42,58,86,3,43,superenalotto.it
2016-072,2016-06-16,72,18,19,29,47,59,68,21,53,superenalotto.it
2016-073,2016-06-18,73,24,25,45,51,52,63,19,5,superenalotto.it
2016-074,2016-06-21,74,4,30,31,45,49,85,11,67,superenalotto.it
2016-075,2016-06-23,75,17,18,25,43,66,87,1,57,superenalotto.it
2016-076,2016-06-25,76,11,14,44,54,85,87,35,46,superenalotto.it
2016-077,2016-06-28,77,5,23,44,59,60,83,50,42,superenalotto.it
2016-078,2016-06-30,78,30,31,32,34,50,51,75,24,superenalotto.it
2016-079,2016-07-02,79,8,9,22,43,50,56,20,39,superenalotto.it
2016-080,2016-07-05,80,22,26,43,50,59,65,20,35,superenalotto.it
2016-081,2016-07-07,81,1,4,32,59,70,86,89,40,superenalotto.it
2016-082,2016-07-09,82,12,34,44,45,53,68,81,82,superenalotto.it
2016-083,2016-07-12,83,1,41,59,63,81,85,74,30,superenalotto.it
2016-084,2016-07-14,84,38,56,61,67,72,82,87,60,superenalotto.it
2016-085,2016-07-16,85,26,37,43,67,75,78,10,67,superenalotto.it
2016-086,2016-07-19,86,4,10,28,29,48,52,3,80,superenalotto.it
2016-087,2016-07-21,87,19,27,35,56,60,89,47,45,superenalotto.it
2016-088,2016-07-23,88,1,30,42,61,76,88,71,52,superenalotto.it
2016-089,2016-07-26,89,4,13,15,18,72,76,69,8,superenalotto.it
2016-090,2016-07-28,90,29,37,38,61,63,85,59,48,superenalotto.it
2016-091,2016-07-30,91,15,22,26,45,48,82,64,70,superenalotto.it
2016-092,2016-08-02,92,34,54,57,84,89,90,44,48,superenalotto.it
2016-093,2016-08-04,93,25,37,40,61,65,77,23,32,superenalotto.it
2016-094,2016-08-06,94,23,34,58,61,71,77,53,18,superenalotto.it
2016-095,2016-08-09,95,12,27,34,76,77,85,78,52,superenalotto.it
2016-096,2016-08-11,96,31,65,78,85,89,90,34,80,superenalotto.it
2016-097,2016-08-13,97,2,25,43,72,87,89,74,47,superenalotto.it
2016-098,2016-08-16,98,9,12,18,63,64,73,88,76,superenalotto.it
2016-099,2016-08-18,99,8,39,59,65,82,83,41,60,superenalotto.it
2016-100,2016-08-20,100,10,29,35,44,49,65,50,57,superenalotto.it
2016-101,2016-08-23,101,4,28,48,67,68,84,2,23,superenalotto.it
2016-102,2016-08-25,102,16,28,40,43,57,61,8,5,superenalotto.it
2016-103,2016-08-27,103,1,32,37,54,66,81,90,47,superenalotto.it
2016-104,2016-08-30,104,6,9,17,47,66,86,21,49,superenalotto.it
2016-105,2016-09-01,105,4,18,43,60,69,85,87,63,superenalotto.it
2016-106,2016-09-03,106,4,29,35,46,82,85,13,41,superenalotto.it
2016-107,2016-09-06,107,7,30,34,61,84,88,25,27,superenalotto.it
2016-108,2016-09-08,108,6,12,47,51,60,79,54,67,superenalotto.it
2016-109,2016-09-10,109,9,13,16,49,64,65,58,81,superenalotto.it
2016-110,2016-09-13,110,9,22,48,66,68,83,62,48,superenalotto.it
2016-111,2016-09-15,111,14,18,30,48,53,86,71,31,superenalotto.it
2016-112,2016-09-17,112,2,4,10,59,68,88,58,31,superenalotto.it
2016-113,2016-09-20,113,45,46,48,52,77,78,21,36,superenalotto.it
2016-114,2016-09-22,114,4,11,34,49,55,83,85,14,superenalotto.it
2016-115,2016-09-24,115,3,16,22,31,45,56,37,12,superenalotto.it
2016-116,2016-09-27,116,36,41,55,81,83,85,51,7,superenalotto.it
2016-117,2016-09-29,117,11,40,41,44,67,70,68,90,superenalotto.it
2016-118,2016-10-01,118,18,19,57,74,80,82,29,89,superenalotto.it
2016-119,2016-10-04,119,47,49,67,80,84,85,21,26,superenalotto.it
2016-120,2016-10-06,120,2,12,26,52,59,80,16,4,superenalotto.it
2016-121,2016-10-08,121,18,25,37,47,62,87,74,51,superenalotto.it
2016-122,2016-10-11,122,11,12,17,53,71,76,90,62,superenalotto.it
2016-123,2016-10-13,123,4,34,39,60,61,77,85,58,superenalotto.it
2016-124,2016-10-15,124,4,7,36,72,78,81,20,40,superenalotto.it
2016-125,2016-10-18,125,24,44,48,61,73,87,88,24,superenalotto.it
2016-126,2016-10-20,126,2,43,65,66,67,90,44,27,superenalotto.it
2016-127,2016-10-22,127,1,6,45,48,64,78,33,32,superenalotto.it
2016-128,2016-10-25,128,4,40,54,65,83,85,73,82,superenalotto.it
2016-129,2016-10-27,129,3,12,23,71,76,83,56,35,superenalotto.it
2016-130,2016-10-29,130,1,7,13,17,40,49,80,46,superenalotto.it
2016-131,2016-10-31,131,3,14,18,25,47,75,72,13,superenalotto.it
2016-132,2016-11-03,132,21,35,56,66,68,79,15,77,superenalotto.it
2016-133,2016-11-05,133,21,22,26,35,47,85,18,83,superenalotto.it
2016-134,2016-11-08,134,31,32,60,75,81,84,62,24,superenalotto.it
2016-135,2016-11-10,135,26,41,50,55,69,86,47,50,superenalotto.it
2016-136,2016-11-12,136,9,12,20,22,75,90,77,44,superenalotto.it
2016-137,2016-11-15,137,9,18,25,31,78,81,33,85,superenalotto.it
2016-138,2016-11-17,138,2,20,23,41,44,59,29,38,superenalotto.it
2016-139,2016-11-19,139,28,29,37,43,51,78,90,44,superenalotto.it
2016-140,2016-11-22,140,8,21,44,77,80,86,62,51,superenalotto.it
2016-141,2016-11-24,141,53,68,75,79,82,84,42,27,superenalotto.it
2016-142,2016-11-26,142,41,42,44,47,68,69,80,5,superenalotto.it
2016-143,2016-11-29,143,5,24,35,49,62,77,90,81,superenalotto.it
2016-144,2016-12-01,144,11,20,31,56,63,72,28,48,superenalotto.it
2016-145,2016-12-03,145,2,10,15,26,68,71,64,47,superenalotto.it
2016-146,2016-12-06,146,24,51,56,64,65,73,34,1,superenalotto.it
2016-147,2016-12-10,147,54,65,66,68,70,85,52,29,superenalotto.it
2016-148,2016-12-12,148,6,39,52,65,68,86,30,66,superenalotto.it
2016-149,2016-12-13,149,17,21,35,48,60,76,23,80,superenalotto.it
2016-150,2016-12-15,150,9,30,31,53,67,86,42,74,superenalotto.it
2016-151,2016-12-17,151,7,15,31,39,41,45,50,14,superenalotto.it
2016-152,2016-12-20,152,10,11,29,47,58,73,43,69,superenalotto.it
2016-153,2016-12-22,153,14,23,24,44,77,86,74,56,superenalotto.it
2016-154,2016-12-24,154,1,19,21,32,48,86,3,5,superenalotto.it
2016-155,2016-12-27,155,13,25,30,57,58,64,14,75,superenalotto.it
2016-156,2016-12-29,156,31,33,38,58,76,85,25,37,superenalotto.it
2016-157,2016-12-31,157,12,14,18,22,28,33,66,16,superenalotto.it
2017-001,2017-01-03,1,9,12,27,32,45,77,3,64,superenalotto.it
2017-002,2017-01-05,2,1,7,21,27,39,78,40,18,superenalotto.it
2017-003,2017-01-07,3,2,8,62,79,81,88,32,35,superenalotto.it
2017-004,2017-01-10,4,1,9,22,25,58,84,12,46,superenalotto.it
2017-005,2017-01-12,5,14,16,30,34,52,73,28,44,superenalotto.it
2017-006,2017-01-14,6,12,17,24,45,67,84,32,64,superenalotto.it
2017-007,2017-01-17,7,16,44,49,57,60,81,51,78,superenalotto.it
2017-008,2017-01-19,8,32,51,74,79,80,81,64,3,superenalotto.it
2017-009,2017-01-21,9,6,55,63,68,76,80,37,21,superenalotto.it
2017-010,2017-01-24,10,63,67,74,77,83,85,21,69,superenalotto.it
2017-011,2017-01-26,11,43,48,49,51,60,75,29,70,superenalotto.it
2017-012,2017-01-28,12,9,13,15,51,73,74,7,14,superenalotto.it
2017-013,2017-01-31,13,14,15,16,43,49,77,8,86,superenalotto.it
2017-014,2017-02-02,14,11,27,56,57,64,66,33,82,superenalotto.it
2017-015,2017-02-04,15,13,18,34,51,62,81,20,67,superenalotto.it
2017-016,2017-02-07,16,2,21,38,74,79,83,88,4,superenalotto.it
2017-017,2017-02-09,17,18,25,35,38,45,75,20,44,superenalotto.it
2017-018,2017-02-11,18,6,9,11,32,63,83,42,80,superenalotto.it
2017-019,2017-02-14,19,9,14,19,35,48,65,2,65,superenalotto.it
2017-020,2017-02-16,20,13,17,26,33,60,78,69,30,superenalotto.it
2017-021,2017-02-18,21,7,13,24,36,37,86,33,61,superenalotto.it
2017-022,2017-02-21,22,4,22,36,60,66,90,11,49,superenalotto.it
2017-023,2017-02-23,23,9,11,21,37,86,90,17,12,superenalotto.it
2017-024,2017-02-25,24,11,17,40,69,84,85,82,62,superenalotto.it
2017-025,2017-02-28,25,19,22,44,45,71,76,3,87,superenalotto.it
2017-026,2017-03-02,26,34,37,52,58,65,89,86,28,superenalotto.it
2017-027,2017-03-04,27,2,11,26,51,64,87,37,37,superenalotto.it
2017-028,2017-03-07,28,8,19,28,33,71,89,17,85,superenalotto.it
2017-029,2017-03-09,29,4,17,39,40,50,58,15,52,superenalotto.it
2017-030,2017-03-11,30,3,6,46,48,63,76,66,71,superenalotto.it
2017-031,2017-03-14,31,16,21,53,74,79,80,27,10,superenalotto.it
2017-032,2017-03-16,32,16,21,31,62,69,85,12,28,superenalotto.it
2017-033,2017-03-18,33,14,41,60,74,79,80,18,79,superenalotto.it
2017-034,2017-03-21,34,32,35,58,63,76,79,14,53,superenalotto.it
2017-035,2017-03-23,35,25,39,48,74,86,89,67,18,superenalotto.it
2017-036,2017-03-25,36,3,50,60,64,85,86,58,76,superenalotto.it
2017-037,2017-03-28,37,3,6,20,54,72,90,71,71,superenalotto.it
2017-038,2017-03-30,38,5,16,40,70,74,76,85,69,superenalotto.it
2017-039,2017-04-01,39,8,46,68,70,76,86,39,66,superenalotto.it
2017-040,2017-04-04,40,3,16,29,34,37,57,62,41,superenalotto.it
2017-041,2017-04-06,41,15,16,21,24,53,89,31,15,superenalotto.it
2017-042,2017-04-08,42,4,6,27,76,80,86,48,43,superenalotto.it
2017-043,2017-04-11,43,5,57,59,69,81,86,77,83,superenalotto.it
2017-044,2017-04-13,44,16,24,56,69,85,87,51,82,superenalotto.it
2017-045,2017-04-15,45,6,20,35,36,55,59,52,31,superenalotto.it
2017-046,2017-04-18,46,18,29,52,74,76,88,31,63,superenalotto.it
2017-047,2017-04-20,47,3,14,52,67,72,82,61,20,superenalotto.it
2017-048,2017-04-22,48,1,4,9,10,36,79,56,83,superenalotto.it
2017-049,2017-04-24,49,8,17,28,35,74,82,13,61,superenalotto.it
2017-050,2017-04-27,50,8,27,54,62,82,83,17,4,superenalotto.it
2017-051,2017-04-29,51,8,14,25,41,79,84,85,70,superenalotto.it
2017-052,2017-05-02,52,28,43,59,60,78,80,2,26,superenalotto.it
2017-053,2017-05-04,53,15,20,33,39,65,75,7,71,superenalotto.it
2017-054,2017-05-06,54,57,60,73,77,82,86,72,51,superenalotto.it
2017-055,2017-05-09,55,3,25,63,70,75,78,65,13,superenalotto.it
2017-056,2017-05-11,56,19,37,45,51,82,83,58,29,superenalotto.it
2017-057,2017-05-13,57,4,15,21,22,44,77,54,84,superenalotto.it
2017-058,2017-05-16,58,29,38,75,79,80,90,67,5,superenalotto.it
2017-059,2017-05-18,59,1,19,47,61,70,87,37,60,superenalotto.it
2017-060,2017-05-20,60,6,37,46,53,73,78,69,84,superenalotto.it
2017-061,2017-05-23,61,10,18,23,34,61,75,35,79,superenalotto.it
2017-062,2017-05-25,62,10,33,40,42,46,77,63,30,superenalotto.it
2017-063,2017-05-27,63,16,34,57,64,65,78,49,47,superenalotto.it
2017-064,2017-05-30,64,21,26,35,59,66,70,69,90,superenalotto.it
2017-065,2017-06-01,65,7,15,27,37,56,58,32,18,superenalotto.it
2017-066,2017-06-03,66,2,22,36,77,83,90,47,64,superenalotto.it
2017-067,2017-06-06,67,7,12,26,46,56,70,13,18,superenalotto.it
2017-068,2017-06-08,68,11,28,32,48,54,59,73,19,superenalotto.it
2017-069,2017-06-10,69,19,54,56,57,67,69,21,79,superenalotto.it
2017-070,2017-06-13,70,41,50,69,71,77,81,26,49,superenalotto.it
2017-071,2017-06-15,71,6,24,28,32,78,83,13,66,superenalotto.it
2017-072,2017-06-17,72,45,48,71,75,80,83,40,17,superenalotto.it
2017-073,2017-06-20,73,38,46,54,76,82,86,17,12,superenalotto.it
2017-074,2017-06-22,74,9,18,24,42,59,71,69,4,superenalotto.it
2017-075,2017-06-24,75,2,18,20,23,30,75,26,41,superenalotto.it
2017-076,2017-06-27,76,9,14,62,64,78,82,24,41,superenalotto.it
2017-077,2017-06-29,77,16,19,38,40,58,79,26,50,superenalotto.it
2017-078,2017-07-01,78,15,20,45,59,81,85,72,80,superenalotto.it
2017-079,2017-07-04,79,21,37,58,75,81,85,12,11,superenalotto.it
2017-080,2017-07-06,80,36,37,46,48,51,74,54,19,superenalotto.it
2017-081,2017-07-08,81,6,8,32,54,80,82,75,62,superenalotto.it
2017-082,2017-07-11,82,6,12,38,42,49,83,53,42,superenalotto.it
2017-083,2017-07-13,83,2,11,26,62,74,78,88,63,superenalotto.it
2017-084,2017-07-15,84,27,37,44,47,73,86,68,50,superenalotto.it
2017-085,2017-07-18,85,17,34,42,47,75,85,49,36,superenalotto.it
2017-086,2017-07-20,86,22,32,45,60,61,80,67,46,superenalotto.it
2017-087,2017-07-22,87,6,22,26,33,51,88,68,87,superenalotto.it
2017-088,2017-07-25,88,4,29,30,47,52,59,79,73,superenalotto.it
2017-089,2017-07-27,89,5,15,52,60,77,84,28,10,superenalotto.it
2017-090,2017-07-29,90,5,11,58,75,78,81,79,21,superenalotto.it
2017-091,2017-08-01,91,1,8,28,54,82,90,5,25,superenalotto.it
2017-092,2017-08-03,92,20,25,39,49,69,71,2,71,superenalotto.it
2017-093,2017-08-05,93,14,19,50,69,75,90,67,18,superenalotto.it
2017-094,2017-08-08,94,17,24,33,41,63,66,83,62,superenalotto.it
2017-095,2017-08-10,95,3,5,24,41,48,80,71,30,superenalotto.it
2017-096,2017-08-12,96,6,17,32,40,44,67,21,30,superenalotto.it
2017-097,2017-08-14,97,34,44,46,47,64,88,72,83,superenalotto.it
2017-098,2017-08-17,98,22,28,46,52,69,86,68,47,superenalotto.it
2017-099,2017-08-19,99,18,29,34,47,48,60,25,45,superenalotto.it
2017-100,2017-08-22,100,34,46,50,52,67,86,58,23,superenalotto.it
2017-101,2017-08-24,101,40,45,54,72,85,88,50,79,superenalotto.it
2017-102,2017-08-26,102,28,29,36,54,55,68,8,53,superenalotto.it
2017-103,2017-08-29,103,21,23,54,73,84,88,33,1,superenalotto.it
2017-104,2017-08-31,104,5,29,32,33,72,89,70,26,superenalotto.it
2017-105,2017-09-02,105,2,49,57,60,71,77,40,11,superenalotto.it
2017-106,2017-09-05,106,7,12,66,68,73,76,59,44,superenalotto.it
2017-107,2017-09-07,107,11,29,64,68,70,85,48,17,superenalotto.it
2017-108,2017-09-09,108,29,39,49,56,83,85,11,73,superenalotto.it
2017-109,2017-09-12,109,7,10,25,26,37,68,41,4,superenalotto.it
2017-110,2017-09-14,110,18,25,29,30,33,69,38,89,superenalotto.it
2017-111,2017-09-16,111,22,35,36,55,63,86,47,3,superenalotto.it
2017-112,2017-09-19,112,38,45,46,55,65,73,53,64,superenalotto.it
2017-113,2017-09-21,113,13,16,27,48,67,77,8,45,superenalotto.it
2017-114,2017-09-23,114,8,46,48,69,72,81,66,23,superenalotto.it
2017-115,2017-09-26,115,13,18,19,46,58,60,57,10,superenalotto.it
2017-116,2017-09-28,116,6,15,39,68,80,89,60,50,superenalotto.it
2017-117,2017-09-30,117,7,12,21,22,39,90,71,45,superenalotto.it
2017-118,2017-10-03,118,6,21,38,48,79,90,35,23,superenalotto.it
2017-119,2017-10-05,119,14,33,48,61,65,80,46,79,superenalotto.it
2017-120,2017-10-07,120,14,17,35,37,55,83,43,55,superenalotto.it
2017-121,2017-10-10,121,4,26,52,65,66,72,1,87,superenalotto.it
2017-122,2017-10-12,122,9,16,19,35,41,59,68,72,superenalotto.it
2017-123,2017-10-14,123,2,13,50,75,85,90,44,1,superenalotto.it
2017-124,2017-10-17,124,10,17,30,55,62,78,76,6,superenalotto.it
2017-125,2017-10-19,125,16,17,58,66,71,72,12,57,superenalotto.it
2017-126,2017-10-21,126,21,22,31,32,33,81,48,4,superenalotto.it
2017-127,2017-10-24,127,6,45,47,61,74,80,32,61,superenalotto.it
2017-128,2017-10-26,128,14,38,43,57,65,72,30,51,superenalotto.it
2017-129,2017-10-28,129,7,11,17,28,32,79,80,41,superenalotto.it
2017-130,2017-10-31,130,19,24,35,69,80,89,62,89,superenalotto.it
2017-131,2017-11-02,131,11,31,46,48,65,68,28,76,superenalotto.it
2017-132,2017-11-04,132,6,7,8,38,45,78,26,55,superenalotto.it
2017-133,2017-11-07,133,2,6,34,69,77,86,15,12,superenalotto.it
2017-134,2017-11-09,134,8,12,41,42,46,51,67,73,superenalotto.it
2017-135,2017-11-11,135,16,31,33,51,75,80,21,74,superenalotto.it
2017-136,2017-11-14,136,1,11,40,45,46,57,60,59,superenalotto.it
2017-137,2017-11-16,137,2,12,16,26,51,73,46,32,superenalotto.it
2017-138,2017-11-18,138,3,16,24,27,44,88,80,1,superenalotto.it
2017-139,2017-11-21,139,32,40,41,47,56,72,58,59,superenalotto.it
2017-140,2017-11-23,140,14,38,40,51,53,64,71,36,superenalotto.it
2017-141,2017-11-25,141,16,20,22,42,54,62,52,6,superenalotto.it
2017-142,2017-11-28,142,27,28,48,61,87,88,86,80,superenalotto.it
2017-143,2017-11-30,143,5,17,19,33,43,63,15,3,superenalotto.it
2017-144,2017-12-02,144,4,12,25,27,35,69,67,78,superenalotto.it
2017-145,2017-12-05,145,10,34,45,63,81,83,41,88,superenalotto.it
2017-146,2017-12-07,146,14,15,65,68,82,85,42,88,superenalotto.it
2017-147,2017-12-09,147,21,24,48,51,60,82,88,34,superenalotto.it
2017-148,2017-12-12,148,2,30,44,52,58,69,76,64,superenalotto.it
2017-149,2017-12-14,149,25,33,39,59,72,74,22,69,superenalotto.it
2017-150,2017-12-16,150,3,7,53,65,66,73,11,65,superenalotto.it
2017-151,2017-12-18,151,24,55,71,73,85,90,2,41,superenalotto.it
2017-152,2017-12-19,152,22,39,43,65,77,89,18,49,superenalotto.it
2017-153,2017-12-21,153,12,25,50,59,67,88,24,22,superenalotto.it
2017-154,2017-12-23,154,35,39,48,71,88,89,10,4,superenalotto.it
2017-155,2017-12-28,155,10,28,33,43,50,80,34,21,superenalotto.it
2017-156,2017-12-30,156,6,17,23,46,52,53,85,52,superenalotto.it
2018-001,2018-01-02,1,1,19,26,44,61,89,84,64,superenalotto.it
2018-002,2018-01-04,2,5,19,28,43,58,82,1,18,superenalotto.it
2018-003,2018-01-08,3,15,18,24,33,48,64,58,31,superenalotto.it
2018-004,2018-01-09,4,8,69,70,84,88,90,53,60,superenalotto.it
2018-005,2018-01-11,5,3,25,28,37,71,82,75,36,superenalotto.it
2018-006,2018-01-13,6,2,10,41,49,56,71,36,33,superenalotto.it
2018-007,2018-01-16,7,9,29,51,53,74,76,28,12,superenalotto.it
2018-008,2018-01-18,8,29,43,46,50,85,86,39,68,superenalotto.it
2018-009,2018-01-20,9,27,48,50,74,76,84,19,61,superenalotto.it
2018-010,2018-01-23,10,2,5,24,32,47,62,17,7,superenalotto.it
2018-011,2018-01-25,11,15,38,48,52,66,71,39,7,superenalotto.it
2018-012,2018-01-27,12,5,24,68,72,78,85,32,12,superenalotto.it
2018-013,2018-01-30,13,22,39,47,49,77,89,80,49,superenalotto.it
2018-014,2018-02-01,14,20,45,51,63,85,89,2,48,superenalotto.it
2018-015,2018-02-03,15,1,8,19,28,34,87,43,11,superenalotto.it
2018-016,2018-02-06,16,4,8,16,35,36,74,31,35,superenalotto.it
2018-017,2018-02-08,17,24,25,30,43,47,90,77,83,superenalotto.it
2018-018,2018-02-10,18,7,31,35,57,88,89,87,65,superenalotto.it
2018-019,2018-02-13,19,3,11,38,53,70,71,27,24,superenalotto.it
2018-020,2018-02-15,20,5,17,34,40,78,82,60,78,superenalotto.it
2018-021,2018-02-17,21,5,17,37,40,55,79,31,66,superenalotto.it
2018-022,2018-02-20,22,17,25,52,55,67,75,90,57,superenalotto.it
2018-023,2018-02-22,23,9,40,45,70,76,81,39,28,superenalotto.it
2018-024,2018-02-24,24,10,44,48,62,68,83,61,68,superenalotto.it
2018-025,2018-02-27,25,48,56,66,83,86,89,6,67,superenalotto.it
2018-026,2018-03-01,26,9,23,57,72,77,82,64,32,superenalotto.it
2018-027,2018-03-03,27,2,19,62,74,81,83,56,39,superenalotto.it
2018-028,2018-03-06,28,12,36,45,46,67,75,66,86,superenalotto.it
2018-029,2018-03-08,29,22,50,52,65,66,89,57,69,superenalotto.it
2018-030,2018-03-10,30,11,15,42,64,82,84,5,78,superenalotto.it
2018-031,2018-03-13,31,19,33,42,65,78,85,74,51,superenalotto.it
2018-032,2018-03-15,32,2,13,17,31,45,69,87,78,superenalotto.it
2018-033,2018-03-17,33,7,35,52,85,88,90,72,87,superenalotto.it
2018-034,2018-03-20,34,9,20,33,43,44,48,8,55,superenalotto.it
2018-035,2018-03-22,35,20,23,29,37,39,72,44,59,superenalotto.it
2018-036,2018-03-24,36,2,24,42,62,66,81,36,47,superenalotto.it
2018-037,2018-03-27,37,10,16,35,63,73,83,20,66,superenalotto.it
2018-038,2018-03-29,38,11,15,32,35,52,56,5,9,superenalotto.it
2018-039,2018-03-31,39,1,6,7,9,45,79,80,17,superenalotto.it
2018-040,2018-04-03,40,30,45,47,49,71,90,29,82,superenalotto.it
2018-041,2018-04-05,41,7,27,55,63,73,77,33,37,superenalotto.it
2018-042,2018-04-07,42,3,20,47,55,81,83,28,85,superenalotto.it
2018-043,2018-04-10,43,27,35,46,68,72,82,81,3,superenalotto.it
2018-044,2018-04-12,44,8,28,34,38,47,54,7,21,superenalotto.it
2018-045,2018-04-14,45,1,10,31,44,58,80,70,42,superenalotto.it
2018-046,2018-04-17,46,12,23,39,54,72,73,53,75,superenalotto.it
2018-047,2018-04-19,47,5,17,20,44,62,80,48,22,superenalotto.it
2018-048,2018-04-21,48,11,43,68,72,79,85,71,51,superenalotto.it
2018-049,2018-04-24,49,31,41,44,67,75,82,39,5,superenalotto.it
2018-050,2018-04-26,50,44,52,64,66,67,71,83,82,superenalotto.it
2018-051,2018-04-28,51,2,25,41,42,74,87,13,54,superenalotto.it
2018-052,2018-04-30,52,6,10,26,47,60,75,78,29,superenalotto.it
2018-053,2018-05-03,53,9,19,31,39,77,82,22,15,superenalotto.it
2018-054,2018-05-05,54,6,14,19,59,79,81,65,44,superenalotto.it
2018-055,2018-05-08,55,17,18,41,57,58,75,83,52,superenalotto.it
2018-056,2018-05-10,56,41,62,77,79,81,84,60,55,superenalotto.it
2018-057,2018-05-12,57,29,49,50,56,64,78,89,51,superenalotto.it
2018-058,2018-05-15,58,3,10,38,52,65,71,1,49,superenalotto.it
2018-059,2018-05-17,59,16,33,34,74,79,80,64,73,superenalotto.it
2018-060,2018-05-19,60,40,51,55,56,74,81,35,63,superenalotto.it
2018-061,2018-05-22,61,12,13,19,37,62,72,40,54,superenalotto.it
2018-062,2018-05-24,62,1,27,31,58,83,87,86,51,superenalotto.it
2018-063,2018-05-26,63,20,27,32,55,69,90,60,58,superenalotto.it
2018-064,2018-05-29,64,19,28,42,49,68,83,20,67,superenalotto.it
2018-065,2018-05-31,65,9,57,64,66,69,86,2,82,superenalotto.it
2018-066,2018-06-04,66,45,56,66,74,77,88,47,65,superenalotto.it
2018-067,2018-06-05,67,6,10,11,21,71,75,26,14,superenalotto.it
2018-068,2018-06-07,68,33,39,47,64,67,76,31,51,superenalotto.it
2018-069,2018-06-09,69,13,32,41,51,61,86,42,77,superenalotto.it
2018-070,2018-06-12,70,1,12,31,33,44,50,48,7,superenalotto.it
2018-071,2018-06-14,71,5,37,51,65,79,81,30,49,superenalotto.it
2018-072,2018-06-16,72,2,9,15,22,47,65,86,78,superenalotto.it
2018-073,2018-06-19,73,1,7,25,40,68,75,84,89,superenalotto.it
2018-074,2018-06-21,74,6,11,37,42,58,62,26,23,superenalotto.it
2018-075,2018-06-23,75,4,17,29,55,67,70,72,49,superenalotto.it
2018-076,2018-06-26,76,2,6,37,39,51,86,7,32,superenalotto.it
2018-077,2018-06-28,77,28,36,55,76,81,89,16,28,superenalotto.it
2018-078,2018-06-30,78,9,13,23,32,45,54,80,8,superenalotto.it
2018-079,2018-07-03,79,28,33,38,41,66,72,31,3,superenalotto.it
2018-080,2018-07-05,80,11,19,27,41,61,83,3,13,superenalotto.it
2018-081,2018-07-07,81,3,51,55,64,77,79,34,1,superenalotto.it
2018-082,2018-07-10,82,27,41,50,60,63,81,90,77,superenalotto.it
2018-083,2018-07-12,83,3,13,18,24,74,89,34,40,superenalotto.it
2018-084,2018-07-14,84,2,9,14,19,27,77,75,41,superenalotto.it
2018-085,2018-07-17,85,30,35,44,60,72,76,23,46,superenalotto.it
2018-086,2018-07-19,86,11,38,47,71,76,77,43,52,superenalotto.it
2018-087,2018-07-21,87,22,36,38,56,59,67,52,83,superenalotto.it
2018-088,2018-07-24,88,7,29,37,43,72,79,30,37,superenalotto.it
2018-089,2018-07-26,89,21,34,53,72,80,84,73,76,superenalotto.it
2018-090,2018-07-28,90,10,19,47,67,68,75,40,71,superenalotto.it
2018-091,2018-07-31,91,23,32,49,53,61,85,87,51,superenalotto.it
2018-092,2018-08-02,92,5,6,41,44,65,74,61,20,superenalotto.it
2018-093,2018-08-04,93,23,39,53,56,64,84,22,90,superenalotto.it
2018-094,2018-08-07,94,11,18,21,23,55,66,26,86,superenalotto.it
2018-095,2018-08-09,95,31,32,46,54,73,90,47,2,superenalotto.it
2018-096,2018-08-11,96,14,57,73,79,82,84,83,42,superenalotto.it
2018-097,2018-08-14,97,21,43,45,57,67,83,37,83,superenalotto.it
2018-098,2018-08-16,98,2,10,12,21,22,50,3,36,superenalotto.it
2018-099,2018-08-18,99,7,14,27,66,70,81,76,59,superenalotto.it
2018-100,2018-08-21,100,2,16,30,39,51,79,57,80,superenalotto.it
2018-101,2018-08-23,101,14,23,32,34,40,80,73,22,superenalotto.it
2018-102,2018-08-25,102,42,44,54,68,69,81,70,82,superenalotto.it
2018-103,2018-08-28,103,1,26,39,43,73,89,55,17,superenalotto.it
2018-104,2018-08-30,104,16,28,29,55,63,69,46,46,superenalotto.it
2018-105,2018-09-01,105,1,4,19,23,55,68,28,13,superenalotto.it
2018-106,2018-09-04,106,18,25,47,51,70,83,2,7,superenalotto.it
2018-107,2018-09-06,107,2,23,34,52,76,87,58,86,superenalotto.it
2018-108,2018-09-08,108,7,25,32,39,59,86,27,81,superenalotto.it
2018-109,2018-09-11,109,59,61,63,65,71,84,12,23,superenalotto.it
2018-110,2018-09-13,110,16,23,29,49,57,76,30,77,superenalotto.it
2018-111,2018-09-15,111,3,26,34,61,84,87,67,89,superenalotto.it
2018-112,2018-09-18,112,2,24,31,42,47,55,40,34,superenalotto.it
2018-113,2018-09-20,113,15,18,56,67,72,74,6,5,superenalotto.it
2018-114,2018-09-22,114,12,16,29,45,82,85,89,4,superenalotto.it
2018-115,2018-09-25,115,17,24,57,64,70,89,76,27,superenalotto.it
2018-116,2018-09-27,116,21,37,46,56,65,77,76,80,superenalotto.it
2018-117,2018-09-29,117,34,54,77,80,81,87,18,70,superenalotto.it
2018-118,2018-10-02,118,3,7,18,47,64,82,84,84,superenalotto.it
2018-119,2018-10-04,119,15,30,72,79,86,90,70,76,superenalotto.it
2018-120,2018-10-06,120,27,28,33,75,77,78,20,33,superenalotto.it
2018-121,2018-10-09,121,10,36,49,53,77,85,35,52,superenalotto.it
2018-122,2018-10-11,122,20,23,39,50,62,68,27,46,superenalotto.it
2018-123,2018-10-13,123,14,36,39,46,55,59,64,80,superenalotto.it
2018-124,2018-10-16,124,8,13,25,50,65,72,54,19,superenalotto.it
2018-125,2018-10-18,125,16,23,50,73,80,88,89,63,superenalotto.it
2018-126,2018-10-20,126,4,14,27,38,89,90,57,82,superenalotto.it
2018-127,2018-10-23,127,6,30,49,56,64,81,42,21,superenalotto.it
2018-128,2018-10-25,128,10,21,24,26,29,89,60,10,superenalotto.it
2018-129,2018-10-27,129,3,12,35,51,59,80,34,22,superenalotto.it
2018-130,2018-10-30,130,38,40,43,59,67,72,22,31,superenalotto.it
2018-131,2018-11-03,131,23,35,40,79,86,87,13,85,superenalotto.it
2018-132,2018-11-05,132,8,36,39,40,48,50,68,50,superenalotto.it
2018-133,2018-11-06,133,4,16,24,42,51,84,14,10,superenalotto.it
2018-134,2018-11-08,134,11,15,20,27,45,59,7,85,superenalotto.it
2018-135,2018-11-10,135,9,15,20,46,50,84,3,50,superenalotto.it
2018-136,2018-11-13,136,7,15,22,31,46,50,61,26,superenalotto.it
2018-137,2018-11-15,137,6,12,34,36,40,66,82,77,superenalotto.it
2018-138,2018-11-17,138,3,5,38,53,54,82,9,4,superenalotto.it
2018-139,2018-11-20,139,3,9,43,48,61,83,7,4,superenalotto.it
2018-140,2018-11-22,140,15,24,28,34,56,73,51,32,superenalotto.it
2018-141,2018-11-24,141,30,38,63,68,77,80,45,11,superenalotto.it
2018-142,2018-11-27,142,6,12,15,30,31,89,37,85,superenalotto.it
2018-143,2018-11-29,143,6,22,27,36,62,76,28,35,superenalotto.it
2018-144,2018-12-01,144,7,16,33,54,80,84,18,74,superenalotto.it
2018-145,2018-12-04,145,6,31,37,47,71,78,8,25,superenalotto.it
2018-146,2018-12-06,146,10,30,44,45,47,49,15,74,superenalotto.it
2018-147,2018-12-10,147,7,37,52,73,87,88,44,66,superenalotto.it
2018-148,2018-12-11,148,6,17,32,38,47,90,75,15,superenalotto.it
2018-149,2018-12-13,149,7,9,12,21,30,41,44,19,superenalotto.it
2018-150,2018-12-15,150,5,23,36,42,47,79,56,32,superenalotto.it
2018-151,2018-12-18,151,39,61,68,69,70,86,73,2,superenalotto.it
2018-152,2018-12-20,152,11,49,58,71,76,89,20,24,superenalotto.it
2018-153,2018-12-22,153,4,14,16,51,64,88,65,69,superenalotto.it
2018-154,2018-12-24,154,12,19,36,42,77,87,47,86,superenalotto.it
2018-155,2018-12-27,155,36,43,44,49,78,82,18,25,superenalotto.it
2018-156,2018-12-29,156,24,37,46,49,62,71,53,31,superenalotto.it
2019-001,2019-01-03,1,1,35,52,56,64,70,79,69,superenalotto.it
2019-002,2019-01-05,2,46,52,55,68,76,89,11,51,superenalotto.it
2019-003,2019-01-07,3,3,8,28,45,55,58,1,36,superenalotto.it
2019-004,2019-01-08,4,23,34,38,54,57,87,39,10,superenalotto.it
2019-005,2019-01-10,5,2,39,66,76,86,87,15,67,superenalotto.it
2019-006,2019-01-12,6,16,33,36,62,73,88,48,68,superenalotto.it
2019-007,2019-01-15,7,8,43,51,56,57,87,25,18,superenalotto.it
2019-008,2019-01-17,8,21,26,33,35,63,89,9,20,superenalotto.it
2019-009,2019-01-19,9,1,15,45,48,60,80,2,44,superenalotto.it
2019-010,2019-01-22,10,3,22,79,82,83,88,58,39,superenalotto.it
2019-011,2019-01-24,11,3,19,40,49,60,82,12,62,superenalotto.it
2019-012,2019-01-26,12,17,19,62,72,78,82,46,54,superenalotto.it
2019-013,2019-01-29,13,6,11,29,65,87,90,15,67,superenalotto.it
2019-014,2019-01-31,14,4,21,59,63,65,83,29,4,superenalotto.it
2019-015,2019-02-02,15,37,42,52,80,86,88,45,77,superenalotto.it
2019-016,2019-02-05,16,11,21,34,46,50,86,55,5,superenalotto.it
2019-017,2019-02-07,17,9,26,27,49,54,76,51,9,superenalotto.it
2019-018,2019-02-09,18,5,26,43,52,63,90,6,2,superenalotto.it
2019-019,2019-02-12,19,14,28,64,69,84,90,27,90,superenalotto.it
2019-020,2019-02-14,20,4,30,47,76,78,83,53,65,superenalotto.it
2019-021,2019-02-16,21,10,17,42,59,61,80,65,64,superenalotto.it
2019-022,2019-02-19,22,15,16,32,63,67,70,20,88,superenalotto.it
2019-023,2019-02-21,23,11,16,43,59,87,90,31,39,superenalotto.it
2019-024,2019-02-23,24,5,31,47,60,68,88,62,38,superenalotto.it
2019-025,2019-02-26,25,13,25,27,52,66,75,16,69,superenalotto.it
2019-026,2019-02-28,26,2,11,50,55,79,85,58,31,superenalotto.it
2019-027,2019-03-02,27,19,34,37,40,66,69,25,65,superenalotto.it
2019-028,2019-03-05,28,3,6,16,36,56,82,83,35,superenalotto.it
2019-029,2019-03-07,29,8,42,51,62,80,84,24,85,superenalotto.it
2019-030,2019-03-09,30,9,15,51,70,78,86,17,77,superenalotto.it
2019-031,2019-03-12,31,13,37,58,66,67,88,6,85,superenalotto.it
2019-032,2019-03-14,32,27,28,42,63,78,86,70,33,superenalotto.it
2019-033,2019-03-16,33,49,61,63,77,87,88,13,23,superenalotto.it
2019-034,2019-03-19,34,12,15,38,43,56,85,80,42,superenalotto.it
2019-035,2019-03-21,35,27,32,52,59,69,90,75,62,superenalotto.it
2019-036,2019-03-23,36,21,32,43,63,83,90,25,54,superenalotto.it
2019-037,2019-03-26,37,14,27,45,47,52,84,12,84,superenalotto.it
2019-038,2019-03-28,38,43,53,58,68,83,90,89,4,superenalotto.it
2019-039,2019-03-30,39,1,10,20,28,47,55,6,40,superenalotto.it
2019-040,2019-04-02,40,19,25,30,32,37,60,85,3,superenalotto.it
2019-041,2019-04-04,41,7,29,38,49,66,70,41,58,superenalotto.it
2019-042,2019-04-06,42,41,54,85,87,88,89,71,74,superenalotto.it
2019-043,2019-04-09,43,1,13,28,33,37,65,83,59,superenalotto.it
2019-044,2019-04-11,44,5,10,52,60,85,88,46,5,superenalotto.it
2019-045,2019-04-13,45,16,22,30,40,51,77,39,15,superenalotto.it
2019-046,2019-04-16,46,15,55,58,62,82,90,24,40,superenalotto.it
2019-047,2019-04-18,47,7,10,46,47,73,89,1,60,superenalotto.it
2019-048,2019-04-20,48,5,18,76,87,88,89,17,44,superenalotto.it
2019-049,2019-04-23,49,19,20,32,51,63,79,78,34,superenalotto.it
2019-050,2019-04-27,50,6,17,18,42,64,71,88,15,superenalotto.it
2019-051,2019-04-29,51,8,22,61,65,69,74,86,63,superenalotto.it
2019-052,2019-04-30,52,13,29,31,51,55,72,36,31,superenalotto.it
2019-053,2019-05-02,53,1,28,57,75,82,83,52,87,superenalotto.it
2019-054,2019-05-04,54,4,15,41,52,76,85,14,11,superenalotto.it
2019-055,2019-05-07,55,5,8,21,49,66,90,77,47,superenalotto.it
2019-056,2019-05-09,56,3,17,26,38,54,82,42,32,superenalotto.it
2019-057,2019-05-11,57,9,20,47,58,65,78,25,22,superenalotto.it
2019-058,2019-05-14,58,37,59,69,75,89,90,2,69,superenalotto.it
2019-059,2019-05-16,59,11,25,37,67,75,85,35,51,superenalotto.it
2019-060,2019-05-18,60,31,33,44,57,62,65,25,70,superenalotto.it
2019-061,2019-05-21,61,20,38,76,82,84,87,75,66,superenalotto.it
2019-062,2019-05-23,62,2,8,15,32,72,79,16,80,superenalotto.it
2019-063,2019-05-25,63,33,51,53,59,66,68,43,54,superenalotto.it
2019-064,2019-05-28,64,8,30,33,58,84,89,88,53,superenalotto.it
2019-065,2019-05-30,65,16,33,59,65,69,73,29,87,superenalotto.it
2019-066,2019-06-01,66,17,19,24,46,48,72,56,82,superenalotto.it
2019-067,2019-06-04,67,15,49,63,79,85,86,68,90,superenalotto.it
2019-068,2019-06-06,68,2,15,47,54,78,79,68,77,superenalotto.it
2019-069,2019-06-08,69,15,16,54,64,66,72,44,62,superenalotto.it
2019-070,2019-06-11,70,16,25,36,46,48,58,73,15,superenalotto.it
2019-071,2019-06-13,71,11,22,23,26,32,77,18,6,superenalotto.it
2019-072,2019-06-15,72,4,23,43,47,74,82,73,9,superenalotto.it
2019-073,2019-06-18,73,13,23,63,67,68,81,38,5,superenalotto.it
2019-074,2019-06-20,74,25,26,35,42,65,76,77,84,superenalotto.it
2019-075,2019-06-22,75,35,39,41,69,70,74,89,59,superenalotto.it
2019-076,2019-06-25,76,14,43,61,62,75,85,69,29,superenalotto.it
2019-077,2019-06-27,77,33,34,37,50,68,82,22,39,superenalotto.it
2019-078,2019-06-29,78,6,22,33,45,60,81,68,33,superenalotto.it
2019-079,2019-07-02,79,13,18,37,48,63,67,65,23,superenalotto.it
2019-080,2019-07-04,80,40,42,57,64,80,86,38,57,superenalotto.it
2019-081,2019-07-06,81,6,12,22,25,29,62,90,43,superenalotto.it
2019-082,2019-07-09,82,1,20,26,54,59,74,52,62,superenalotto.it
2019-083,2019-07-11,83,15,26,32,48,66,84,80,39,superenalotto.it
2019-084,2019-07-13,84,3,13,15,36,42,90,6,83,superenalotto.it
2019-085,2019-07-16,85,30,47,48,60,67,90,85,25,superenalotto.it
2019-086,2019-07-18,86,12,22,37,40,51,68,49,38,superenalotto.it
2019-087,2019-07-20,87,2,23,29,51,79,84,67,26,superenalotto.it
2019-088,2019-07-23,88,18,32,34,55,74,79,78,36,superenalotto.it
2019-089,2019-07-25,89,7,20,28,36,55,69,4,88,superenalotto.it
2019-090,2019-07-27,90,13,33,40,61,78,80,66,51,superenalotto.it
2019-091,2019-07-30,91,6,8,16,42,84,87,62,12,superenalotto.it
2019-092,2019-08-01,92,20,30,37,52,82,83,18,52,superenalotto.it
2019-093,2019-08-03,93,6,16,21,27,33,66,1,45,superenalotto.it
2019-094,2019-08-06,94,20,22,27,43,46,72,28,61,superenalotto.it
2019-095,2019-08-08,95,6,10,24,63,66,89,67,23,superenalotto.it
2019-096,2019-08-10,96,10,15,42,57,68,80,25,68,superenalotto.it
2019-097,2019-08-13,97,7,32,41,59,75,76,21,11,superenalotto.it
2019-098,2019-08-17,98,8,13,31,37,39,46,54,65,superenalotto.it
2019-099,2019-08-19,99,17,28,57,66,67,71,78,5,superenalotto.it
2019-100,2019-08-20,100,20,35,40,41,79,88,28,35,superenalotto.it
2019-101,2019-08-22,101,1,12,24,42,65,67,39,21,superenalotto.it
2019-102,2019-08-24,102,20,36,40,42,63,86,17,4,superenalotto.it
2019-103,2019-08-27,103,4,15,34,37,47,73,26,54,superenalotto.it
2019-104,2019-08-29,104,21,37,45,53,83,84,2,41,superenalotto.it
2019-105,2019-08-31,105,31,35,52,59,60,75,51,9,superenalotto.it
2019-106,2019-09-03,106,18,29,39,58,59,76,53,37,superenalotto.it
2019-107,2019-09-05,107,7,26,31,34,52,54,32,21,superenalotto.it
2019-108,2019-09-07,108,9,29,43,66,70,84,52,1,superenalotto.it
2019-109,2019-09-10,109,15,16,21,49,50,83,20,22,superenalotto.it
2019-110,2019-09-12,110,12,17,20,62,80,88,26,28,superenalotto.it
2019-111,2019-09-14,111,1,7,10,40,52,59,47,85,superenalotto.it
2019-112,2019-09-17,112,9,18,26,43,60,79,57,35,superenalotto.it
2019-113,2019-09-19,113,38,50,53,56,65,76,86,12,superenalotto.it
2019-114,2019-09-21,114,31,36,44,47,50,56,17,46,superenalotto.it
2019-115,2019-09-24,115,7,45,55,60,81,89,25,29,superenalotto.it
2019-116,2019-09-26,116,17,20,42,44,83,90,18,37,superenalotto.it
2019-117,2019-09-28,117,37,49,66,75,77,82,31,8,superenalotto.it
2019-118,2019-10-01,118,11,59,63,73,84,89,62,27,superenalotto.it
2019-119,2019-10-03,119,4,5,31,35,46,80,77,34,superenalotto.it
2019-120,2019-10-05,120,20,38,52,58,68,72,45,79,superenalotto.it
2019-121,2019-10-08,121,25,35,47,70,79,87,83,54,superenalotto.it
2019-122,2019-10-10,122,9,12,29,42,65,75,84,86,superenalotto.it
2019-123,2019-10-12,123,5,33,40,45,79,90,78,4,superenalotto.it
2019-124,2019-10-15,124,5,38,45,54,59,65,78,17,superenalotto.it
2019-125,2019-10-17,125,10,29,33,55,65,72,47,6,superenalotto.it
2019-126,2019-10-19,126,15,30,75,76,77,79,11,73,superenalotto.it
2019-127,2019-10-22,127,9,28,40,77,79,81,4,28,superenalotto.it
2019-128,2019-10-24,128,18,51,53,57,82,87,1,18,superenalotto.it
2019-129,2019-10-26,129,8,12,13,14,51,83,74,1,superenalotto.it
2019-130,2019-10-29,130,21,32,47,61,67,68,25,69,superenalotto.it
2019-131,2019-10-31,131,35,41,53,60,65,80,86,16,superenalotto.it
2019-132,2019-11-02,132,10,19,30,68,78,80,31,74,superenalotto.it
2019-133,2019-11-05,133,32,56,64,65,87,90,71,57,superenalotto.it
2019-134,2019-11-07,134,4,9,37,48,49,77,41,39,superenalotto.it
2019-135,2019-11-09,135,1,21,43,51,81,88,60,20,superenalotto.it
2019-136,2019-11-12,136,14,15,51,55,61,73,4,79,superenalotto.it
2019-137,2019-11-14,137,33,52,57,72,76,81,77,71,superenalotto.it
2019-138,2019-11-16,138,7,29,31,58,65,86,18,61,superenalotto.it
2019-139,2019-11-19,139,19,26,56,74,77,82,17,2,superenalotto.it
2019-140,2019-11-21,140,23,29,35,50,57,60,15,32,superenalotto.it
2019-141,2019-11-23,141,12,29,52,61,72,79,57,73,superenalotto.it
2019-142,2019-11-26,142,21,22,35,63,76,79,38,60,superenalotto.it
2019-143,2019-11-28,143,7,16,17,50,52,74,68,61,superenalotto.it
2019-144,2019-11-30,144,2,21,47,52,66,77,9,73,superenalotto.it
2019-145,2019-12-03,145,4,5,8,22,48,83,47,66,superenalotto.it
2019-146,2019-12-05,146,16,25,52,59,64,74,37,74,superenalotto.it
2019-147,2019-12-07,147,11,21,44,67,77,80,33,69,superenalotto.it
2019-148,2019-12-10,148,11,37,40,42,58,82,69,5,superenalotto.it
2019-149,2019-12-12,149,11,25,39,48,51,71,88,19,superenalotto.it
2019-150,2019-12-14,150,8,10,43,52,60,83,84,61,superenalotto.it
2019-151,2019-12-17,151,4,8,37,44,86,88,56,62,superenalotto.it
2019-152,2019-12-19,152,3,14,25,43,74,80,62,80,superenalotto.it
2019-153,2019-12-21,153,9,28,36,50,66,90,71,56,superenalotto.it
2019-154,2019-12-23,154,17,30,45,56,87,89,18,76,superenalotto.it
2019-155,2019-12-24,155,44,48,55,67,82,90,54,72,superenalotto.it
2019-156,2019-12-28,156,3,8,16,28,42,65,75,63,superenalotto.it
2019-157,2019-12-31,157,3,32,36,43,62,80,13,89,superenalotto.it
2020-001,2020-01-02,1,5,45,63,64,78,85,4,89,superenalotto.it
2020-002,2020-01-04,2,23,30,37,44,57,80,26,56,superenalotto.it
2020-003,2020-01-07,3,2,23,60,66,72,78,19,53,superenalotto.it
2020-004,2020-01-09,4,5,14,54,55,66,78,52,45,superenalotto.it
2020-005,2020-01-11,5,34,36,38,63,72,81,18,63,superenalotto.it
2020-006,2020-01-14,6,1,6,9,32,68,85,79,62,superenalotto.it
2020-007,2020-01-16,7,22,29,50,53,72,83,77,85,superenalotto.it
2020-008,2020-01-18,8,26,28,32,50,79,87,1,72,superenalotto.it
2020-009,2020-01-21,9,6,32,46,53,70,75,62,9,superenalotto.it
2020-010,2020-01-23,10,15,20,23,69,72,81,87,79,superenalotto.it
2020-011,2020-01-25,11,11,16,17,35,68,90,76,47,superenalotto.it
2020-012,2020-01-28,12,16,21,33,50,57,89,52,26,superenalotto.it
2020-013,2020-01-30,13,8,46,53,62,77,84,51,38,superenalotto.it
2020-014,2020-02-01,14,22,25,45,46,48,88,24,56,superenalotto.it
2020-015,2020-02-04,15,21,29,34,64,72,79,14,82,superenalotto.it
2020-016,2020-02-06,16,3,20,29,49,65,82,31,70,superenalotto.it
2020-017,2020-02-08,17,15,32,54,56,61,85,10,63,superenalotto.it
2020-018,2020-02-11,18,16,24,45,68,72,81,20,2,superenalotto.it
2020-019,2020-02-13,19,4,15,43,69,74,84,49,36,superenalotto.it
2020-020,2020-02-15,20,13,26,40,55,65,86,9,48,superenalotto.it
2020-021,2020-02-18,21,26,45,58,69,72,82,9,49,superenalotto.it
2020-022,2020-02-20,22,20,36,55,69,80,85,58,3,superenalotto.it
2020-023,2020-02-22,23,1,28,57,58,60,68,50,31,superenalotto.it
2020-024,2020-02-25,24,10,15,23,54,73,74,63,26,superenalotto.it
2020-025,2020-02-27,25,17,51,60,71,75,79,58,85,superenalotto.it
2020-026,2020-02-29,26,9,35,44,50,73,78,85,6,superenalotto.it
2020-027,2020-03-03,27,5,11,19,26,36,64,1,78,superenalotto.it
2020-028,2020-03-05,28,13,40,48,67,69,85,65,43,superenalotto.it
2020-029,2020-03-07,29,11,13,31,41,85,87,12,37,superenalotto.it
2020-030,2020-03-10,30,8,35,41,43,57,80,42,17,superenalotto.it
2020-031,2020-03-12,31,19,22,41,46,56,86,13,56,superenalotto.it
2020-032,2020-03-14,32,1,13,18,47,68,75,46,84,superenalotto.it
2020-033,2020-03-17,33,17,29,30,49,63,65,15,27,superenalotto.it
2020-034,2020-03-19,34,7,11,17,28,29,50,41,59,superenalotto.it
2020-035,2020-03-21,35,5,13,38,39,52,59,74,90,superenalotto.it
2020-036,2020-05-05,36,39,43,58,73,83,86,35,6,superenalotto.it
2020-037,2020-05-07,37,22,35,45,52,57,75,15,12,superenalotto.it
2020-038,2020-05-09,38,34,45,59,66,70,78,21,5,superenalotto.it
2020-039,2020-05-12,39,21,38,55,60,65,85,66,71,superenalotto.it
2020-040,2020-05-14,40,12,17,20,54,61,80,39,17,superenalotto.it
2020-041,2020-05-16,41,2,7,71,78,84,87,80,56,superenalotto.it
2020-042,2020-05-19,42,26,41,51,62,66,85,40,31,superenalotto.it
2020-043,2020-05-21,43,3,21,44,69,73,81,20,12,superenalotto.it
2020-044,2020-05-23,44,5,15,61,75,82,86,36,40,superenalotto.it
2020-045,2020-05-26,45,10,23,27,46,68,74,66,31,superenalotto.it
2020-046,2020-05-28,46,16,29,31,73,76,82,26,2,superenalotto.it
2020-047,2020-05-30,47,3,27,46,52,70,74,48,4,superenalotto.it
2020-048,2020-06-01,48,9,28,49,65,76,81,8,47,superenalotto.it
2020-049,2020-06-04,49,5,16,23,30,40,71,10,56,superenalotto.it
2020-050,2020-06-06,50,4,21,37,45,50,79,76,5,superenalotto.it
2020-051,2020-06-09,51,8,14,30,58,71,87,70,79,superenalotto.it
2020-052,2020-06-11,52,1,7,23,47,68,69,79,33,superenalotto.it
2020-053,2020-06-13,53,20,42,53,57,62,73,8,89,superenalotto.it
2020-054,2020-06-16,54,1,11,39,59,68,74,37,16,superenalotto.it
2020-055,2020-06-18,55,4,6,15,35,67,73,36,35,superenalotto.it
2020-056,2020-06-20,56,16,29,39,55,63,86,84,51,superenalotto.it
2020-057,2020-06-23,57,40,44,52,59,66,69,24,14,superenalotto.it
2020-058,2020-06-25,58,14,35,41,51,84,85,78,49,superenalotto.it
2020-059,2020-06-27,59,13,33,35,60,78,81,11,52,superenalotto.it
2020-060,2020-06-30,60,6,7,57,61,79,89,63,3,superenalotto.it
2020-061,2020-07-02,61,12,33,42,56,78,79,88,79,superenalotto.it
2020-062,2020-07-04,62,33,38,46,59,65,73,28,47,superenalotto.it
2020-063,2020-07-07,63,16,24,29,53,73,88,62,50,superenalotto.it
2020-064,2020-07-09,64,1,10,26,40,64,88,79,16,superenalotto.it
2020-065,2020-07-11,65,6,10,19,20,40,67,75,87,superenalotto.it
2020-066,2020-07-14,66,17,35,70,71,74,82,22,79,superenalotto.it
2020-067,2020-07-16,67,35,39,40,64,67,75,74,5,superenalotto.it
2020-068,2020-07-18,68,18,33,49,76,80,84,12,83,superenalotto.it
2020-069,2020-07-21,69,4,34,46,54,55,62,10,82,superenalotto.it
2020-070,2020-07-23,70,10,29,37,49,56,57,24,68,superenalotto.it
2020-071,2020-07-25,71,18,30,42,70,78,80,1,84,superenalotto.it
2020-072,2020-07-28,72,23,45,49,71,80,82,61,76,superenalotto.it
2020-073,2020-07-30,73,4,15,19,26,28,55,58,2,superenalotto.it
2020-074,2020-08-01,74,4,14,17,18,26,45,6,56,superenalotto.it
2020-075,2020-08-04,75,5,19,21,25,45,82,59,43,superenalotto.it
2020-076,2020-08-06,76,21,37,40,46,69,80,3,65,superenalotto.it
2020-077,2020-08-08,77,6,16,22,55,58,83,51,32,superenalotto.it
2020-078,2020-08-11,78,7,9,38,68,78,80,26,45,superenalotto.it
2020-079,2020-08-13,79,4,5,49,57,66,75,36,77,superenalotto.it
2020-080,2020-08-17,80,5,9,26,62,77,79,87,72,superenalotto.it
2020-081,2020-08-18,81,13,22,28,58,65,77,6,24,superenalotto.it
2020-082,2020-08-20,82,7,17,30,39,41,67,32,70,superenalotto.it
2020-083,2020-08-22,83,7,12,45,47,73,87,83,72,superenalotto.it
2020-084,2020-08-25,84,15,24,31,70,83,84,76,89,superenalotto.it
2020-085,2020-08-27,85,37,49,52,53,75,87,29,30,superenalotto.it
2020-086,2020-08-29,86,1,3,35,42,55,61,25,17,superenalotto.it
2020-087,2020-09-01,87,10,22,28,45,48,71,53,84,superenalotto.it
2020-088,2020-09-03,88,16,17,38,39,68,84,29,7,superenalotto.it
2020-089,2020-09-05,89,7,14,27,56,72,83,16,3,superenalotto.it
2020-090,2020-09-08,90,23,27,28,31,69,89,24,85,superenalotto.it
2020-091,2020-09-10,91,46,48,67,78,80,87,23,56,superenalotto.it
2020-092,2020-09-12,92,6,15,36,42,67,78,2,11,superenalotto.it
2020-093,2020-09-15,93,2,9,44,47,52,54,16,18,superenalotto.it
2020-094,2020-09-17,94,9,29,35,47,53,85,71,48,superenalotto.it
2020-095,2020-09-19,95,6,12,14,27,39,73,87,66,superenalotto.it
2020-096,2020-09-22,96,4,15,37,48,55,69,31,56,superenalotto.it
2020-097,2020-09-24,97,10,13,28,77,86,89,14,1,superenalotto.it
2020-098,2020-09-26,98,4,16,38,70,86,88,61,46,superenalotto.it
2020-099,2020-09-29,99,25,33,53,76,81,90,75,72,superenalotto.it
2020-100,2020-10-01,100,7,31,38,52,61,75,51,19,superenalotto.it
2020-101,2020-10-03,101,5,17,59,61,70,79,52,11,superenalotto.it
2020-102,2020-10-06,102,8,55,67,73,74,89,83,18,superenalotto.it
2020-103,2020-10-08,103,8,35,51,60,63,75,79,58,superenalotto.it
2020-104,2020-10-10,104,12,15,19,24,46,73,67,46,superenalotto.it
2020-105,2020-10-13,105,47,56,58,60,79,85,20,65,superenalotto.it
2020-106,2020-10-15,106,29,38,47,61,68,86,36,59,superenalotto.it
2020-107,2020-10-17,107,24,28,34,55,62,87,36,38,superenalotto.it
2020-108,2020-10-20,108,24,29,36,43,50,51,69,21,superenalotto.it
2020-109,2020-10-22,109,1,16,21,36,37,43,27,44,superenalotto.it
2020-110,2020-10-24,110,17,19,28,41,49,86,25,88,superenalotto.it
2020-111,2020-10-27,111,19,26,49,53,55,77,51,57,superenalotto.it
2020-112,2020-10-29,112,9,32,41,43,44,84,28,46,superenalotto.it
2020-113,2020-10-31,113,22,31,35,40,65,82,36,51,superenalotto.it
2020-114,2020-11-03,114,18,39,45,48,53,64,55,11,superenalotto.it
2020-115,2020-11-05,115,5,10,18,24,69,85,65,50,superenalotto.it
2020-116,2020-11-07,116,1,2,61,69,70,82,56,5,superenalotto.it
2020-117,2020-11-10,117,13,34,38,41,76,88,18,17,superenalotto.it
2020-118,2020-11-12,118,13,35,37,58,60,88,57,19,superenalotto.it
2020-119,2020-11-14,119,3,30,47,67,68,89,38,46,superenalotto.it
2020-120,2020-11-17,120,7,18,20,32,45,55,75,41,superenalotto.it
2020-121,2020-11-19,121,6,13,47,49,69,86,83,2,superenalotto.it
2020-122,2020-11-21,122,6,24,37,55,76,82,20,11,superenalotto.it
2020-123,2020-11-24,123,9,15,16,23,57,76,19,56,superenalotto.it
2020-124,2020-11-26,124,2,9,39,52,67,76,78,37,superenalotto.it
2020-125,2020-11-28,125,12,29,61,81,87,90,20,77,superenalotto.it
2020-126,2020-12-01,126,21,30,32,62,78,80,36,21,superenalotto.it
2020-127,2020-12-03,127,22,33,43,48,87,89,17,75,superenalotto.it
2020-128,2020-12-05,128,26,32,39,40,57,65,4,15,superenalotto.it
2020-129,2020-12-07,129,1,6,20,25,70,90,89,45,superenalotto.it
2020-130,2020-12-10,130,1,6,25,42,75,80,41,63,superenalotto.it
2020-131,2020-12-12,131,11,14,18,59,64,85,1,84,superenalotto.it
2020-132,2020-12-15,132,10,16,47,51,80,85,4,23,superenalotto.it
2020-133,2020-12-17,133,5,9,12,14,26,37,55,29,superenalotto.it
2020-134,2020-12-19,134,36,39,45,50,62,66,47,69,superenalotto.it
2020-135,2020-12-22,135,15,16,22,46,51,72,8,29,superenalotto.it
2020-136,2020-12-24,136,22,25,31,79,87,90,38,73,superenalotto.it
2020-137,2020-12-28,137,8,25,39,54,59,84,85,14,superenalotto.it
2020-138,2020-12-29,138,15,22,38,51,60,74,86,50,superenalotto.it
2020-139,2020-12-31,139,7,14,20,66,68,79,76,60,superenalotto.it
2021-001,2021-01-02,1,35,37,50,75,77,81,5,30,superenalotto.it
2021-002,2021-01-05,2,12,19,30,60,71,78,79,6,superenalotto.it
2021-003,2021-01-07,3,15,33,48,49,56,88,16,55,superenalotto.it
2021-004,2021-01-09,4,14,16,35,47,58,64,40,20,superenalotto.it
2021-005,2021-01-12,5,5,19,21,33,61,90,43,52,superenalotto.it
2021-006,2021-01-14,6,24,50,53,54,62,88,61,72,superenalotto.it
2021-007,2021-01-16,7,9,26,57,66,81,83,63,65,superenalotto.it
2021-008,2021-01-19,8,2,27,28,38,43,65,60,72,superenalotto.it
2021-009,2021-01-21,9,15,17,38,40,45,65,84,45,superenalotto.it
2021-010,2021-01-23,10,3,19,27,35,63,89,29,57,superenalotto.it
2021-011,2021-01-26,11,34,39,45,51,60,89,18,52,superenalotto.it
2021-012,2021-01-28,12,18,29,40,44,46,53,67,39,superenalotto.it
2021-013,2021-01-30,13,27,35,42,48,56,65,44,81,superenalotto.it
2021-014,2021-02-02,14,28,41,54,67,78,86,29,6,superenalotto.it
2021-015,2021-02-04,15,5,19,27,35,40,82,66,53,superenalotto.it
2021-016,2021-02-06,16,36,49,50,61,66,76,82,87,superenalotto.it
2021-017,2021-02-09,17,7,8,19,33,40,48,54,40,superenalotto.it
2021-018,2021-02-11,18,5,34,47,60,69,70,64,21,superenalotto.it
2021-019,2021-02-13,19,36,39,46,58,63,77,57,65,superenalotto.it
2021-020,2021-02-16,20,9,19,30,52,61,76,54,30,superenalotto.it
2021-021,2021-02-18,21,28,52,56,62,66,72,58,13,superenalotto.it
2021-022,2021-02-20,22,3,18,25,31,65,75,29,65,superenalotto.it
2021-023,2021-02-23,23,7,37,42,57,59,87,15,17,superenalotto.it
2021-024,2021-02-25,24,13,26,42,71,72,73,62,30,superenalotto.it
2021-025,2021-02-27,25,10,37,42,69,72,86,85,2,superenalotto.it
2021-026,2021-03-02,26,3,32,39,56,77,89,90,82,superenalotto.it
2021-027,2021-03-04,27,2,4,13,45,51,77,5,64,superenalotto.it
2021-028,2021-03-06,28,4,36,43,61,72,89,22,29,superenalotto.it
2021-029,2021-03-09,29,8,15,20,52,54,72,81,79,superenalotto.it
2021-030,2021-03-11,30,9,31,51,68,84,90,33,41,superenalotto.it
2021-031,2021-03-13,31,28,29,43,59,70,79,52,79,superenalotto.it
2021-032,2021-03-16,32,28,43,48,65,84,89,9,2,superenalotto.it
2021-033,2021-03-18,33,11,38,51,58,62,63,47,56,superenalotto.it
2021-034,2021-03-20,34,6,10,57,71,74,83,39,40,superenalotto.it
2021-035,2021-03-23,35,2,11,13,45,66,72,25,84,superenalotto.it
2021-036,2021-03-25,36,15,28,30,52,75,86,37,32,superenalotto.it
2021-037,2021-03-27,37,16,19,41,72,78,82,70,46,superenalotto.it
2021-038,2021-03-30,38,10,25,41,58,78,87,73,33,superenalotto.it
2021-039,2021-04-01,39,22,37,57,62,83,90,3,87,superenalotto.it
2021-040,2021-04-03,40,1,39,53,60,75,76,36,8,superenalotto.it
2021-041,2021-04-06,41,7,27,73,77,78,89,26,41,superenalotto.it
2021-042,2021-04-08,42,19,29,35,49,66,81,61,87,superenalotto.it
2021-043,2021-04-10,43,9,27,67,80,87,89,65,18,superenalotto.it
2021-044,2021-04-13,44,1,36,48,63,68,87,23,36,superenalotto.it
2021-045,2021-04-15,45,12,33,44,71,72,80,69,12,superenalotto.it
2021-046,2021-04-17,46,7,20,63,68,74,88,13,11,superenalotto.it
2021-047,2021-04-20,47,1,32,48,58,68,75,59,10,superenalotto.it
2021-048,2021-04-22,48,8,11,46,47,72,81,68,80,superenalotto.it
2021-049,2021-04-24,49,10,20,21,29,34,44,58,33,superenalotto.it
2021-050,2021-04-27,50,41,49,56,58,60,68,59,79,superenalotto.it
2021-051,2021-04-29,51,14,62,64,66,76,87,79,48,superenalotto.it
2021-052,2021-05-03,52,15,18,40,43,57,72,39,12,superenalotto.it
2021-053,2021-05-04,53,6,43,48,60,75,85,1,2,superenalotto.it
2021-054,2021-05-06,54,5,28,38,55,79,89,31,26,superenalotto.it
2021-055,2021-05-08,55,37,38,44,45,60,65,66,10,superenalotto.it
2021-056,2021-05-11,56,23,30,50,59,60,83,16,86,superenalotto.it
2021-057,2021-05-13,57,4,13,20,51,69,82,9,27,superenalotto.it
2021-058,2021-05-15,58,15,36,49,59,60,62,77,20,superenalotto.it
2021-059,2021-05-18,59,10,11,15,19,47,78,68,90,superenalotto.it
2021-060,2021-05-20,60,27,31,36,39,46,67,19,88,superenalotto.it
2021-061,2021-05-22,61,1,7,37,43,63,81,34,26,superenalotto.it
2021-062,2021-05-25,62,5,39,45,49,59,71,4,9,superenalotto.it
2021-063,2021-05-27,63,24,38,81,86,88,89,54,71,superenalotto.it
2021-064,2021-05-29,64,23,31,62,71,74,77,8,80,superenalotto.it
2021-065,2021-06-01,65,9,21,27,41,45,53,66,27,superenalotto.it
2021-066,2021-06-03,66,17,27,40,72,86,87,48,2,superenalotto.it
2021-067,2021-06-05,67,53,73,75,83,84,85,27,76,superenalotto.it
2021-068,2021-06-08,68,2,9,11,72,76,86,67,79,superenalotto.it
2021-069,2021-06-10,69,27,37,42,44,76,83,50,25,superenalotto.it
2021-070,2021-06-12,70,2,9,27,54,69,78,16,62,superenalotto.it
2021-071,2021-06-15,71,10,14,25,43,54,65,11,79,superenalotto.it
2021-072,2021-06-17,72,20,33,39,42,43,78,40,49,superenalotto.it
2021-073,2021-06-19,73,1,3,41,55,84,85,47,87,superenalotto.it
2021-074,2021-06-22,74,30,51,56,59,65,68,83,40,superenalotto.it
2021-075,2021-06-24,75,40,43,56,59,63,88,25,2,superenalotto.it
2021-076,2021-06-26,76,28,39,44,57,61,88,43,26,superenalotto.it
2021-077,2021-06-29,77,10,30,52,53,66,87,77,20,superenalotto.it
2021-078,2021-07-01,78,8,11,44,86,88,89,31,8,superenalotto.it
2021-079,2021-07-03,79,42,45,52,65,70,85,67,61,superenalotto.it
2021-080,2021-07-06,80,11,15,20,40,69,73,65,48,superenalotto.it
2021-081,2021-07-08,81,21,24,25,61,73,74,58,24,superenalotto.it
2021-082,2021-07-10,82,8,13,16,27,32,62,4,31,superenalotto.it
2021-083,2021-07-13,83,58,68,70,74,76,89,3,74,superenalotto.it
2021-084,2021-07-15,84,2,25,37,54,57,87,80,77,superenalotto.it
2021-085,2021-07-17,85,6,37,64,71,85,87,16,23,superenalotto.it
2021-086,2021-07-20,86,28,34,49,65,79,90,1,80,superenalotto.it
2021-087,2021-07-22,87,1,6,10,61,63,64,15,37,superenalotto.it
2021-088,2021-07-24,88,21,25,40,50,71,87,22,18,superenalotto.it
2021-089,2021-07-27,89,1,6,24,36,82,83,58,78,superenalotto.it
2021-090,2021-07-29,90,3,14,21,31,84,89,45,68,superenalotto.it
2021-091,2021-07-31,91,14,22,36,47,59,61,35,56,superenalotto.it
2021-092,2021-08-03,92,14,55,65,68,78,88,36,82,superenalotto.it
2021-093,2021-08-05,93,28,37,41,44,52,84,86,12,superenalotto.it
2021-094,2021-08-07,94,1,7,34,37,45,49,57,57,superenalotto.it
2021-095,2021-08-10,95,14,16,47,49,53,56,22,59,superenalotto.it
2021-096,2021-08-12,96,17,55,59,61,62,90,21,72,superenalotto.it
2021-097,2021-08-14,97,53,64,72,74,87,89,39,4,superenalotto.it
2021-098,2021-08-17,98,2,3,10,38,64,70,69,39,superenalotto.it
2021-099,2021-08-19,99,3,4,31,80,81,87,53,53,superenalotto.it
2021-100,2021-08-21,100,8,19,35,59,86,90,33,53,superenalotto.it
2021-101,2021-08-24,101,12,27,43,48,63,66,18,22,superenalotto.it
2021-102,2021-08-26,102,17,21,32,40,55,76,89,4,superenalotto.it
2021-103,2021-08-28,103,44,54,56,63,76,77,61,75,superenalotto.it
2021-104,2021-08-31,104,3,5,10,44,76,77,19,71,superenalotto.it
2021-105,2021-09-02,105,5,15,39,72,76,80,12,6,superenalotto.it
2021-106,2021-09-04,106,7,60,68,71,79,80,53,68,superenalotto.it
2021-107,2021-09-07,107,7,20,21,31,67,89,63,89,superenalotto.it
2021-108,2021-09-09,108,6,58,64,73,76,86,59,45,superenalotto.it
2021-109,2021-09-11,109,1,30,36,49,75,85,33,73,superenalotto.it
2021-110,2021-09-14,110,3,14,42,52,69,81,63,3,superenalotto.it
2021-111,2021-09-16,111,12,16,40,46,47,83,57,16,superenalotto.it
2021-112,2021-09-18,112,22,56,60,73,76,80,81,4,superenalotto.it
2021-113,2021-09-21,113,5,6,29,59,68,74,54,53,superenalotto.it
2021-114,2021-09-23,114,8,21,38,42,49,51,2,58,superenalotto.it
2021-115,2021-09-25,115,11,19,61,62,75,76,43,24,superenalotto.it
2021-116,2021-09-28,116,14,18,19,33,34,80,48,19,superenalotto.it
2021-117,2021-09-30,117,7,32,33,36,45,47,43,19,superenalotto.it
2021-118,2021-10-02,118,9,19,40,62,67,71,52,58,superenalotto.it
2021-119,2021-10-05,119,21,40,62,66,73,85,58,67,superenalotto.it
2021-120,2021-10-07,120,15,18,22,26,66,77,67,78,superenalotto.it
2021-121,2021-10-09,121,7,9,70,72,77,86,53,20,superenalotto.it
2021-122,2021-10-12,122,46,53,55,60,64,90,77,72,superenalotto.it
2021-123,2021-10-14,123,8,14,25,59,60,88,27,31,superenalotto.it
2021-124,2021-10-16,124,32,41,50,57,67,89,13,90,superenalotto.it
2021-125,2021-10-19,125,21,28,38,42,66,88,60,6,superenalotto.it
2021-126,2021-10-21,126,9,10,26,27,77,86,16,23,superenalotto.it
2021-127,2021-10-23,127,1,11,12,15,20,83,46,80,superenalotto.it
2021-128,2021-10-26,128,20,24,25,49,57,68,16,53,superenalotto.it
2021-129,2021-10-28,129,2,25,34,67,73,77,36,11,superenalotto.it
2021-130,2021-10-30,130,20,31,41,43,48,79,26,46,superenalotto.it
2021-131,2021-11-02,131,22,27,51,55,77,86,33,42,superenalotto.it
2021-132,2021-11-04,132,22,25,38,41,61,68,24,3,superenalotto.it
2021-133,2021-11-06,133,6,21,56,63,81,85,51,61,superenalotto.it
2021-134,2021-11-09,134,3,6,14,17,54,60,83,78,superenalotto.it
2021-135,2021-11-11,135,4,23,52,65,79,88,37,53,superenalotto.it
2021-136,2021-11-13,136,13,40,60,66,73,75,23,49,superenalotto.it
2021-137,2021-11-16,137,7,17,19,38,66,71,90,35,superenalotto.it
2021-138,2021-11-18,138,22,24,38,42,44,87,67,13,superenalotto.it
2021-139,2021-11-20,139,7,48,58,60,86,87,55,22,superenalotto.it
2021-140,2021-11-23,140,6,17,23,24,43,72,81,30,superenalotto.it
2021-141,2021-11-25,141,6,45,61,82,84,88,16,36,superenalotto.it
2021-142,2021-11-27,142,24,30,38,47,48,78,8,57,superenalotto.it
2021-143,2021-11-30,143,11,34,44,64,75,82,48,5,superenalotto.it
2021-144,2021-12-02,144,15,24,48,60,70,89,34,17,superenalotto.it
2021-145,2021-12-04,145,37,43,68,72,76,85,27,11,superenalotto.it
2021-146,2021-12-07,146,9,12,23,38,59,88,76,18,superenalotto.it
2021-147,2021-12-09,147,10,48,70,75,79,83,82,77,superenalotto.it
2021-148,2021-12-11,148,7,17,45,64,76,81,42,72,superenalotto.it
2021-149,2021-12-14,149,35,59,64,65,68,73,50,49,superenalotto.it
2021-150,2021-12-16,150,12,35,37,41,75,76,16,13,superenalotto.it
2021-151,2021-12-18,151,6,31,44,57,73,77,61,80,superenalotto.it
2021-152,2021-12-21,152,30,49,61,62,79,87,63,48,superenalotto.it
2021-153,2021-12-23,153,11,15,17,37,54,89,8,38,superenalotto.it
2021-154,2021-12-27,154,6,10,11,41,61,80,76,47,superenalotto.it
2021-155,2021-12-28,155,13,19,47,70,77,83,31,59,superenalotto.it
2021-156,2021-12-30,156,10,20,40,55,68,86,26,76,superenalotto.it
2022-001,2022-01-03,1,9,47,50,67,73,74,85,49,superenalotto.it
2022-002,2022-01-04,2,5,18,59,78,81,89,10,9,superenalotto.it
2022-003,2022-01-08,3,35,42,49,63,68,78,1,33,superenalotto.it
2022-004,2022-01-10,4,3,25,30,58,66,84,72,55,superenalotto.it
2022-005,2022-01-11,5,15,22,24,33,38,71,47,45,superenalotto.it
2022-006,2022-01-13,6,10,34,56,66,78,87,52,29,superenalotto.it
2022-007,2022-01-15,7,6,19,48,51,73,89,32,40,superenalotto.it
2022-008,2022-01-18,8,33,34,43,46,49,66,87,78,superenalotto.it
2022-009,2022-01-20,9,32,33,37,53,77,79,76,61,superenalotto.it
2022-010,2022-01-22,10,5,13,27,37,50,59,76,47,superenalotto.it
2022-011,2022-01-25,11,4,13,16,21,23,50,63,79,superenalotto.it
2022-012,2022-01-27,12,30,53,63,74,83,88,44,27,superenalotto.it
2022-013,2022-01-29,13,1,23,63,79,82,89,68,52,superenalotto.it
2022-014,2022-02-01,14,5,10,29,31,47,58,34,44,superenalotto.it
2022-015,2022-02-03,15,21,26,28,35,65,77,46,60,superenalotto.it
2022-016,2022-02-05,16,30,39,48,55,76,81,82,11,superenalotto.it
2022-017,2022-02-08,17,36,38,57,62,64,81,68,28,superenalotto.it
2022-018,2022-02-10,18,25,35,51,52,58,59,82,71,superenalotto.it
2022-019,2022-02-12,19,14,22,27,47,68,77,44,45,superenalotto.it
2022-020,2022-02-15,20,1,9,44,49,60,74,70,38,superenalotto.it
2022-021,2022-02-17,21,36,48,67,77,85,87,38,74,superenalotto.it
2022-022,2022-02-19,22,9,13,15,65,74,81,66,24,superenalotto.it
2022-023,2022-02-22,23,9,15,29,59,64,74,22,16,superenalotto.it
2022-024,2022-02-24,24,16,28,38,52,69,73,17,47,superenalotto.it
2022-025,2022-02-26,25,6,24,38,52,84,87,4,81,superenalotto.it
2022-026,2022-03-01,26,15,44,60,79,81,83,64,64,superenalotto.it
2022-027,2022-03-03,27,31,33,40,43,47,80,2,21,superenalotto.it
2022-028,2022-03-05,28,3,9,58,66,68,80,35,77,superenalotto.it
2022-029,2022-03-08,29,3,15,16,21,31,80,24,70,superenalotto.it
2022-030,2022-03-10,30,18,34,39,47,52,66,22,69,superenalotto.it
2022-031,2022-03-12,31,24,32,41,56,76,80,10,11,superenalotto.it
2022-032,2022-03-15,32,8,22,53,65,75,86,55,44,superenalotto.it
2022-033,2022-03-17,33,14,52,53,54,55,86,34,29,superenalotto.it
2022-034,2022-03-19,34,20,41,61,67,73,83,4,83,superenalotto.it
2022-035,2022-03-22,35,27,30,49,68,74,88,64,11,superenalotto.it
2022-036,2022-03-24,36,15,35,37,48,62,77,28,50,superenalotto.it
2022-037,2022-03-26,37,22,38,74,81,84,89,72,45,superenalotto.it
2022-038,2022-03-29,38,9,32,48,55,68,72,36,68,superenalotto.it
2022-039,2022-03-31,39,15,43,51,59,64,74,11,39,superenalotto.it
2022-040,2022-04-02,40,24,35,45,54,65,68,7,9,superenalotto.it
2022-041,2022-04-05,41,5,21,48,63,83,86,30,70,superenalotto.it
2022-042,2022-04-07,42,11,20,42,43,51,86,71,87,superenalotto.it
2022-043,2022-04-09,43,2,22,27,42,52,89,36,19,superenalotto.it
2022-044,2022-04-12,44,15,27,32,51,74,77,44,22,superenalotto.it
2022-045,2022-04-14,45,5,8,22,38,50,55,12,89,superenalotto.it
2022-046,2022-04-16,46,7,21,25,69,76,77,70,74,superenalotto.it
2022-047,2022-04-19,47,32,41,63,71,76,89,1,24,superenalotto.it
2022-048,2022-04-21,48,17,32,46,49,77,88,48,19,superenalotto.it
2022-049,2022-04-23,49,6,18,23,33,57,71,65,32,superenalotto.it
2022-050,2022-04-26,50,20,44,62,64,67,78,79,40,superenalotto.it
2022-051,2022-04-28,51,24,61,65,67,71,90,14,74,superenalotto.it
2022-052,2022-04-30,52,22,25,34,52,72,85,14,71,superenalotto.it
2022-053,2022-05-03,53,13,24,44,47,66,80,46,81,superenalotto.it
2022-054,2022-05-05,54,25,31,37,38,77,82,43,8,superenalotto.it
2022-055,2022-05-07,55,29,41,43,46,51,81,48,39,superenalotto.it
2022-056,2022-05-10,56,25,37,47,55,73,81,67,5,superenalotto.it
2022-057,2022-05-12,57,21,26,28,54,80,85,4,37,superenalotto.it
2022-058,2022-05-14,58,13,19,39,42,73,83,60,11,superenalotto.it
2022-059,2022-05-17,59,26,29,32,48,65,79,53,61,superenalotto.it
2022-060,2022-05-19,60,2,9,13,39,40,89,6,43,superenalotto.it
2022-061,2022-05-21,61,2,20,25,67,78,80,71,28,superenalotto.it
2022-062,2022-05-24,62,22,24,25,32,46,73,29,62,superenalotto.it
2022-063,2022-05-26,63,10,14,17,32,45,87,18,70,superenalotto.it
2022-064,2022-05-28,64,27,42,55,65,84,90,53,64,superenalotto.it
2022-065,2022-05-31,65,21,34,35,48,63,82,17,14,superenalotto.it
2022-066,2022-06-04,66,2,35,41,43,65,71,12,50,superenalotto.it
2022-067,2022-06-06,67,8,22,31,53,59,86,75,74,superenalotto.it
2022-068,2022-06-07,68,21,31,49,69,77,90,40,22,superenalotto.it
2022-069,2022-06-09,69,4,12,20,32,56,88,25,78,superenalotto.it
2022-070,2022-06-11,70,5,8,18,28,33,59,9,83,superenalotto.it
2022-071,2022-06-14,71,7,34,48,50,53,67,52,52,superenalotto.it
2022-072,2022-06-16,72,31,54,56,60,66,82,29,13,superenalotto.it
2022-073,2022-06-18,73,2,12,16,27,74,78,58,65,superenalotto.it
2022-074,2022-06-21,74,12,16,32,46,60,83,54,52,superenalotto.it
2022-075,2022-06-23,75,34,37,52,55,56,66,79,16,superenalotto.it
2022-076,2022-06-25,76,4,30,42,46,58,89,29,88,superenalotto.it
2022-077,2022-06-28,77,19,32,36,55,71,81,48,64,superenalotto.it
2022-078,2022-06-30,78,6,9,12,16,32,79,26,40,superenalotto.it
2022-079,2022-07-02,79,1,5,25,34,38,66,51,21,superenalotto.it
2022-080,2022-07-05,80,16,17,49,66,82,86,1,67,superenalotto.it
2022-081,2022-07-07,81,17,24,25,35,66,73,54,1,superenalotto.it
2022-082,2022-07-09,82,28,31,41,51,70,83,80,24,superenalotto.it
2022-083,2022-07-12,83,11,56,63,66,68,72,58,68,superenalotto.it
2022-084,2022-07-14,84,3,11,28,39,65,75,48,51,superenalotto.it
2022-085,2022-07-16,85,28,29,38,43,62,71,75,49,superenalotto.it
2022-086,2022-07-19,86,2,17,27,44,78,79,59,1,superenalotto.it
2022-087,2022-07-21,87,7,14,24,43,44,90,66,19,superenalotto.it
2022-088,2022-07-23,88,29,32,46,56,66,90,21,89,superenalotto.it
2022-089,2022-07-26,89,8,31,34,44,56,77,36,9,superenalotto.it
2022-090,2022-07-28,90,19,20,22,54,72,88,50,56,superenalotto.it
2022-091,2022-07-30,91,7,25,28,62,80,87,54,49,superenalotto.it
2022-092,2022-08-02,92,9,25,26,49,68,74,81,59,superenalotto.it
2022-093,2022-08-04,93,20,23,45,66,83,87,16,61,superenalotto.it
2022-094,2022-08-06,94,1,21,29,40,42,58,25,70,superenalotto.it
2022-095,2022-08-09,95,15,25,26,29,38,39,82,41,superenalotto.it
2022-096,2022-08-11,96,6,32,34,56,58,87,23,88,superenalotto.it
2022-097,2022-08-13,97,8,49,62,65,83,88,45,64,superenalotto.it
2022-098,2022-08-16,98,13,19,59,74,81,84,2,51,superenalotto.it
2022-099,2022-08-18,99,5,25,42,51,71,84,38,9,superenalotto.it
2022-100,2022-08-20,100,19,28,31,58,77,85,73,88,superenalotto.it
2022-101,2022-08-23,101,7,44,47,51,52,85,89,72,superenalotto.it
2022-102,2022-08-25,102,33,41,42,84,86,88,38,79,superenalotto.it
2022-103,2022-08-27,103,3,5,15,39,45,80,10,83,superenalotto.it
2022-104,2022-08-30,104,6,11,23,45,57,75,44,45,superenalotto.it
2022-105,2022-09-01,105,2,5,13,19,54,89,40,50,superenalotto.it
2022-106,2022-09-03,106,22,25,30,37,44,76,1,74,superenalotto.it
2022-107,2022-09-06,107,11,13,19,34,49,52,37,27,superenalotto.it
2022-108,2022-09-08,108,18,26,39,50,71,90,41,35,superenalotto.it
2022-109,2022-09-10,109,62,66,68,70,75,83,30,64,superenalotto.it
2022-110,2022-09-13,110,5,9,16,20,23,69,31,46,superenalotto.it
2022-111,2022-09-15,111,27,34,42,59,72,76,25,35,superenalotto.it
2022-112,2022-09-17,112,1,10,14,18,42,60,39,35,superenalotto.it
2022-113,2022-09-20,113,1,38,39,40,50,83,44,9,superenalotto.it
2022-114,2022-09-22,114,15,30,42,65,75,81,72,85,superenalotto.it
2022-115,2022-09-24,115,19,26,35,44,49,65,24,32,superenalotto.it
2022-116,2022-09-27,116,5,22,42,49,62,63,80,36,superenalotto.it
2022-117,2022-09-29,117,6,35,37,46,59,86,84,38,superenalotto.it
2022-118,2022-10-01,118,3,11,14,26,67,82,75,59,superenalotto.it
2022-119,2022-10-04,119,4,9,55,68,80,84,38,55,superenalotto.it
2022-120,2022-10-06,120,10,20,28,62,70,87,59,26,superenalotto.it
2022-121,2022-10-08,121,26,33,41,51,80,84,15,44,superenalotto.it
2022-122,2022-10-11,122,1,33,35,39,46,58,15,48,superenalotto.it
2022-123,2022-10-13,123,4,20,64,65,69,79,81,20,superenalotto.it
2022-124,2022-10-15,124,12,26,34,69,74,83,66,68,superenalotto.it
2022-125,2022-10-18,125,4,5,31,56,57,59,51,75,superenalotto.it
2022-126,2022-10-20,126,6,8,39,65,67,69,32,7,superenalotto.it
2022-127,2022-10-22,127,3,28,31,43,53,59,7,22,superenalotto.it
2022-128,2022-10-25,128,1,19,41,48,68,71,25,45,superenalotto.it
2022-129,2022-10-27,129,27,28,32,40,49,72,53,70,superenalotto.it
2022-130,2022-10-29,130,15,32,66,74,79,86,84,54,superenalotto.it
2022-131,2022-10-31,131,12,17,32,64,81,84,11,5,superenalotto.it
2022-132,2022-11-03,132,10,15,37,40,43,59,5,67,superenalotto.it
2022-133,2022-11-05,133,11,18,41,50,63,74,81,21,superenalotto.it
2022-134,2022-11-08,134,15,31,33,44,46,73,79,3,superenalotto.it
2022-135,2022-11-10,135,10,16,18,34,39,45,87,3,superenalotto.it
2022-136,2022-11-12,136,19,32,51,61,71,82,48,35,superenalotto.it
2022-137,2022-11-15,137,13,21,23,33,48,86,28,1,superenalotto.it
2022-138,2022-11-17,138,3,6,39,48,52,88,9,6,superenalotto.it
2022-139,2022-11-19,139,19,30,44,48,58,72,40,33,superenalotto.it
2022-140,2022-11-22,140,14,22,23,35,41,64,17,14,superenalotto.it
2022-141,2022-11-24,141,25,58,66,78,81,88,76,3,superenalotto.it
2022-142,2022-11-26,142,3,8,42,48,61,72,56,34,superenalotto.it
2022-143,2022-11-29,143,18,33,43,60,61,78,20,52,superenalotto.it
2022-144,2022-12-01,144,4,13,32,54,56,68,67,25,superenalotto.it
2022-145,2022-12-03,145,4,37,38,53,73,79,29,90,superenalotto.it
2022-146,2022-12-06,146,12,21,31,39,70,83,16,59,superenalotto.it
2022-147,2022-12-10,147,29,50,55,56,76,81,9,47,superenalotto.it
2022-148,2022-12-12,148,16,33,51,54,68,86,42,82,superenalotto.it
2022-149,2022-12-13,149,32,40,51,61,75,76,72,21,superenalotto.it
2022-150,2022-12-15,150,3,4,30,32,39,65,43,66,superenalotto.it
2022-151,2022-12-17,151,8,21,24,54,68,70,12,76,superenalotto.it
2022-152,2022-12-20,152,7,12,23,73,81,87,35,8,superenalotto.it
2022-153,2022-12-22,153,9,25,34,39,54,64,87,22,superenalotto.it
2022-154,2022-12-24,154,9,23,29,69,72,81,8,79,superenalotto.it
2022-155,2022-12-27,155,3,37,39,44,68,72,11,21,superenalotto.it
2022-156,2022-12-29,156,2,19,34,37,46,58,62,69,superenalotto.it
2022-157,2022-12-31,157,9,15,30,37,44,72,75,21,superenalotto.it
2023-001,2023-01-03,1,8,10,30,34,51,71,20,27,superenalotto.it
2023-002,2023-01-05,2,5,9,13,15,50,64,68,43,superenalotto.it
2023-003,2023-01-07,3,17,41,54,60,67,86,51,12,superenalotto.it
2023-004,2023-01-10,4,21,24,31,32,56,83,78,40,superenalotto.it
2023-005,2023-01-12,5,9,10,22,41,44,85,5,51,superenalotto.it
2023-006,2023-01-14,6,37,44,52,58,74,78,65,67,superenalotto.it
2023-007,2023-01-17,7,9,10,14,40,60,68,21,9,superenalotto.it
2023-008,2023-01-19,8,29,47,57,59,67,87,6,48,superenalotto.it
2023-009,2023-01-21,9,22,61,66,72,80,82,67,79,superenalotto.it
2023-010,2023-01-24,10,3,7,20,55,75,80,88,44,superenalotto.it
2023-011,2023-01-26,11,6,25,34,60,79,86,48,81,superenalotto.it
2023-012,2023-01-28,12,19,23,53,58,61,82,73,52,superenalotto.it
2023-013,2023-01-31,13,13,15,23,39,41,46,30,42,superenalotto.it
2023-014,2023-02-02,14,3,14,19,28,70,80,83,7,superenalotto.it
2023-015,2023-02-04,15,3,42,46,49,68,81,4,81,superenalotto.it
2023-016,2023-02-07,16,24,54,58,65,81,89,63,20,superenalotto.it
2023-017,2023-02-09,17,3,10,25,44,57,90,53,68,superenalotto.it
2023-018,2023-02-11,18,4,24,25,28,31,68,79,65,superenalotto.it
2023-019,2023-02-14,19,19,22,67,71,79,85,23,13,superenalotto.it
2023-020,2023-02-16,20,1,38,47,52,56,66,72,23,superenalotto.it
2023-021,2023-02-18,21,22,46,52,57,65,72,31,2,superenalotto.it
2023-022,2023-02-21,22,7,31,44,63,80,83,87,77,superenalotto.it
2023-023,2023-02-23,23,6,29,34,52,58,68,59,12,superenalotto.it
2023-024,2023-02-25,24,6,42,52,72,85,89,56,28,superenalotto.it
2023-025,2023-02-28,25,7,16,47,49,50,73,45,41,superenalotto.it
2023-026,2023-03-02,26,9,24,28,37,44,81,51,72,superenalotto.it
2023-027,2023-03-04,27,4,22,24,29,49,58,69,8,superenalotto.it
2023-028,2023-03-07,28,2,38,49,64,81,89,43,10,superenalotto.it
2023-029,2023-03-09,29,1,19,30,41,42,77,61,32,superenalotto.it
2023-030,2023-03-11,30,23,42,46,54,58,79,40,69,superenalotto.it
2023-031,2023-03-14,31,8,20,25,64,87,88,75,34,superenalotto.it
2023-032,2023-03-16,32,25,28,36,45,48,86,50,51,superenalotto.it
2023-033,2023-03-18,33,35,37,43,47,69,73,16,47,superenalotto.it
2023-034,2023-03-21,34,10,15,16,30,36,71,59,63,superenalotto.it
2023-035,2023-03-23,35,6,8,41,42,66,80,79,11,superenalotto.it
2023-036,2023-03-25,36,4,15,26,27,72,82,89,12,superenalotto.it
2023-037,2023-03-28,37,42,52,62,64,76,79,55,56,superenalotto.it
2023-038,2023-03-30,38,21,29,30,43,46,63,77,54,superenalotto.it
2023-039,2023-04-01,39,5,22,36,47,73,75,51,78,superenalotto.it
2023-040,2023-04-04,40,17,20,54,62,69,88,39,36,superenalotto.it
2023-041,2023-04-06,41,4,28,30,42,45,50,27,55,superenalotto.it
2023-042,2023-04-08,42,17,25,32,38,43,48,67,73,superenalotto.it
2023-043,2023-04-11,43,9,40,55,60,69,70,34,70,superenalotto.it
2023-044,2023-04-13,44,2,11,42,73,76,90,55,35,superenalotto.it
2023-045,2023-04-15,45,7,22,36,52,79,86,38,51,superenalotto.it
2023-046,2023-04-18,46,5,36,62,64,66,67,53,2,superenalotto.it
2023-047,2023-04-20,47,4,5,7,21,45,52,77,37,superenalotto.it
2023-048,2023-04-22,48,6,18,22,25,26,47,60,61,superenalotto.it
2023-049,2023-04-24,49,3,7,46,69,75,82,81,28,superenalotto.it
2023-050,2023-04-27,50,7,10,62,63,77,86,5,44,superenalotto.it
2023-051,2023-04-29,51,21,43,55,56,73,89,13,2,superenalotto.it
2023-052,2023-05-02,52,17,43,60,71,86,88,16,49,superenalotto.it
2023-053,2023-05-04,53,6,9,23,57,62,72,16,22,superenalotto.it
2023-054,2023-05-06,54,10,25,40,46,47,74,7,31,superenalotto.it
2023-055,2023-05-09,55,18,25,41,44,60,78,36,72,superenalotto.it
2023-056,2023-05-11,56,1,6,35,48,62,65,43,83,superenalotto.it
2023-057,2023-05-13,57,3,31,35,57,82,84,68,16,superenalotto.it
2023-058,2023-05-16,58,20,42,52,67,72,77,82,3,superenalotto.it
2023-059,2023-05-18,59,5,16,35,63,69,77,29,3,superenalotto.it
2023-060,2023-05-20,60,18,32,37,46,64,70,30,44,superenalotto.it
2023-061,2023-05-23,61,13,23,26,27,50,63,71,1,superenalotto.it
2023-062,2023-05-25,62,20,22,33,38,40,51,44,76,superenalotto.it
2023-063,2023-05-27,63,12,41,64,78,79,88,58,86,superenalotto.it
2023-064,2023-05-30,64,10,22,37,55,76,87,60,43,superenalotto.it
2023-065,2023-06-01,65,2,37,64,83,89,90,34,23,superenalotto.it
2023-066,2023-06-03,66,27,39,56,58,63,64,55,38,superenalotto.it
2023-067,2023-06-06,67,17,26,51,54,61,62,73,8,superenalotto.it
2023-068,2023-06-08,68,3,8,58,66,82,87,69,55,superenalotto.it
2023-069,2023-06-10,69,8,30,33,40,64,78,42,59,superenalotto.it
2023-070,2023-06-13,70,6,37,53,54,72,84,74,84,superenalotto.it
2023-071,2023-06-15,71,4,9,21,24,52,71,8,58,superenalotto.it
2023-072,2023-06-17,72,12,18,26,40,53,63,54,58,superenalotto.it
2023-073,2023-06-20,73,7,42,56,69,74,76,45,4,superenalotto.it
2023-074,2023-06-22,74,21,30,38,65,67,90,77,7,superenalotto.it
2023-075,2023-06-24,75,1,21,32,35,59,86,38,6,superenalotto.it
2023-076,2023-06-27,76,31,46,57,70,71,80,75,8,superenalotto.it
2023-077,2023-06-29,77,1,27,38,41,79,81,39,29,superenalotto.it
2023-078,2023-07-01,78,17,39,41,43,87,89,33,44,superenalotto.it
2023-079,2023-07-04,79,11,23,50,68,89,90,41,32,superenalotto.it
2023-080,2023-07-06,80,5,17,27,38,53,57,30,16,superenalotto.it
2023-081,2023-07-07,81,1,13,23,73,83,85,79,3,superenalotto.it
2023-082,2023-07-08,82,8,18,20,28,41,56,58,55,superenalotto.it
2023-083,2023-07-11,83,39,41,58,64,71,77,9,74,superenalotto.it
2023-084,2023-07-13,84,20,38,49,50,53,64,72,62,superenalotto.it
2023-085,2023-07-14,85,38,41,43,55,61,71,59,75,superenalotto.it
2023-086,2023-07-15,86,40,45,51,52,56,78,30,5,superenalotto.it
2023-087,2023-07-18,87,22,45,49,52,60,65,23,26,superenalotto.it
2023-088,2023-07-20,88,14,41,47,62,65,88,39,37,superenalotto.it
2023-089,2023-07-21,89,13,38,52,56,73,90,7,24,superenalotto.it
2023-090,2023-07-22,90,2,37,50,65,68,90,67,60,superenalotto.it
2023-091,2023-07-25,91,6,30,48,69,71,74,62,22,superenalotto.it
2023-092,2023-07-27,92,18,39,48,50,57,83,38,55,superenalotto.it
2023-093,2023-07-28,93,1,23,33,50,55,78,45,82,superenalotto.it
2023-094,2023-07-29,94,27,39,58,60,68,85,45,82,superenalotto.it
2023-095,2023-08-01,95,11,32,36,40,54,63,78,57,superenalotto.it
2023-096,2023-08-03,96,4,6,9,33,65,73,48,12,superenalotto.it
2023-097,2023-08-04,97,5,21,57,71,72,84,66,11,superenalotto.it
2023-098,2023-08-05,98,7,9,17,18,47,81,61,20,superenalotto.it
2023-099,2023-08-08,99,3,4,5,71,81,82,64,10,superenalotto.it
2023-100,2023-08-10,100,9,21,43,49,53,86,68,62,superenalotto.it
2023-101,2023-08-11,101,31,45,46,52,69,83,76,34,superenalotto.it
2023-102,2023-08-12,102,2,40,48,78,81,90,55,14,superenalotto.it
2023-103,2023-08-14,103,6,28,46,64,77,82,20,15,superenalotto.it
2023-104,2023-08-17,104,10,12,14,53,63,71,41,41,superenalotto.it
2023-105,2023-08-18,105,5,13,41,58,70,73,1,28,superenalotto.it
2023-106,2023-08-19,106,5,6,18,23,49,61,22,82,superenalotto.it
2023-107,2023-08-22,107,32,45,47,61,67,75,6,83,superenalotto.it
2023-108,2023-08-24,108,3,34,54,67,71,77,2,49,superenalotto.it
2023-109,2023-08-25,109,4,12,41,57,77,78,40,3,superenalotto.it
2023-110,2023-08-26,110,8,11,23,59,73,75,14,11,superenalotto.it
2023-111,2023-08-29,111,52,53,56,69,82,90,6,50,superenalotto.it
2023-112,2023-08-31,112,9,15,61,66,72,73,2,79,superenalotto.it
2023-113,2023-09-01,113,18,53,57,67,75,80,77,39,superenalotto.it
2023-114,2023-09-02,114,7,14,15,49,86,90,82,19,superenalotto.it
2023-115,2023-09-05,115,14,19,20,26,33,65,15,36,superenalotto.it
2023-116,2023-09-07,116,2,15,34,40,57,89,88,73,superenalotto.it
2023-117,2023-09-08,117,13,30,42,58,80,86,33,72,superenalotto.it
2023-118,2023-09-09,118,6,17,28,43,46,76,61,84,superenalotto.it
2023-119,2023-09-12,119,26,28,41,47,81,84,70,70,superenalotto.it
2023-120,2023-09-14,120,23,29,41,55,76,79,11,5,superenalotto.it
2023-121,2023-09-15,121,5,12,42,51,55,80,35,60,superenalotto.it
2023-122,2023-09-16,122,23,27,53,55,74,86,79,65,superenalotto.it
2023-123,2023-09-19,123,9,11,41,52,86,89,36,9,superenalotto.it
2023-124,2023-09-21,124,4,21,29,31,45,59,42,2,superenalotto.it
2023-125,2023-09-22,125,3,58,67,69,70,84,5,11,superenalotto.it
2023-126,2023-09-23,126,22,27,38,51,80,82,24,31,superenalotto.it
2023-127,2023-09-26,127,41,43,45,60,66,78,30,75,superenalotto.it
2023-128,2023-09-28,128,9,25,40,58,85,86,11,34,superenalotto.it
2023-129,2023-09-29,129,6,35,48,53,81,86,47,71,superenalotto.it
2023-130,2023-09-30,130,17,25,64,66,74,76,49,78,superenalotto.it
2023-131,2023-10-03,131,12,13,20,54,67,84,66,77,superenalotto.it
2023-132,2023-10-05,132,20,22,39,65,69,71,38,53,superenalotto.it
2023-133,2023-10-06,133,33,36,48,62,82,90,8,61,superenalotto.it
2023-134,2023-10-07,134,12,35,37,42,55,58,63,13,superenalotto.it
2023-135,2023-10-10,135,1,39,45,49,87,88,30,41,superenalotto.it
2023-136,2023-10-12,136,5,7,10,14,20,36,54,11,superenalotto.it
2023-137,2023-10-13,137,24,29,40,55,56,77,49,79,superenalotto.it
2023-138,2023-10-14,138,4,6,52,79,81,83,45,53,superenalotto.it
2023-139,2023-10-17,139,16,28,39,40,63,85,12,33,superenalotto.it
2023-140,2023-10-19,140,10,18,45,55,66,70,75,53,superenalotto.it
2023-141,2023-10-20,141,14,21,24,49,71,81,5,17,superenalotto.it
2023-142,2023-10-21,142,23,35,37,58,61,73,50,13,superenalotto.it
2023-143,2023-10-24,143,8,18,41,54,75,79,42,8,superenalotto.it
2023-144,2023-10-26,144,11,19,28,34,38,45,1,31,superenalotto.it
2023-145,2023-10-27,145,23,40,49,57,68,69,56,56,superenalotto.it
2023-146,2023-10-28,146,4,9,25,30,57,66,79,77,superenalotto.it
2023-147,2023-10-31,147,3,42,54,69,73,80,68,29,superenalotto.it
2023-148,2023-11-02,148,17,29,40,56,60,80,33,2,superenalotto.it
2023-149,2023-11-03,149,52,64,68,76,84,87,14,6,superenalotto.it
2023-150,2023-11-04,150,16,52,59,63,84,90,32,55,superenalotto.it
2023-151,2023-11-07,151,10,30,36,64,69,76,68,88,superenalotto.it
2023-152,2023-11-09,152,14,68,70,84,85,87,45,16,superenalotto.it
2023-153,2023-11-10,153,7,45,58,62,69,76,66,37,superenalotto.it
2023-154,2023-11-11,154,16,22,23,25,62,82,5,11,superenalotto.it
2023-155,2023-11-14,155,35,38,39,51,74,80,4,20,superenalotto.it
2023-156,2023-11-16,156,9,10,19,40,52,56,50,42,superenalotto.it
2023-157,2023-11-17,157,14,23,63,70,75,89,59,83,superenalotto.it
2023-158,2023-11-18,158,5,51,52,60,62,80,22,23,superenalotto.it
2023-159,2023-11-21,159,30,59,61,86,88,90,43,77,superenalotto.it
2023-160,2023-11-23,160,1,37,61,68,71,83,52,25,superenalotto.it
2023-161,2023-11-24,161,4,13,28,30,47,59,61,56,superenalotto.it
2023-162,2023-11-25,162,11,27,28,55,58,73,49,12,superenalotto.it
2023-163,2023-11-28,163,6,14,49,52,67,68,80,25,superenalotto.it
2023-164,2023-11-30,164,27,38,41,81,84,86,49,69,superenalotto.it
2023-165,2023-12-01,165,11,22,33,44,65,66,87,17,superenalotto.it
2023-166,2023-12-02,166,19,24,29,53,74,83,70,40,superenalotto.it
2023-167,2023-12-05,167,4,6,16,39,41,44,23,78,superenalotto.it
2023-168,2023-12-07,168,5,19,42,44,68,84,72,38,superenalotto.it
2023-169,2023-12-09,169,3,20,27,41,59,82,24,31,superenalotto.it
2023-170,2023-12-11,170,1,41,46,50,84,89,37,19,superenalotto.it
2023-171,2023-12-12,171,4,27,47,57,59,89,7,4,superenalotto.it
2023-172,2023-12-14,172,22,28,37,39,53,86,78,70,superenalotto.it
2023-173,2023-12-15,173,52,63,67,71,83,89,23,46,superenalotto.it
2023-174,2023-12-16,174,13,22,23,42,47,87,67,69,superenalotto.it
2023-175,2023-12-18,175,3,4,14,15,65,85,33,43,superenalotto.it
2023-176,2023-12-19,176,20,26,30,33,54,83,89,64,superenalotto.it
2023-177,2023-12-21,177,19,32,38,62,77,79,90,83,superenalotto.it
2023-178,2023-12-22,178,1,8,46,57,73,79,67,32,superenalotto.it
2023-179,2023-12-23,179,8,10,49,57,79,81,36,65,superenalotto.it
2023-180,2023-12-28,180,15,36,57,58,79,86,35,47,superenalotto.it
2023-181,2023-12-29,181,13,46,47,67,68,90,55,40,superenalotto.it
2023-182,2023-12-30,182,23,43,45,53,66,69,4,59,superenalotto.it
2024-001,2024-01-02,1,2,9,16,35,46,63,49,5,superenalotto.it
2024-002,2024-01-04,2,7,9,29,51,60,70,59,41,superenalotto.it
2024-003,2024-01-08,3,20,28,42,48,51,62,72,47,superenalotto.it
2024-004,2024-01-09,4,10,19,23,39,40,83,73,13,superenalotto.it
2024-005,2024-01-11,5,45,56,59,69,73,77,7,81,superenalotto.it
2024-006,2024-01-12,6,11,23,25,72,78,84,20,40,superenalotto.it
2024-007,2024-01-13,7,4,43,45,55,56,60,5,55,superenalotto.it
2024-008,2024-01-16,8,21,39,51,59,68,86,63,48,superenalotto.it
2024-009,2024-01-18,9,14,26,36,60,62,84,73,68,superenalotto.it
2024-010,2024-01-19,10,21,22,28,50,55,68,38,35,superenalotto.it
2024-011,2024-01-20,11,2,19,56,58,63,71,22,14,superenalotto.it
2024-012,2024-01-23,12,11,15,16,42,48,52,1,16,superenalotto.it
2024-013,2024-01-25,13,27,29,30,53,54,86,34,57,superenalotto.it
2024-014,2024-01-26,14,24,32,36,47,50,78,62,72,superenalotto.it
2024-015,2024-01-27,15,17,33,38,43,49,80,69,30,superenalotto.it
2024-016,2024-01-30,16,5,10,76,82,83,89,25,49,superenalotto.it
2024-017,2024-02-01,17,3,44,74,81,87,89,85,66,superenalotto.it
2024-018,2024-02-02,18,2,35,38,44,68,83,50,73,superenalotto.it
2024-019,2024-02-03,19,6,10,12,34,66,77,19,58,superenalotto.it
2024-020,2024-02-06,20,26,34,39,46,54,89,13,11,superenalotto.it
2024-021,2024-02-08,21,2,4,24,62,73,75,1,49,superenalotto.it
2024-022,2024-02-09,22,6,22,29,42,48,66,56,81,superenalotto.it
2024-023,2024-02-10,23,43,62,72,73,85,86,58,17,superenalotto.it
2024-024,2024-02-13,24,27,34,37,42,53,76,60,55,superenalotto.it
2024-025,2024-02-15,25,34,38,61,71,74,83,80,79,superenalotto.it
2024-026,2024-02-16,26,20,30,37,83,88,89,77,66,superenalotto.it
2024-027,2024-02-17,27,3,11,25,34,46,64,53,75,superenalotto.it
2024-028,2024-02-20,28,5,30,36,43,48,78,79,51,superenalotto.it
2024-029,2024-02-22,29,29,30,43,44,75,87,1,85,superenalotto.it
2024-030,2024-02-23,30,38,54,57,66,74,88,75,57,superenalotto.it
2024-031,2024-02-24,31,41,43,46,47,63,87,30,44,superenalotto.it
2024-032,2024-02-27,32,27,33,41,73,79,90,34,39,superenalotto.it
2024-033,2024-02-29,33,13,28,36,41,79,88,30,32,superenalotto.it
2024-034,2024-03-01,34,5,16,44,61,80,90,25,16,superenalotto.it
2024-035,2024-03-02,35,26,50,51,55,85,87,14,19,superenalotto.it
2024-036,2024-03-05,36,16,43,53,79,80,82,74,61,superenalotto.it
2024-037,2024-03-07,37,3,13,24,60,70,75,71,30,superenalotto.it
2024-038,2024-03-08,38,9,16,23,50,53,79,55,84,superenalotto.it
2024-039,2024-03-09,39,10,30,36,49,55,62,32,66,superenalotto.it
2024-040,2024-03-12,40,7,25,46,67,69,86,23,77,superenalotto.it
2024-041,2024-03-14,41,14,23,51,55,68,76,77,86,superenalotto.it
2024-042,2024-03-15,42,5,6,7,50,72,74,82,26,superenalotto.it
2024-043,2024-03-16,43,12,38,45,66,70,73,58,85,superenalotto.it
2024-044,2024-03-19,44,4,19,58,60,67,82,48,29,superenalotto.it
2024-045,2024-03-21,45,2,8,17,73,77,84,4,84,superenalotto.it
2024-046,2024-03-22,46,13,16,59,66,77,79,82,75,superenalotto.it
2024-047,2024-03-23,47,32,34,57,58,67,79,61,66,superenalotto.it
2024-048,2024-03-26,48,2,24,43,74,81,85,63,40,superenalotto.it
2024-049,2024-03-28,49,5,9,22,69,74,84,80,83,superenalotto.it
2024-050,2024-03-29,50,20,30,32,38,61,67,60,6,superenalotto.it
2024-051,2024-03-30,51,8,25,28,45,54,66,89,28,superenalotto.it
2024-052,2024-04-02,52,28,39,40,44,72,76,52,52,superenalotto.it
2024-053,2024-04-04,53,8,33,36,41,51,68,71,8,superenalotto.it
2024-054,2024-04-05,54,23,40,42,60,62,63,26,80,superenalotto.it
2024-055,2024-04-06,55,14,33,53,54,64,78,39,85,superenalotto.it
2024-056,2024-04-09,56,15,23,31,45,51,58,60,64,superenalotto.it
2024-057,2024-04-11,57,8,31,67,77,81,86,10,62,superenalotto.it
2024-058,2024-04-12,58,10,23,47,49,84,85,5,24,superenalotto.it
2024-059,2024-04-13,59,1,6,7,11,79,88,15,26,superenalotto.it
2024-060,2024-04-16,60,1,3,11,53,75,81,61,26,superenalotto.it
2024-061,2024-04-18,61,15,27,42,53,65,85,88,49,superenalotto.it
2024-062,2024-04-19,62,9,18,65,70,75,87,53,81,superenalotto.it
2024-063,2024-04-20,63,26,34,40,53,60,68,82,19,superenalotto.it
2024-064,2024-04-23,64,8,12,20,24,45,73,4,3,superenalotto.it
2024-065,2024-04-26,65,9,13,51,61,81,83,24,59,superenalotto.it
2024-066,2024-04-27,66,24,27,41,54,62,63,37,37,superenalotto.it
2024-067,2024-04-29,67,17,27,44,50,66,85,3,32,superenalotto.it
2024-068,2024-04-30,68,6,7,11,20,33,81,74,8,superenalotto.it
2024-069,2024-05-02,69,14,43,54,69,80,90,1,57,superenalotto.it
2024-070,2024-05-03,70,17,23,43,48,52,66,88,3,superenalotto.it
2024-071,2024-05-04,71,5,18,22,34,52,66,33,46,superenalotto.it
2024-072,2024-05-07,72,21,23,30,45,68,85,53,89,superenalotto.it
2024-073,2024-05-09,73,23,36,38,62,75,81,82,62,superenalotto.it
2024-074,2024-05-10,74,6,20,40,55,71,80,12,75,superenalotto.it
2024-075,2024-05-11,75,21,29,34,36,46,51,41,60,superenalotto.it
2024-076,2024-05-14,76,11,27,39,43,61,85,52,43,superenalotto.it
2024-077,2024-05-16,77,10,11,27,31,66,83,25,57,superenalotto.it
2024-078,2024-05-17,78,13,14,41,53,60,65,5,45,superenalotto.it
2024-079,2024-05-18,79,2,20,31,48,58,59,46,30,superenalotto.it
2024-080,2024-05-21,80,3,28,49,72,83,84,5,17,superenalotto.it
2024-081,2024-05-23,81,4,10,19,50,71,83,27,11,superenalotto.it
2024-082,2024-05-24,82,2,36,39,50,59,64,19,3,superenalotto.it
2024-083,2024-05-25,83,2,10,28,37,56,75,41,58,superenalotto.it
2024-084,2024-05-28,84,19,41,67,76,82,85,23,10,superenalotto.it
2024-085,2024-05-30,85,10,14,16,40,50,55,4,31,superenalotto.it
2024-086,2024-05-31,86,14,20,24,49,83,84,62,45,superenalotto.it
2024-087,2024-06-01,87,4,13,47,75,80,82,83,22,superenalotto.it
2024-088,2024-06-04,88,4,18,28,41,61,75,17,72,superenalotto.it
2024-089,2024-06-06,89,43,44,45,50,67,76,69,9,superenalotto.it
2024-090,2024-06-07,90,39,51,52,58,72,84,11,37,superenalotto.it
2024-091,2024-06-08,91,6,8,14,15,59,79,66,2,superenalotto.it
2024-092,2024-06-11,92,14,27,34,47,73,88,52,52,superenalotto.it
2024-093,2024-06-13,93,5,22,47,54,63,84,85,82,superenalotto.it
2024-094,2024-06-14,94,15,60,82,85,86,87,45,42,superenalotto.it
2024-095,2024-06-15,95,6,16,22,69,73,78,67,38,superenalotto.it
2024-096,2024-06-18,96,20,32,49,50,51,58,44,59,superenalotto.it
2024-097,2024-06-20,97,19,31,39,60,72,80,5,49,superenalotto.it
2024-098,2024-06-21,98,21,23,28,59,79,82,74,81,superenalotto.it
2024-099,2024-06-22,99,3,25,57,69,71,87,48,62,superenalotto.it
2024-100,2024-06-25,100,3,18,49,63,68,82,78,51,superenalotto.it
2024-101,2024-06-27,101,13,28,63,76,80,85,21,54,superenalotto.it
2024-102,2024-06-28,102,21,26,33,34,45,86,28,80,superenalotto.it
2024-103,2024-06-29,103,11,18,25,26,54,84,17,69,superenalotto.it
2024-104,2024-07-02,104,4,7,39,71,79,89,1,11,superenalotto.it
2024-105,2024-07-04,105,15,25,42,53,56,73,60,61,superenalotto.it
2024-106,2024-07-05,106,10,21,23,26,35,50,87,76,superenalotto.it
2024-107,2024-07-06,107,18,24,26,33,34,47,35,30,superenalotto.it
2024-108,2024-07-09,108,8,26,32,34,53,58,25,78,superenalotto.it
2024-109,2024-07-11,109,10,31,40,59,80,85,13,48,superenalotto.it
2024-110,2024-07-12,110,43,54,60,70,75,89,30,20,superenalotto.it
2024-111,2024-07-13,111,6,9,54,63,64,68,43,84,superenalotto.it
2024-112,2024-07-16,112,3,18,26,54,61,72,85,30,superenalotto.it
2024-113,2024-07-18,113,13,23,35,36,57,64,47,5,superenalotto.it
2024-114,2024-07-19,114,13,20,39,48,74,89,47,50,superenalotto.it
2024-115,2024-07-20,115,45,48,50,57,70,71,80,52,superenalotto.it
2024-116,2024-07-23,116,24,59,63,64,82,90,62,24,superenalotto.it
2024-117,2024-07-25,117,2,21,23,56,69,87,52,42,superenalotto.it
2024-118,2024-07-26,118,1,14,21,35,64,85,70,5,superenalotto.it
2024-119,2024-07-27,119,13,14,25,34,59,84,71,17,superenalotto.it
2024-120,2024-07-30,120,11,13,22,34,54,77,35,72,superenalotto.it
2024-121,2024-08-01,121,33,39,78,79,83,84,60,88,superenalotto.it
2024-122,2024-08-02,122,34,42,69,76,81,85,36,49,superenalotto.it
2024-123,2024-08-03,123,6,37,69,73,79,88,4,7,superenalotto.it
2024-124,2024-08-06,124,4,11,85,86,87,88,38,2,superenalotto.it
2024-125,2024-08-08,125,3,16,17,54,61,90,4,21,superenalotto.it
2024-126,2024-08-09,126,23,40,60,79,80,87,50,69,superenalotto.it
2024-127,2024-08-10,127,13,14,49,55,71,77,62,32,superenalotto.it
2024-128,2024-08-13,128,41,43,55,65,80,85,76,74,superenalotto.it
2024-129,2024-08-16,129,1,6,13,20,73,85,11,73,superenalotto.it
2024-130,2024-08-17,130,6,22,43,60,66,73,31,31,superenalotto.it
2024-131,2024-08-19,131,4,7,15,24,36,78,65,85,superenalotto.it
2024-132,2024-08-20,132,17,23,45,57,64,89,15,31,superenalotto.it
2024-133,2024-08-22,133,17,18,24,34,57,82,68,21,superenalotto.it
2024-134,2024-08-23,134,5,7,59,70,72,73,33,4,superenalotto.it
2024-135,2024-08-24,135,17,28,63,72,75,81,79,51,superenalotto.it
2024-136,2024-08-27,136,12,23,36,42,50,71,80,40,superenalotto.it
2024-137,2024-08-29,137,5,23,46,52,60,80,79,54,superenalotto.it
2024-138,2024-08-30,138,7,34,47,52,74,86,78,7,superenalotto.it
2024-139,2024-08-31,139,1,20,27,41,60,77,7,43,superenalotto.it
2024-140,2024-09-03,140,6,38,55,71,80,85,23,24,superenalotto.it
2024-141,2024-09-05,141,4,5,29,32,69,89,15,46,superenalotto.it
2024-142,2024-09-06,142,2,26,37,38,69,85,66,10,superenalotto.it
2024-143,2024-09-07,143,1,16,64,70,72,82,34,86,superenalotto.it
2024-144,2024-09-10,144,9,11,27,53,63,78,8,88,superenalotto.it
2024-145,2024-09-12,145,29,35,65,67,70,80,10,79,superenalotto.it
2024-146,2024-09-13,146,2,12,16,18,59,61,56,4,superenalotto.it
2024-147,2024-09-14,147,1,31,55,65,76,88,52,34,superenalotto.it
2024-148,2024-09-17,148,17,28,62,64,74,84,88,90,superenalotto.it
2024-149,2024-09-19,149,3,13,44,45,56,61,33,34,superenalotto.it
2024-150,2024-09-20,150,14,22,42,44,47,79,85,29,superenalotto.it
2024-151,2024-09-21,151,8,33,35,39,78,83,52,72,superenalotto.it
2024-152,2024-09-24,152,2,25,27,50,88,90,19,86,superenalotto.it
2024-153,2024-09-26,153,2,13,14,41,52,79,84,12,superenalotto.it
2024-154,2024-09-27,154,4,14,42,46,53,60,31,85,superenalotto.it
2024-155,2024-09-28,155,4,8,28,33,34,57,27,88,superenalotto.it
2024-156,2024-10-01,156,57,60,68,70,80,83,25,64,superenalotto.it
2024-157,2024-10-03,157,26,27,40,51,67,86,4,82,superenalotto.it
2024-158,2024-10-04,158,5,43,57,58,72,87,3,72,superenalotto.it
2024-159,2024-10-05,159,13,41,47,58,81,84,4,81,superenalotto.it
2024-160,2024-10-08,160,6,21,25,59,63,68,8,70,superenalotto.it
2024-161,2024-10-10,161,6,48,64,80,87,89,43,82,superenalotto.it
2024-162,2024-10-11,162,31,34,49,66,75,88,1,16,superenalotto.it
2024-163,2024-10-12,163,11,13,16,22,42,51,37,47,superenalotto.it
2024-164,2024-10-15,164,1,23,44,45,47,60,14,19,superenalotto.it
2024-165,2024-10-17,165,2,23,24,42,46,88,61,27,superenalotto.it
2024-166,2024-10-18,166,19,39,41,42,45,88,40,27,superenalotto.it
2024-167,2024-10-19,167,14,67,73,86,89,90,8,77,superenalotto.it
2024-168,2024-10-22,168,13,23,37,43,64,79,84,20,superenalotto.it
2024-169,2024-10-24,169,7,21,23,28,29,31,20,66,superenalotto.it
2024-170,2024-10-25,170,5,11,39,41,62,80,78,33,superenalotto.it
2024-171,2024-10-26,171,14,31,40,42,52,65,15,69,superenalotto.it
2024-172,2024-10-29,172,6,17,26,35,57,64,14,23,superenalotto.it
2024-173,2024-10-31,173,18,40,55,58,71,85,46,46,superenalotto.it
2024-174,2024-11-02,174,3,19,27,43,61,77,80,41,superenalotto.it
2024-175,2024-11-04,175,27,32,33,44,60,89,52,5,superenalotto.it
2024-176,2024-11-05,176,32,43,53,75,77,88,81,79,superenalotto.it
2024-177,2024-11-07,177,1,50,68,75,81,84,8,25,superenalotto.it
2024-178,2024-11-08,178,13,22,49,58,64,75,20,16,superenalotto.it
2024-179,2024-11-09,179,26,36,43,51,63,89,21,57,superenalotto.it
2024-180,2024-11-12,180,13,28,29,32,39,81,82,36,superenalotto.it
2024-181,2024-11-14,181,36,46,69,70,73,82,26,84,superenalotto.it
2024-182,2024-11-15,182,2,4,5,42,53,83,23,43,superenalotto.it
2024-183,2024-11-16,183,52,56,66,68,70,73,90,12,superenalotto.it
2024-184,2024-11-19,184,20,34,36,68,72,74,44,49,superenalotto.it
2024-185,2024-11-21,185,4,7,20,24,41,67,85,35,superenalotto.it
2024-186,2024-11-22,186,6,26,51,53,78,89,79,70,superenalotto.it
2024-187,2024-11-23,187,15,22,29,32,35,67,87,23,superenalotto.it
2024-188,2024-11-26,188,13,23,26,31,46,89,43,24,superenalotto.it
2024-189,2024-11-28,189,3,8,37,54,74,84,26,26,superenalotto.it
2024-190,2024-11-29,190,21,33,44,55,75,80,53,64,superenalotto.it
2024-191,2024-11-30,191,27,48,50,69,74,81,13,36,superenalotto.it
2024-192,2024-12-03,192,4,17,37,56,73,90,46,11,superenalotto.it
2024-193,2024-12-05,193,4,42,45,72,82,84,25,10,superenalotto.it
2024-194,2024-12-06,194,21,48,60,61,67,71,86,22,superenalotto.it
2024-195,2024-12-07,195,21,30,55,60,70,75,13,25,superenalotto.it
2024-196,2024-12-10,196,5,54,68,69,71,81,30,56,superenalotto.it
2024-197,2024-12-12,197,20,61,76,78,85,87,44,72,superenalotto.it
2024-198,2024-12-13,198,16,42,54,55,65,83,27,90,superenalotto.it
2024-199,2024-12-14,199,34,50,52,59,70,83,13,74,superenalotto.it
2024-200,2024-12-17,200,3,25,49,58,64,66,46,77,superenalotto.it
2024-201,2024-12-19,201,2,4,8,20,22,76,72,60,superenalotto.it
2024-202,2024-12-20,202,17,35,43,56,63,85,23,74,superenalotto.it
2024-203,2024-12-21,203,23,25,53,55,71,79,63,6,superenalotto.it
2024-204,2024-12-24,204,6,18,27,30,52,56,83,80,superenalotto.it
2024-205,2024-12-27,205,9,13,15,43,53,68,58,69,superenalotto.it
2024-206,2024-12-28,206,28,29,46,68,81,88,79,40,superenalotto.it
2024-207,2024-12-30,207,3,8,18,25,58,75,12,54,superenalotto.it
2024-208,2024-12-31,208,5,16,23,40,47,80,17,13,superenalotto.it
2025-001,2025-01-02,1,19,21,29,74,77,88,7,56,superenalotto.it
2025-002,2025-01-03,2,13,30,43,49,74,89,4,32,superenalotto.it
2025-003,2025-01-04,3,31,42,43,63,83,86,37,86,superenalotto.it
2025-004,2025-01-07,4,7,10,11,29,32,87,34,51,superenalotto.it
2025-005,2025-01-09,5,15,33,40,71,74,82,89,15,superenalotto.it
2025-006,2025-01-10,6,19,25,33,49,57,72,46,38,superenalotto.it
2025-007,2025-01-11,7,5,6,11,22,35,85,30,53,superenalotto.it
2025-008,2025-01-14,8,4,15,17,40,64,75,23,80,superenalotto.it
2025-009,2025-01-16,9,31,38,59,69,72,88,64,73,superenalotto.it
2025-010,2025-01-17,10,8,12,15,40,66,89,7,15,superenalotto.it
2025-011,2025-01-18,11,2,10,21,29,46,70,31,59,superenalotto.it
2025-012,2025-01-21,12,3,18,41,58,62,73,64,20,superenalotto.it
2025-013,2025-01-23,13,1,7,34,46,69,80,64,42,superenalotto.it
2025-014,2025-01-24,14,14,20,46,62,84,85,1,78,superenalotto.it
2025-015,2025-01-25,15,5,6,24,44,45,76,58,64,superenalotto.it
2025-016,2025-01-28,16,48,63,65,72,77,82,85,47,superenalotto.it
2025-017,2025-01-30,17,23,32,34,35,41,47,65,2,superenalotto.it
2025-018,2025-01-31,18,7,18,22,25,30,72,76,51,superenalotto.it
2025-019,2025-02-01,19,21,25,26,45,49,59,68,82,superenalotto.it
2025-020,2025-02-04,20,10,29,41,77,83,85,56,80,superenalotto.it
2025-021,2025-02-06,21,4,11,41,72,83,86,30,30,superenalotto.it
2025-022,2025-02-07,22,16,29,30,47,52,84,10,17,superenalotto.it
2025-023,2025-02-08,23,29,46,57,66,72,86,64,40,superenalotto.it
2025-024,2025-02-11,24,9,39,55,75,79,86,2,56,superenalotto.it
2025-025,2025-02-13,25,31,41,62,64,74,87,84,68,superenalotto.it
2025-026,2025-02-14,26,18,30,40,52,60,71,65,70,superenalotto.it
2025-027,2025-02-15,27,22,37,48,72,77,85,39,72,superenalotto.it
2025-028,2025-02-18,28,3,5,7,54,76,85,89,64,superenalotto.it
2025-029,2025-02-20,29,6,19,27,63,71,77,13,70,superenalotto.it
2025-030,2025-02-21,30,21,45,48,72,79,87,73,89,superenalotto.it
2025-031,2025-02-22,31,35,40,48,49,52,89,24,32,superenalotto.it
2025-032,2025-02-25,32,6,58,68,83,89,90,73,50,superenalotto.it
2025-033,2025-02-27,33,29,31,33,42,51,72,34,62,superenalotto.it
2025-034,2025-02-28,34,4,12,37,59,63,90,70,15,superenalotto.it
2025-035,2025-03-01,35,1,12,33,40,41,83,6,67,superenalotto.it
2025-036,2025-03-04,36,9,28,52,63,77,79,11,39,superenalotto.it
2025-037,2025-03-06,37,1,10,18,19,32,36,20,53,superenalotto.it
2025-038,2025-03-07,38,11,24,25,30,43,47,28,5,superenalotto.it
2025-039,2025-03-08,39,11,16,35,59,65,87,9,52,superenalotto.it
2025-040,2025-03-11,40,22,27,48,55,58,90,63,11,superenalotto.it
2025-041,2025-03-13,41,7,25,33,51,58,70,79,31,superenalotto.it
2025-042,2025-03-14,42,3,10,20,36,37,49,21,14,superenalotto.it
2025-043,2025-03-15,43,2,8,50,77,79,82,85,36,superenalotto.it
2025-044,2025-03-18,44,1,64,73,79,80,86,39,68,superenalotto.it
2025-045,2025-03-20,45,36,40,49,54,66,83,14,44,superenalotto.it
2025-046,2025-03-21,46,7,15,48,49,65,80,67,39,superenalotto.it
2025-047,2025-03-22,47,15,28,45,46,66,76,44,43,superenalotto.it
2025-048,2025-03-25,48,27,29,31,60,74,88,71,23,superenalotto.it
2025-049,2025-03-27,49,28,35,43,45,64,85,13,35,superenalotto.it
2025-050,2025-03-28,50,17,26,46,56,71,90,6,22,superenalotto.it
2025-051,2025-03-29,51,9,45,66,68,71,85,31,44,superenalotto.it
2025-052,2025-04-01,52,4,19,32,47,74,81,10,90,superenalotto.it
2025-053,2025-04-03,53,29,30,31,32,35,57,26,6,superenalotto.it
2025-054,2025-04-04,54,42,51,71,77,80,82,72,5,superenalotto.it
2025-055,2025-04-05,55,5,8,22,41,60,73,18,54,superenalotto.it
2025-056,2025-04-08,56,11,20,34,46,48,90,68,81,superenalotto.it
2025-057,2025-04-10,57,11,24,32,40,44,85,27,36,superenalotto.it
2025-058,2025-04-11,58,9,20,43,49,52,57,61,8,superenalotto.it
2025-059,2025-04-12,59,16,38,60,79,83,85,27,36,superenalotto.it
2025-060,2025-04-15,60,40,57,60,66,80,81,36,9,superenalotto.it
2025-061,2025-04-17,61,8,20,40,44,46,49,63,48,superenalotto.it
2025-062,2025-04-18,62,4,11,18,23,83,88,89,70,superenalotto.it
2025-063,2025-04-19,63,8,32,51,54,62,69,18,30,superenalotto.it
2025-064,2025-04-22,64,10,59,61,62,68,74,43,31,superenalotto.it
2025-065,2025-04-24,65,13,14,20,31,55,60,89,25,superenalotto.it
2025-066,2025-04-26,66,10,21,24,48,63,67,34,45,superenalotto.it
2025-067,2025-04-28,67,13,18,30,44,51,81,38,52,superenalotto.it
2025-068,2025-04-29,68,20,31,39,59,60,82,57,10,superenalotto.it
2025-069,2025-05-02,69,54,55,67,76,80,85,82,52,superenalotto.it
2025-070,2025-05-03,70,1,4,22,44,70,72,18,53,superenalotto.it
2025-071,2025-05-05,71,6,18,37,63,72,73,36,28,superenalotto.it
2025-072,2025-05-06,72,2,35,51,58,63,88,8,51,superenalotto.it
2025-073,2025-05-08,73,1,23,27,54,67,83,65,30,superenalotto.it
2025-074,2025-05-09,74,3,47,51,77,85,88,52,39,superenalotto.it
2025-075,2025-05-10,75,8,14,17,39,49,55,2,80,superenalotto.it
2025-076,2025-05-13,76,2,15,25,62,76,81,89,5,superenalotto.it
2025-077,2025-05-15,77,10,28,35,37,73,75,42,27,superenalotto.it
2025-078,2025-05-16,78,15,21,30,31,42,80,69,42,superenalotto.it
2025-079,2025-05-17,79,10,11,19,22,39,88,29,73,superenalotto.it
2025-080,2025-05-20,80,5,19,21,30,33,48,74,39,superenalotto.it
2025-081,2025-05-22,81,2,19,23,46,49,72,71,88,superenalotto.it
2025-082,2025-05-23,82,2,8,10,18,20,79,13,10,superenalotto.it
2025-083,2025-05-24,83,1,3,5,53,62,71,32,53,superenalotto.it
2025-084,2025-05-27,84,7,10,35,40,53,75,60,33,superenalotto.it
2025-085,2025-05-29,85,27,32,51,67,71,81,35,90,superenalotto.it
2025-086,2025-05-30,86,31,34,62,63,82,87,81,77,superenalotto.it
2025-087,2025-05-31,87,4,8,47,48,63,90,77,12,superenalotto.it
2025-088,2025-06-03,88,1,6,31,37,47,71,26,72,superenalotto.it
2025-089,2025-06-05,89,10,17,19,21,63,74,4,60,superenalotto.it
2025-090,2025-06-06,90,2,10,33,55,73,74,80,49,superenalotto.it
2025-091,2025-06-07,91,5,28,46,49,52,76,83,21,superenalotto.it
2025-092,2025-06-10,92,14,45,55,62,76,80,51,17,superenalotto.it
2025-093,2025-06-12,93,21,61,69,76,79,81,77,76,superenalotto.it
2025-094,2025-06-13,94,8,23,25,48,78,83,80,39,superenalotto.it
2025-095,2025-06-14,95,10,18,44,56,73,86,48,55,superenalotto.it
2025-096,2025-06-17,96,17,48,52,58,86,87,74,49,superenalotto.it
2025-097,2025-06-19,97,4,6,11,31,69,73,9,26,superenalotto.it
2025-098,2025-06-20,98,34,67,76,77,86,90,40,43,superenalotto.it
2025-099,2025-06-21,99,4,17,28,36,42,50,5,71,superenalotto.it
2025-100,2025-06-24,100,2,23,32,36,63,64,37,76,superenalotto.it
2025-101,2025-06-26,101,10,56,69,70,79,81,53,45,superenalotto.it
2025-102,2025-06-27,102,25,49,54,55,62,73,4,86,superenalotto.it
2025-103,2025-06-28,103,10,35,38,41,51,56,3,51,superenalotto.it
2025-104,2025-07-01,104,6,9,25,28,75,79,83,20,superenalotto.it
2025-105,2025-07-03,105,37,42,49,53,57,65,62,8,superenalotto.it
2025-106,2025-07-04,106,26,45,58,65,70,82,27,73,superenalotto.it
2025-107,2025-07-05,107,16,46,61,71,75,85,64,12,superenalotto.it
2025-108,2025-07-08,108,1,33,40,61,64,73,15,48,superenalotto.it
2025-109,2025-07-10,109,5,15,20,32,65,75,12,24,superenalotto.it
2025-110,2025-07-11,110,1,31,40,62,64,74,81,11,superenalotto.it
2025-111,2025-07-12,111,16,24,25,43,64,78,54,12,superenalotto.it
2025-112,2025-07-15,112,4,10,14,48,58,83,47,63,superenalotto.it
2025-113,2025-07-17,113,16,35,37,42,43,68,58,8,superenalotto.it
2025-114,2025-07-18,114,20,37,50,70,75,88,46,16,superenalotto.it
2025-115,2025-07-19,115,5,43,46,56,58,90,23,54,superenalotto.it
2025-116,2025-07-22,116,3,8,44,52,69,85,11,67,superenalotto.it
2025-117,2025-07-24,117,10,14,37,66,88,89,34,88,superenalotto.it
2025-118,2025-07-25,118,15,16,17,36,62,83,7,31,superenalotto.it
2025-119,2025-07-26,119,1,9,19,49,53,88,77,44,superenalotto.it
2025-120,2025-07-29,120,13,27,31,60,65,75,39,69,superenalotto.it
2025-121,2025-07-31,121,14,55,56,57,58,66,46,65,superenalotto.it
2025-122,2025-08-01,122,9,25,27,36,54,86,45,31,superenalotto.it
2025-123,2025-08-02,123,42,54,66,78,80,88,60,14,superenalotto.it
2025-124,2025-08-05,124,6,31,57,60,65,80,12,71,superenalotto.it
2025-125,2025-08-07,125,43,55,70,79,83,85,24,4,superenalotto.it
2025-126,2025-08-08,126,8,34,38,53,78,79,58,37,superenalotto.it
2025-127,2025-08-09,127,6,18,40,41,45,88,37,12,superenalotto.it
2025-128,2025-08-12,128,7,11,26,59,82,83,24,54,superenalotto.it
2025-129,2025-08-14,129,3,19,30,47,49,75,35,14,superenalotto.it
2025-130,2025-08-16,130,6,15,25,31,72,79,54,31,superenalotto.it
2025-131,2025-08-18,131,5,19,58,59,83,87,10,32,superenalotto.it
2025-132,2025-08-19,132,5,10,51,62,77,81,74,58,superenalotto.it
2025-133,2025-08-21,133,49,56,57,61,62,86,16,53,superenalotto.it
2025-134,2025-08-22,134,7,25,38,39,66,69,17,24,superenalotto.it
2025-135,2025-08-23,135,5,29,40,47,52,80,4,61,superenalotto.it
2025-136,2025-08-26,136,12,23,25,34,41,63,21,20,superenalotto.it
2025-137,2025-08-28,137,56,59,64,67,72,78,51,86,superenalotto.it
2025-138,2025-08-29,138,18,22,32,34,52,56,62,45,superenalotto.it
2025-139,2025-08-30,139,30,43,46,62,73,90,35,73,superenalotto.it
2025-140,2025-09-02,140,16,19,28,44,60,78,9,73,superenalotto.it
2025-141,2025-09-04,141,5,16,38,45,63,83,46,83,superenalotto.it
2025-142,2025-09-05,142,9,39,47,52,71,82,83,52,superenalotto.it
2025-143,2025-09-06,143,59,73,75,76,78,88,57,5,superenalotto.it
2025-144,2025-09-09,144,34,47,71,73,82,90,49,52,superenalotto.it
2025-145,2025-09-11,145,3,9,11,35,65,74,26,29,superenalotto.it
2025-146,2025-09-12,146,29,33,44,52,63,65,19,84,superenalotto.it
2025-147,2025-09-13,147,26,28,31,35,37,65,30,5,superenalotto.it
2025-148,2025-09-16,148,1,12,26,44,51,90,72,45,superenalotto.it
2025-149,2025-09-18,149,12,38,46,49,60,65,2,46,superenalotto.it
2025-150,2025-09-19,150,11,16,23,31,49,78,63,13,superenalotto.it
2025-151,2025-09-20,151,2,12,15,31,63,71,50,57,superenalotto.it
2025-152,2025-09-23,152,1,6,20,43,59,73,58,89,superenalotto.it
2025-153,2025-09-25,153,11,19,36,41,65,82,17,15,superenalotto.it
2025-154,2025-09-26,154,2,17,23,39,58,82,75,6,superenalotto.it
2025-155,2025-09-27,155,9,10,21,25,27,68,54,6,superenalotto.it
2025-156,2025-09-30,156,5,8,71,74,77,81,34,70,superenalotto.it
2025-157,2025-10-02,157,1,21,39,42,52,89,6,17,superenalotto.it
2025-158,2025-10-03,158,2,4,69,75,79,88,12,7,superenalotto.it
2025-159,2025-10-04,159,48,54,61,68,79,87,80,45,superenalotto.it
2025-160,2025-10-07,160,17,21,40,56,61,79,87,85,superenalotto.it
2025-161,2025-10-09,161,38,49,50,54,78,82,90,43,superenalotto.it
2025-162,2025-10-10,162,20,38,42,61,81,82,16,80,superenalotto.it
2025-163,2025-10-11,163,28,51,55,62,80,90,68,90,superenalotto.it
2025-164,2025-10-14,164,9,31,44,59,70,86,37,81,superenalotto.it
2025-165,2025-10-16,165,7,44,45,58,76,80,77,13,superenalotto.it
2025-166,2025-10-17,166,2,9,10,32,66,77,72,44,superenalotto.it
2025-167,2025-10-18,167,12,13,19,26,75,82,50,54,superenalotto.it
2025-168,2025-10-21,168,4,9,14,33,36,77,66,15,superenalotto.it
2025-169,2025-10-23,169,7,29,42,62,68,73,26,21,superenalotto.it
2025-170,2025-10-24,170,5,12,23,31,84,90,68,77,superenalotto.it
2025-171,2025-10-25,171,16,18,33,53,58,89,81,59,superenalotto.it
2025-172,2025-10-28,172,8,25,40,54,58,63,50,63,superenalotto.it
2025-173,2025-10-30,173,15,30,37,39,56,74,43,47,superenalotto.it
2025-174,2025-10-31,174,8,30,32,61,67,85,22,9,superenalotto.it
2025-175,2025-11-03,175,30,56,80,81,85,87,67,2,superenalotto.it
2025-176,2025-11-04,176,5,18,28,38,44,76,23,89,superenalotto.it
2025-177,2025-11-06,177,9,48,51,53,73,88,19,43,superenalotto.it
2025-178,2025-11-07,178,5,24,32,67,82,88,43,89,superenalotto.it
2025-179,2025-11-08,179,17,18,19,33,35,62,80,58,superenalotto.it
2025-180,2025-11-11,180,3,37,42,59,63,84,49,64,superenalotto.it
2025-181,2025-11-13,181,7,9,17,54,73,90,89,3,superenalotto.it
2025-182,2025-11-14,182,26,38,43,46,72,73,45,45,superenalotto.it
2025-183,2025-11-15,183,20,23,40,51,55,85,5,80,superenalotto.it
2025-184,2025-11-18,184,18,40,54,83,85,89,4,57,superenalotto.it
2025-185,2025-11-20,185,5,9,15,17,48,74,65,75,superenalotto.it
2025-186,2025-11-21,186,12,14,18,53,84,86,72,35,superenalotto.it
2025-187,2025-11-22,187,2,8,29,47,59,65,86,26,superenalotto.it
2025-188,2025-11-25,188,18,20,21,23,40,43,52,10,superenalotto.it
2025-189,2025-11-27,189,9,28,43,50,61,88,83,62,superenalotto.it
2025-190,2025-11-28,190,1,12,20,21,42,58,84,34,superenalotto.it
2025-191,2025-11-29,191,8,16,29,61,65,69,17,85,superenalotto.it
2025-192,2025-12-02,192,5,17,28,59,70,90,27,66,superenalotto.it
2025-193,2025-12-04,193,12,30,45,48,59,60,40,90,superenalotto.it
2025-194,2025-12-05,194,10,19,29,30,56,71,76,13,superenalotto.it
2025-195,2025-12-06,195,1,38,42,78,82,84,24,71,superenalotto.it
2025-196,2025-12-09,196,8,31,51,65,78,79,26,77,superenalotto.it
2025-197,2025-12-11,197,14,44,72,81,85,86,80,47,superenalotto.it
2025-198,2025-12-12,198,7,21,35,38,64,80,29,87,superenalotto.it
2025-199,2025-12-13,199,2,5,7,36,58,64,14,62,superenalotto.it
2025-200,2025-12-16,200,2,18,24,35,41,84,44,20,superenalotto.it
2025-201,2025-12-18,201,7,28,63,69,73,77,64,14,superenalotto.it
2025-202,2025-12-19,202,16,52,60,75,81,88,40,49,superenalotto.it
2025-203,2025-12-20,203,11,24,42,50,89,90,36,44,superenalotto.it
2025-204,2025-12-22,204,2,14,28,36,78,85,17,11,superenalotto.it
2025-205,2025-12-23,205,16,18,22,24,34,80,62,53,superenalotto.it
2025-206,2025-12-27,206,8,19,20,41,74,84,45,74,superenalotto.it
2025-207,2025-12-29,207,36,38,45,61,79,83,12,52,superenalotto.it
2025-208,2025-12-30,208,6,9,17,20,60,67,1,73,superenalotto.it
2026-001,2026-01-02,1,29,33,47,56,69,89,16,7,superenalotto.it
2026-002,2026-01-03,2,16,30,32,43,68,76,36,58,superenalotto.it
2026-003,2026-01-05,3,11,13,17,56,80,84,41,13,superenalotto.it
2026-004,2026-01-08,4,35,42,45,53,55,88,66,52,superenalotto.it
2026-005,2026-01-09,5,31,33,61,68,71,72,87,18,superenalotto.it
2026-006,2026-01-10,6,11,19,24,66,82,88,58,48,superenalotto.it
2026-007,2026-01-12,7,1,11,40,73,75,81,70,22,superenalotto.it
2026-008,2026-01-13,8,20,29,56,68,72,74,35,50,superenalotto.it
2026-009,2026-01-15,9,44,49,60,69,73,85,36,1,superenalotto.it
2026-010,2026-01-16,10,14,21,24,52,80,86,57,14,superenalotto.it
2026-011,2026-01-17,11,3,7,41,56,65,83,79,82,superenalotto.it
2026-012,2026-01-20,12,8,13,25,60,72,74,78,34,superenalotto.it
2026-013,2026-01-22,13,2,30,52,56,57,78,59,25,superenalotto.it
2026-014,2026-01-23,14,2,6,11,19,88,90,69,52,superenalotto.it
2026-015,2026-01-24,15,22,37,55,61,68,71,21,18,superenalotto.it
2026-016,2026-01-27,16,11,19,27,31,54,84,38,37,superenalotto.it
2026-017,2026-01-29,17,29,30,34,56,66,80,88,11,superenalotto.it
2026-018,2026-01-30,18,32,33,39,40,52,86,63,16,superenalotto.it
2026-019,2026-01-31,19,2,6,7,33,37,80,11,80,superenalotto.it
2026-020,2026-02-03,20,11,16,17,41,42,46,70,57,superenalotto.it
2026-021,2026-02-05,21,6,8,26,27,57,90,41,30,superenalotto.it
2026-022,2026-02-06,22,6,8,17,31,36,75,90,82,superenalotto.it
2026-023,2026-02-07,23,4,7,12,30,69,81,41,67,superenalotto.it
2026-024,2026-02-10,24,1,15,29,39,63,83,73,21,superenalotto.it
2026-025,2026-02-12,25,5,11,35,52,80,85,66,29,superenalotto.it
2026-026,2026-02-13,26,1,52,57,71,76,83,37,3,superenalotto.it
2026-027,2026-02-14,27,5,23,40,47,80,85,6,47,superenalotto.it
2026-028,2026-02-17,28,16,21,42,45,52,88,58,21,superenalotto.it
2026-029,2026-02-19,29,20,39,40,43,76,90,53,53,superenalotto.it
2026-030,2026-02-20,30,30,34,41,42,49,83,64,77,superenalotto.it
2026-031,2026-02-21,31,49,58,60,66,68,81,75,58,superenalotto.it
2026-032,2026-02-24,32,4,18,23,26,45,87,82,29,superenalotto.it
2026-033,2026-02-26,33,18,30,36,52,67,72,69,47,superenalotto.it
2026-034,2026-02-27,34,10,14,49,55,71,79,80,36,superenalotto.it
2026-035,2026-02-28,35,14,17,33,63,64,80,15,27,superenalotto.it
2026-036,2026-03-03,36,4,16,42,48,56,68,26,83,superenalotto.it
2026-037,2026-03-05,37,7,23,39,62,63,78,22,35,superenalotto.it
2026-038,2026-03-06,38,4,17,22,37,50,88,20,2,superenalotto.it
2026-039,2026-03-07,39,3,12,18,40,45,69,5,49,superenalotto.it
2026-040,2026-03-10,40,8,34,42,47,55,83,4,42,superenalotto.it
2026-041,2026-03-12,41,8,24,25,62,63,64,43,54,superenalotto.it
2026-042,2026-03-13,42,3,11,13,20,53,61,88,43,superenalotto.it
2026-043,2026-03-14,43,3,6,33,63,88,89,18,87,superenalotto.it
2026-044,2026-03-17,44,2,13,16,41,53,56,60,6,superenalotto.it
2026-045,2026-03-19,45,19,39,45,54,62,89,42,45,superenalotto.it
2026-046,2026-03-20,46,14,32,45,51,54,87,61,50,superenalotto.it
2026-047,2026-03-21,47,9,26,33,49,51,55,50,4,superenalotto.it
2026-048,2026-03-24,48,6,54,60,64,74,87,10,65,superenalotto.it
2026-049,2026-03-26,49,24,26,39,69,77,80,82,3,superenalotto.it
2026-050,2026-03-27,50,6,22,27,43,58,64,10,74,superenalotto.it
2026-051,2026-03-28,51,9,45,62,67,68,81,36,54,superenalotto.it
2026-052,2026-03-31,52,1,3,39,46,47,61,25,67,superenalotto.it
2026-053,2026-04-02,53,18,24,25,32,36,63,40,80,superenalotto.it
2026-054,2026-04-03,54,28,52,53,64,66,72,44,6,superenalotto.it
2026-055,2026-04-04,55,8,21,29,46,60,81,42,80,superenalotto.it
2026-056,2026-04-07,56,10,16,18,47,50,59,7,60,superenalotto.it
2026-057,2026-04-09,57,2,30,38,63,74,84,19,82,superenalotto.it
2026-058,2026-04-10,58,3,10,13,17,58,90,32,7,superenalotto.it
2026-059,2026-04-11,59,19,28,38,48,77,85,59,57,superenalotto.it
2026-060,2026-04-14,60,3,5,20,27,35,66,17,6,superenalotto.it
2026-061,2026-04-16,61,9,11,12,38,44,54,60,39,superenalotto.it
2026-062,2026-04-17,62,13,27,45,53,57,84,34,63,superenalotto.it
2026-063,2026-04-18,63,11,22,28,33,68,77,9,70,superenalotto.it
2026-064,2026-04-21,64,18,19,40,43,56,77,6,65,superenalotto.it
2026-065,2026-04-23,65,18,24,28,35,56,58,72,57,superenalotto.it
2026-066,2026-04-24,66,6,13,33,37,68,82,56,20,superenalotto.it
2026-067,2026-04-27,67,40,57,62,64,85,87,23,56,superenalotto.it
2026-068,2026-04-28,68,29,42,43,47,57,60,27,30,superenalotto.it
2026-069,2026-04-30,69,6,7,15,44,52,58,40,16,superenalotto.it
2026-070,2026-05-02,70,7,58,60,79,84,86,2,19,superenalotto.it
2026-071,2026-05-04,71,3,14,31,46,61,63,75,24,superenalotto.it
2026-072,2026-05-05,72,24,34,45,55,81,87,23,52,superenalotto.it
2026-073,2026-05-07,73,1,34,48,66,69,73,75,58,superenalotto.it
2026-074,2026-05-08,74,8,16,41,47,51,90,82,69,superenalotto.it
2026-075,2026-05-09,75,9,27,30,42,43,62,11,11,superenalotto.it
2026-076,2026-05-12,76,2,28,31,57,58,59,5,2,superenalotto.it
2026-077,2026-05-14,77,31,56,72,74,84,85,18,34,superenalotto.it
2026-078,2026-05-15,78,5,13,17,28,47,68,42,19,superenalotto.it
2026-079,2026-05-16,79,7,12,60,69,89,90,59,36,superenalotto.it
2026-080,2026-05-19,80,49,57,61,73,79,86,8,36,superenalotto.it
2026-081,2026-05-21,81,1,38,57,58,64,81,28,50,superenalotto.it
2026-082,2026-05-22,82,5,17,65,71,83,87,50,86,superenalotto.it
2026-083,2026-05-23,83,14,29,34,57,59,69,20,16,superenalotto.it
2026-084,2026-05-26,84,7,10,35,41,45,61,2,45,superenalotto.it
2026-085,2026-05-28,85,22,33,36,74,78,86,81,34,superenalotto.it
2026-086,2026-05-29,86,9,42,44,46,85,90,56,20,superenalotto.it
2026-087,2026-05-30,87,8,13,21,39,63,71,72,56,superenalotto.it
2026-088,2026-06-04,88,12,33,43,55,74,75,70,59,superenalotto.it
2026-089,2026-06-05,89,9,25,51,63,73,89,90,40,superenalotto.it
2026-090,2026-06-06,90,2,7,29,68,72,89,57,38,superenalotto.it
2026-091,2026-06-08,91,28,33,51,59,82,87,88,87,superenalotto.it
2026-092,2026-06-09,92,18,36,47,55,73,80,90,54,superenalotto.it
2026-093,2026-06-11,93,7,21,22,40,44,87,53,83,superenalotto.it
2026-094,2026-06-12,94,18,24,42,68,75,83,26,20,superenalotto.it
2026-095,2026-06-13,95,13,23,34,68,87,90,80,54,superenalotto.it
2026-096,2026-06-16,96,4,28,33,35,66,80,48,72,superenalotto.it
2026-097,2026-06-18,97,4,26,39,43,70,87,57,57,superenalotto.it
2026-098,2026-06-19,98,14,18,25,69,81,89,11,69,superenalotto.it
2026-099,2026-06-20,99,14,59,69,71,82,89,47,3,superenalotto.it
2026-100,2026-06-23,100,1,12,17,27,66,84,61,4,superenalotto.it
2026-101,2026-06-25,101,25,27,54,72,73,76,31,80,superenalotto.it
2026-102,2026-06-26,102,1,22,30,45,73,76,64,49,superenalotto.it
2026-103,2026-06-27,103,15,19,36,47,85,90,42,62,superenalotto.it
2026-104,2026-06-30,104,1,7,51,64,78,83,13,66,superenalotto.it
2026-105,2026-07-02,105,4,17,19,23,47,59,51,82,superenalotto.it
2026-106,2026-07-03,106,22,26,30,40,68,86,72,48,superenalotto.it
2026-107,2026-07-04,107,2,37,55,62,72,76,34,75,superenalotto.it
2026-108,2026-07-07,108,3,16,30,53,55,79,84,66,superenalotto.it
2026-109,2026-07-09,109,9,17,20,31,40,79,58,47,superenalotto.it
2026-110,2026-07-10,110,2,3,12,28,63,82,76,79,superenalotto.it
2026-111,2026-07-11,111,6,7,10,47,49,61,5,62,superenalotto.it
2026-112,2026-07-14,112,8,44,49,80,85,88,30,64,superenalotto.it
2026-113,2026-07-16,113,1,15,21,46,52,67,41,76,superenalotto.it
2026-114,2026-07-17,114,7,34,45,64,65,76,46,90,superenalotto.it
2026-115,2026-07-18,115,1,28,52,62,79,86,61,31,superenalotto.it
2026-116,2026-07-21,116,13,14,15,29,38,63,24,49,superenalotto.it
2026-117,2026-07-23,117,2,12,22,34,70,74,41,8,superenalotto.it
2026-118,2026-07-24,118,20,40,53,61,74,79,11,30,superenalotto.it
2026-119,2026-07-25,119,18,19,33,34,61,85,15,59,superenalotto.it
2026-120,2026-07-28,120,1,6,9,43,54,62,87,69,superenalotto.it
2026-121,2026-07-30,121,20,47,75,76,78,89,9,89,superenalotto.it
2026-122,2026-07-31,122,2,6,10,31,39,83,66,75,superenalotto.it
2026-123,2026-08-01,123,8,11,21,24,72,88,33,11,superenalotto.it
2026-124,2026-08-04,124,49,56,58,70,76,78,29,16,superenalotto.it
2026-125,2026-08-06,125,2,11,20,33,74,83,15,19,superenalotto.it
2026-126,2026-08-07,126,1,7,29,32,60,63,68,37,superenalotto.it
2026-127,2026-08-08,127,9,12,55,61,82,85,71,31,superenalotto.it
2026-128,2026-08-11,128,8,19,38,53,66,79,90,49,superenalotto.it
2026-129,2026-08-13,129,2,7,16,29,57,84,18,1,superenalotto.it
2026-130,2026-08-14,130,9,18,20,25,53,90,49,23,superenalotto.it
2026-131,2026-08-17,131,18,24,69,71,73,82,29,41,superenalotto.it
2026-132,2026-08-18,132,10,16,24,25,39,66,70,6,superenalotto.it
2026-133,2026-08-20,133,14,18,26,51,64,71,77,49,superenalotto.it
2026-134,2026-08-21,134,12,25,27,28,39,57,42,13,superenalotto.it
2026-135,2026-08-22,135,2,16,23,31,72,85,82,14,superenalotto.it
2026-136,2026-08-25,136,15,36,62,67,69,70,32,15,superenalotto.it
2026-137,2026-08-27,137,2,27,28,50,75,84,32,40,superenalotto.it
2026-138,2026-08-28,138,4,8,27,62,70,79,60,55,superenalotto.it
2026-139,2026-08-29,139,12,17,45,59,74,77,62,62,superenalotto.it
2026-140,2026-09-01,140,42,47,59,64,67,71,88,75,superenalotto.it
2026-141,2026-09-03,141,8,11,15,60,68,76,9,90,superenalotto.it
2026-142,2026-09-04,142,8,44,60,73,86,89,57,42,superenalotto.it
2026-143,2026-09-05,143,12,24,28,32,37,78,40,16,superenalotto.it
2026-144,2026-09-08,144,23,26,41,52,59,85,49,47,superenalotto.it
2026-145,2026-09-10,145,2,17,39,59,63,89,62,62,superenalotto.it
2026-146,2026-09-11,146,8,13,16,52,64,70,17,21,superenalotto.it
2026-147,2026-09-12,147,3,7,14,40,78,81,1,54,superenalotto.it
2026-148,2026-09-15,148,3,12,18,32,47,54,69,28,superenalotto.it
2026-149,2026-09-17,149,6,7,16,35,46,54,21,51,superenalotto.it
2026-150,2026-09-18,150,29,37,41,43,74,86,25,78,superenalotto.it
2026-151,2026-09-19,151,20,42,45,48,68,85,49,41,superenalotto.it
2026-152,2026-09-22,152,12,42,57,65,76,77,21,54,superenalotto.it
2026-153,2026-09-24,153,1,28,31,50,63,85,86,48,superenalotto.it
