draw_id,pool_contest_eur,jackpot_carryover_eur,pool_total_eur
2009-001,3857528.32,23525683.57,27383211.89
2009-002,4225786.85,24297189.23,28522976.08
2009-003,3869068.7,25564925.28,29433993.98
2009-004,3287987.45,26725645.88,30013633.33
2009-005,4787440.45,27712042.11,32499482.56
2009-006,3851015.01,29148274.24,32999289.25
2009-007,3855069.71,29918477.25,33773546.96
2009-008,4892212.89,31074998.16,35967211.05
2009-009,3997073.83,32542662.03,36539735.86
2009-010,3919373.79,33741784.19,37661157.98
2009-011,4868021.65,34917596.32,39785617.97
2009-012,3941985.25,36378002.81,40319988.06
2009-013,3921336.25,37560598.38,41481934.63
2009-014,4994595.82,38736999.25,43731595.07
2009-015,3789488.83,10114996.48,13904485.31
2009-016,3799820.69,11251843.14,15051663.83
2009-017,4766116.52,12391789.35,17157905.87
2009-018,3766543.72,13821624.3,17588168.02
2009-019,3692657.37,14951587.41,18644244.78
2009-020,4701230.85,16059384.62,20760615.47
2009-021,3680878.62,17469753.87,21150632.49
2009-022,3601416.37,18205929.6,21807345.97
2009-023,4592663.95,19286354.51,23879018.46
2009-024,3622339.95,20664153.7,24286493.65
2009-025,3564119.18,21388621.69,24952740.87
2009-026,4566412.38,22101445.52,26667857.9
2009-027,3665006.36,23471369.23,27136375.59
2009-028,3584554.41,24570871.15,28155425.56
2009-029,4583024.7,25646237.48,30229262.18
2009-030,3582428.92,27021144.88,30603573.8
2009-031,3494176.65,28095873.55,31590050.2
2009-032,4516446.31,29144126.54,33660572.85
2009-033,3557779.64,30499060.43,34056840.07
2009-034,3528204.62,31566394.32,35094598.94
2009-035,4468988.61,32624855.71,37093844.32
2009-036,3565504.76,33518653.44,37084158.2
2009-037,3592741.04,34588304.88,38181045.92
2009-038,4624267.94,35306853.08,39931121.02
2009-039,3638430.14,36694133.47,40332563.61
2009-040,3629438.63,37421819.5,41051258.13
2009-041,4559977.71,38510651.1,43070628.81
2009-042,3556841.02,39878644.41,43435485.43
2009-043,3561246.87,40945696.72,44506943.59
2009-044,4508194.55,42014070.79,46522265.34
2009-045,3242828.8,43366529.16,46609357.96
2009-046,3541657.75,44339377.8,47881035.55
2009-047,4519190.1,45401875.13,49921065.23
2009-048,3591244.58,46757632.15,50348876.73
2009-049,3556345.73,47835005.52,51391351.25
2009-050,4014065.22,48901909.24,52915974.46
2009-051,3125245.79,50106128.81,53231374.6
2009-052,3664659.02,50731177.96,54395836.98
2009-053,4070102.12,51830575.67,55900677.79
2009-054,3700134.42,53051606.3,56751740.72
2009-055,3625090.31,53791633.19,57416723.5
2009-056,4511077.26,54879160.28,59390237.54
2009-057,3576356.34,56232483.46,59808839.8
2009-058,3626611.53,56947754.73,60574366.26
2009-059,4662876.56,58035738.19,62698614.75
2009-060,3710903.7,59434601.17,63145504.87
2009-061,3685967.71,60547872.27,64233839.98
2009-062,4520478.65,61653662.58,66174141.23
2009-063,3677375.01,62557758.3,66235133.31
2009-064,3698907.36,63660970.81,67359878.17
2009-065,4709752.88,64770643.03,69480395.91
2009-066,3891099.98,65712593.61,69603693.59
2009-067,3435667.27,66490813.6,69926480.87
2009-068,4985860.2,67177947.06,72163807.26
2009-069,3994827.43,68673705.12,72668532.55
2009-070,3972857.65,69872153.36,73845011.01
2009-071,4869388.87,71064010.65,75933399.52
2009-072,4174795.9,72524827.32,76699623.22
2009-073,4225380.94,73777266.08,78002647.02
2009-074,5265796.8,75044880.37,80310677.17
2009-075,4497734.32,76624619.41,81122353.73
2009-076,4575782.92,77973939.7,82549722.62
2009-077,5831884.32,79346674.57,85178558.89
2009-078,5138695.3,81096239.86,86234935.16
2009-079,5503598.67,82637848.44,88141447.11
2009-080,6865856.34,84288928.05,91154784.39
2009-081,5676333.33,86348684.96,92025018.29
2009-082,5610922.93,88051584.96,93662507.89
2009-083,7275697.66,89734861.84,97010559.5
2009-084,6793860.57,91917571.14,98711431.71
2009-085,7010877.63,93955729.31,100966606.94
2009-086,8893315.94,96058992.61,104952308.55
2009-087,9631643.16,98726987.4,108358630.56
2009-088,10399116.29,100653316.04,111052432.33
2009-089,12162701.39,102733139.3,114895840.69
2009-090,12168062.31,105165679.57,117333741.88
2009-091,11914584.99,107599292.03,119513877.02
2009-092,13783592.0,111173667.52,124957259.52
2009-093,13551763.79,113930385.92,127482149.71
2009-094,13595876.76,116640738.67,130236615.43
2009-095,14880777.05,120719501.71,135600278.76
2009-096,13717186.33,125183734.82,138900921.15
2009-097,14442417.83,129298890.72,143741308.55
2009-098,15471743.22,133631616.08,149103359.3
2009-099,12238493.89,138273139.05,150511632.94
2009-100,14442003.44,141944687.22,156386690.66
2009-101,14871055.87,144833087.9,159704143.77
2009-102,6923955.67,37348794.83,44272750.5
2009-103,6501460.03,39425981.54,45927441.57
2009-104,7324721.12,41376419.56,48701140.68
2009-105,6142121.65,43573835.89,49715957.54
2009-106,5962906.94,45416472.38,51379379.32
2009-107,6935447.37,46609053.77,53544501.14
2009-108,5771510.69,48689687.98,54461198.67
2009-109,5575582.15,49843990.12,55419572.27
2009-110,6561743.22,51516664.77,58078407.99
2009-111,5375147.45,53485187.74,58860335.19
2009-112,5212156.15,55097731.97,60309888.12
2009-113,6256389.36,56661378.82,62917768.18
2009-114,5055502.68,58538295.64,63593798.32
2009-115,4911038.18,60054946.45,64965984.63
2009-116,5894872.3,61037154.08,66932026.38
2009-117,4760995.71,62805615.76,67566611.47
2009-118,4515521.04,64233914.47,68749435.51
2009-119,5375307.18,65588570.78,70963877.96
2009-120,4261504.08,67201162.93,71462667.01
2009-121,4110762.07,68053463.75,72164225.82
2009-122,5085805.46,69286692.38,74372497.84
2009-123,4042182.07,70303853.47,74346035.54
2009-124,3930593.51,71516508.1,75447101.61
2009-125,4893294.25,72695686.15,77588980.4
2009-126,3886905.84,74163674.42,78050580.26
2009-127,3780616.52,74941055.58,78721672.1
2009-128,4754908.58,76075240.53,80830149.11
2009-129,3817272.2,77026222.24,80843494.44
2009-130,3747603.56,78171403.9,81919007.46
2009-131,4686135.59,79295684.98,83981820.57
2009-132,3763756.97,80701525.65,84465282.62
2009-133,3741630.25,81830652.74,85572282.99
2009-134,4683485.89,82953141.81,87636627.7
2009-135,3746143.49,84358187.58,88104331.07
2009-136,3722465.22,85482030.63,89204495.85
2009-137,4697686.19,86598770.2,91296456.39
2009-138,3755697.68,88008076.05,91763773.73
2009-139,3801392.5,89134785.36,92936177.86
2009-140,4775246.78,90275203.1,95050449.88
2009-141,3810935.78,91707777.13,95518712.91
2009-142,3771063.02,92851057.86,96622120.88
2009-143,4791940.88,93982376.77,98774317.65
2009-144,3837426.94,95419959.04,99257385.98
2009-145,3880163.68,96571187.13,100451350.81
2009-146,4867699.25,97735236.24,102602935.49
2009-147,3963241.45,99195546.01,103158787.46
2009-148,3533303.77,100384518.44,103917822.21
2009-149,5218294.39,101091179.19,106309473.58
2009-150,4148435.19,102656667.5,106805102.69
2009-151,4151090.95,103901198.05,108052289.0
2009-152,4990814.16,105146525.34,110137339.5
2009-153,4138603.99,106643769.6,110782373.59
2009-154,4482773.48,107885350.79,112368124.27
2009-155,3964858.82,109230182.84,113195041.66
2009-156,4067587.02,110419640.49,114487227.51
2009-157,5257312.37,111639916.6,116897228.97
2010-001,5089917.83,113217110.31,118307028.14
2010-002,5270658.79,114744085.67,120014744.46
2010-003,4409032.15,116325283.3,120734315.45
2010-004,5781073.03,117647992.95,123429065.98
2010-005,5375662.67,119382314.87,124757977.54
2010-006,5167016.05,120995013.68,126162029.73
2010-007,6329270.91,122028416.88,128357687.79
2010-008,5292174.67,123294271.06,128586445.73
2010-009,5240520.05,124881923.47,130122443.52
2010-010,6510242.43,126454079.48,132964321.91
2010-011,5201818.06,128407152.22,133608970.28
2010-012,5228438.63,129967697.64,135196136.27
2010-013,6427807.22,131536229.24,137964036.46
2010-014,5410697.17,132821790.69,138232487.86
2010-015,5300197.94,134444999.84,139745197.78
2010-016,6452102.92,136035059.23,142487162.15
2010-017,5258122.62,137970690.1,143228812.72
2010-018,3865850.6,31814084.23,35679934.83
2010-019,4860715.95,32973839.41,37834555.36
2010-020,3884401.83,34432054.2,38316456.03
2010-021,3817242.58,35597374.76,39414617.34
2010-022,4708963.6,36742547.53,41451511.13
2010-023,3781761.46,37684340.25,41466101.71
2010-024,3696909.55,38440692.54,42137602.09
2010-025,4614572.57,39549765.41,44164337.98
2010-026,3717292.27,40472679.92,44189972.19
2010-027,3675490.16,41216138.38,44891628.54
2010-028,4556429.94,42318785.44,46875215.38
2010-029,3542629.98,43685714.43,47228344.41
2010-030,3532947.59,44748503.42,48281451.01
2010-031,4448876.83,45808387.69,50257264.52
2010-032,3548942.67,47143050.75,50691993.42
2010-033,3487775.96,48207733.56,51695509.52
2010-034,4393981.23,49254066.36,53648047.59
2010-035,3501152.16,50132862.61,53634014.77
2010-036,3447197.09,50833093.05,54280290.14
2010-037,4272800.02,51867252.18,56140052.2
2010-038,3363571.54,53149092.19,56512663.73
2010-039,3405575.65,54158163.66,57563739.31
2010-040,4253138.15,55179836.35,59432974.5
2010-041,3097127.55,56030463.98,59127591.53
2010-042,3357787.23,56959602.25,60317389.48
2010-043,4146310.05,57966938.43,62113248.48
2010-044,3389108.85,58796200.43,62185309.28
2010-045,3367088.14,59812933.08,63180021.22
2010-046,4194483.76,60823059.53,65017543.29
2010-047,3351094.62,62081404.67,65432499.29
2010-048,3308971.14,62751623.6,66060594.74
2010-049,4154612.57,63744314.95,67898927.52
2010-050,3295660.59,64575237.46,67870898.05
2010-051,3230877.84,65563935.63,68794813.47
2010-052,3537503.11,66533198.98,70070702.09
2010-053,2868254.3,67594449.91,70462704.21
2010-054,3242281.37,68168100.76,71410382.13
2010-055,4039469.82,68816557.03,72856026.85
2010-056,3287109.64,70028397.98,73315507.62
2010-057,3258396.84,71014530.87,74272927.71
2010-058,4051366.21,71992049.92,76043416.13
2010-059,3274684.34,73207459.79,76482144.13
2010-060,3236918.71,74189865.1,77426783.81
2010-061,3996120.84,75160940.71,79157061.55
2010-062,3187847.1,76359776.96,79547624.06
2010-063,3175585.7,77316131.08,80491716.78
2010-064,3922735.51,78268806.78,82191542.29
2010-065,3264584.98,79445627.43,82710212.41
2010-066,3005374.63,80425002.92,83430377.55
2010-067,4063464.6,81026077.85,85089542.45
2010-068,3254150.73,82245117.23,85499267.96
2010-069,3200180.93,83221362.45,86421543.38
2010-070,3889519.17,84181416.73,88070935.9
2010-071,3205377.09,85348272.48,88553649.57
2010-072,3203556.68,86309885.61,89513442.29
2010-073,3906835.2,87270952.62,91177787.82
2010-074,3256343.25,88443003.18,91699346.43
2010-075,3107982.42,89419906.15,92527888.57
2010-076,3866590.51,90352300.88,94218891.39
2010-077,3150785.53,91512278.03,94663063.56
2010-078,3176009.27,92457513.69,95633522.96
2010-079,3871959.04,93410316.48,97282275.52
2010-080,3225820.1,94571904.19,97797724.29
2010-081,3213456.3,95539650.21,98753106.51
2010-082,3928476.34,96503687.09,100432163.43
2010-083,3301594.76,97682230.0,100983824.76
2010-084,3312091.02,98342548.96,101654639.98
2010-085,4220227.92,99004967.17,103225195.09
2010-086,3659734.15,100271035.54,103930769.69
2010-087,3602940.71,101368955.79,104971896.5
2010-088,4476010.54,102449838.0,106925848.54
2010-089,3788666.11,103792641.17,107581307.28
2010-090,3754602.8,104550374.39,108304977.19
2010-091,4582068.25,105676755.23,110258823.48
2010-092,4001189.15,107051375.7,111052564.85
2010-093,4208413.47,108251732.45,112460145.92
2010-094,5124759.0,109093415.15,114218174.15
2010-095,4300652.16,110630842.85,114931495.01
2010-096,4265701.34,111490973.29,115756674.63
2010-097,5134761.71,112770683.7,117905445.41
2010-098,4437592.15,114311112.21,118748704.36
2010-099,4765235.07,115642389.86,120407624.93
2010-100,6255246.84,116595436.88,122850683.72
2010-101,5529876.07,118472010.93,124001887.0
2010-102,5499611.9,120130973.76,125630585.66
2010-103,6376676.65,121780857.32,128157533.97
2010-104,5716534.02,123693860.31,129410394.33
2010-105,5704758.04,125408820.52,131113578.56
2010-106,6891045.26,127120247.93,134011293.19
2010-107,5983316.69,129187561.51,135170878.2
2010-108,5835122.17,130982556.52,136817678.69
2010-109,7211143.07,132733093.17,139944236.24
2010-110,6043663.46,134896436.1,140940099.56
2010-111,6039270.61,136709535.14,142748805.75
2010-112,7533257.73,138521316.33,146054574.06
2010-113,6446098.08,140781293.65,147227391.73
2010-114,6126408.25,142070513.27,148196921.52
2010-115,7399393.27,143908435.74,151307829.01
2010-116,6219060.64,146128253.73,152347314.37
2010-117,6553384.57,147993971.92,154547356.49
2010-118,8077714.32,149959987.29,158037701.61
2010-119,6756741.64,152383301.58,159140043.22
2010-120,6765525.95,154410324.07,161175850.02
2010-121,8086142.27,156439981.86,164526124.13
2010-122,6771166.82,158865824.55,165636991.37
2010-123,6891361.43,160897174.6,167788536.03
2010-124,8334994.43,162964583.04,171299577.47
2010-125,6868733.86,165465081.38,172333815.24
2010-126,6735694.37,167525701.54,174261395.91
2010-127,8348018.27,169546409.85,177894428.12
2010-128,6814736.85,172050815.34,178865552.19
2010-129,6741973.46,174095236.39,180837209.85
2010-130,8056073.7,176117828.43,184173902.13
2010-131,4098522.84,44108564.7,48207087.54
2010-132,4436689.56,45338121.55,49774811.11
2010-133,5484354.65,46225459.47,51709814.12
2010-134,4296577.39,47870765.86,52167343.25
2010-135,4212092.4,49159739.07,53371831.47
2010-136,5206816.04,50423366.79,55630182.83
2010-137,4105119.99,51464729.99,55569849.98
2010-138,4010111.01,52696265.98,56706376.99
2010-139,4953433.48,53899299.29,58852732.77
2010-140,3930982.08,55385329.34,59316311.42
2010-141,3827589.33,56564623.97,60392213.3
2010-142,4728595.33,57712900.77,62441496.1
2010-143,3763388.67,58658619.83,62422008.5
2010-144,3769495.55,59787636.44,63557131.99
2010-145,4674159.33,60918485.11,65592644.44
2010-146,3806322.04,62320732.91,66127054.95
2010-147,3479480.53,63462629.52,66942110.05
2010-148,4553582.05,64506473.68,69060055.73
2010-149,3661364.0,65872548.29,69533912.29
2010-150,3567138.23,66970957.49,70538095.72
2010-151,4361105.48,68041098.97,72402204.45
2010-152,3696775.63,68913320.07,72610095.7
2010-153,3801660.33,70022352.77,73824013.1
2010-154,3664217.78,71162850.87,74827068.65
2010-155,2848844.83,8941244.06,11790088.89
2010-156,3850890.64,9795897.52,13646788.16
2011-001,3539831.11,10951164.71,14490995.82
2011-002,2977755.32,12013114.04,14990869.36
2011-003,3320939.95,12906440.63,16227380.58
2011-004,3396146.89,1688153.96,5084300.85
2011-005,3252523.49,2706998.03,5959521.52
2011-006,3216010.04,3682755.08,6898765.12
2011-007,3979303.92,4647558.09,8626862.01
2011-008,3243534.41,5443418.87,8686953.28
2011-009,3181742.3,6416479.2,9598221.5
2011-010,3922070.79,7371001.88,11293072.67
2011-011,3167224.61,8155416.03,11322640.64
2011-012,3126025.19,9105583.42,12231608.61
2011-013,3944070.02,10043390.97,13987460.99
2011-014,3187690.84,11226611.98,14414302.82
2011-015,3141883.41,12182919.23,15324802.64
2011-016,3906551.61,13125484.26,17032035.87
2011-017,3140362.71,14297449.75,17437812.46
2011-018,3108846.37,15239558.56,18348404.93
2011-019,3889243.37,16172212.47,20061455.84
2011-020,3270304.32,17338985.48,20609289.8
2011-021,3068962.19,18320076.77,21389038.96
2011-022,3842244.74,19240765.42,23083010.16
2011-023,3090420.21,20393438.85,23483859.06
2011-024,3038633.94,21320564.92,24359198.86
2011-025,3845673.51,22232155.11,26077828.62
2011-026,3085447.71,23385857.16,26471304.87
2011-027,3111203.3,24311491.47,27422694.77
2011-028,3893641.24,25244852.45,29138493.69
2011-029,3126186.65,26412944.82,29539131.47
2011-030,3092069.46,27038182.14,30130251.6
2011-031,4028547.04,27965802.98,31994350.02
2011-032,3145938.62,29174367.09,32320305.71
2011-033,3161114.44,30118148.68,33279263.12
2011-034,3400693.93,31066483.01,34467176.94
2011-035,3073256.98,32086691.19,35159948.17
2011-036,3034200.9,33008668.28,36042869.18
2011-037,3807390.76,33918928.54,37726319.3
2011-038,3011834.57,35061145.78,38072980.35
2011-039,2979470.22,35964696.15,38944166.37
2011-040,3737674.66,36858537.22,40596211.88
2011-041,2986326.36,37979839.62,40966165.98
2011-042,2923447.0,38875737.54,41799184.54
2011-043,3601905.26,39752771.64,43354676.9
2011-044,2948318.37,40833343.22,43781661.59
2011-045,2929684.68,41717838.73,44647523.41
2011-046,3683491.07,42596744.14,46280235.21
2011-047,2942230.89,43701791.47,46644022.36
2011-048,2920685.21,44290237.65,47210922.86
2011-049,3661471.75,44874374.7,48535846.45
2011-050,2847541.2,45972816.23,48820357.43
2011-051,3027103.25,46827078.59,49854181.84
2011-052,3506191.02,14222986.59,17729177.61
2011-053,2930868.95,15274843.9,18205712.85
2011-054,2909343.01,16154104.59,19063447.6
2011-055,3587525.12,17026907.5,20614432.62
2011-056,2896891.74,17744412.52,20641304.26
2011-057,2851768.26,18613480.05,21465248.31
2011-058,3554280.72,19469010.53,23023291.25
2011-059,2864624.75,20535294.74,23399919.49
2011-060,2802148.85,21394682.17,24196831.02
2011-061,3468029.71,22235326.82,25703356.53
2011-062,2764403.33,23275735.73,26040139.06
2011-063,2723428.26,24105056.73,26828484.99
2011-064,3383961.19,24922085.21,28306046.4
2011-065,2728889.13,25937273.56,28666162.69
2011-066,2695198.27,26483051.38,29178249.65
2011-067,2952511.31,27291610.87,30244122.18
2011-068,2720517.83,28177364.26,30897882.09
2011-069,2662809.85,28993519.62,31656329.47
2011-070,3350723.02,29526081.58,32876804.6
2011-071,2716780.0,30531298.49,33248078.49
2011-072,2694447.45,31346332.49,34040779.94
2011-073,3355145.15,32154666.72,35509811.87
2011-074,2719219.91,32825695.75,35544915.66
2011-075,2670973.27,33641461.72,36312434.99
2011-076,3271812.03,34442753.71,37714565.74
2011-077,2656504.25,35424297.33,38080801.58
2011-078,2601902.13,36221248.6,38823150.73
2011-079,3270246.45,37001819.24,40272065.69
2011-080,2686074.94,37655868.52,40341943.46
2011-081,2634385.84,38461691.01,41096076.85
2011-082,3178572.18,39252006.76,42430578.94
2011-083,2632376.26,39887721.19,42520097.45
2011-084,2608459.61,40414196.44,43022656.05
2011-085,3215261.47,41196734.33,44411995.8
2011-086,2648801.14,42161312.78,44810113.92
2011-087,2615460.41,42691073.01,45306533.42
2011-088,3217049.83,43475711.14,46692760.97
2011-089,2688802.77,44440826.1,47129628.87
2011-090,2618890.39,45247466.93,47866357.32
2011-091,3220978.73,46033134.04,49254112.77
2011-092,2657110.77,46999427.66,49656538.43
2011-093,2610739.45,47796560.89,50407300.34
2011-094,3127425.49,48318708.77,51446134.26
2011-095,2579389.24,49256936.42,51836325.66
2011-096,2553687.53,50030753.19,52584440.72
2011-097,3001580.5,50541490.69,53543071.19
2011-098,2286194.92,51441964.83,53728159.75
2011-099,2447213.01,52127823.3,54575036.31
2011-100,2853867.92,52861987.21,55715855.13
2011-101,2509126.04,53718147.58,56227273.62
2011-102,2468392.99,54470885.39,56939278.38
2011-103,2975219.08,55211403.28,58186622.36
2011-104,2583405.64,56103969.01,58687374.65
2011-105,2540320.33,56878990.7,59419311.03
2011-106,3170733.41,57641086.8,60811820.21
2011-107,2656050.19,58592306.83,61248357.02
2011-108,2630285.77,59389121.88,62019407.65
2011-109,3218305.47,60178207.61,63396513.08
2011-110,2678842.0,61143699.26,63822541.26
2011-111,2629124.71,61947351.86,64576476.57
2011-112,3265257.14,62736089.27,66001346.41
2011-113,2658165.98,63715666.42,66373832.4
2011-114,2625430.89,64513116.21,67138547.1
2011-115,3034575.96,15380043.65,18414619.61
2011-116,2513423.96,16290416.45,18803840.41
2011-117,2495683.14,17044443.65,19540126.79
2011-118,3120887.25,17793148.6,20914035.85
2011-119,2589658.56,18729414.77,21319073.33
2011-120,2571801.33,19506312.35,22078113.68
2011-121,3225826.5,20277852.75,23503679.25
2011-122,2587813.9,21245600.69,23833414.59
2011-123,2575017.36,22021944.85,24596962.21
2011-124,3212264.76,22794450.07,26006714.83
2011-125,2569410.62,23758129.51,26327540.13
2011-126,2512044.79,24528952.7,27040997.49
2011-127,3192217.08,25282566.13,28474783.21
2011-128,2514194.88,26240231.26,28754426.14
2011-129,2498414.44,26994489.73,29492904.17
2011-130,3117377.23,27744014.06,30861391.29
2011-131,2507554.93,28367489.51,30875044.44
2011-132,2238529.32,29119755.99,31358285.31
2011-133,3158948.77,29791314.78,32950263.55
2011-134,2538400.49,30423104.53,32961505.02
2011-135,2538850.56,31184624.68,33723475.24
2011-136,3291111.13,31946279.86,35237390.99
2011-137,2532567.15,32933613.2,35466180.35
2011-138,2513939.17,33440126.63,35954065.8
2011-139,3160353.92,34194308.38,37354662.3
2011-140,2500772.24,34826379.16,37327151.4
2011-141,2484658.32,35326533.6,37811191.92
2011-142,3133388.42,36071931.09,39205319.51
2011-143,2481232.5,37011947.62,39493180.12
2011-144,2487514.35,37756317.36,40243831.71
2011-145,3211174.91,38502571.67,41713746.58
2011-146,2569320.88,39465924.14,42035245.02
2011-147,2548117.86,39979788.32,42527906.18
2011-148,2815574.44,40744223.68,43559798.12
2011-149,2544126.94,41588896.01,44133022.95
2011-150,2494087.08,42352134.1,44846221.18
2011-151,3148214.29,43100360.23,46248574.52
2011-152,2555631.8,43730003.09,46285634.89
2011-153,2552730.38,44496692.63,47049423.01
2011-154,3096424.02,45262511.74,48358935.76
2011-155,2400234.83,46191438.95,48591673.78
2011-156,2616707.22,46911509.41,49528216.63
2011-157,3190771.39,47696521.58,50887292.97
2012-001,2566034.34,48334675.85,50900710.19
2012-002,2628519.76,49104486.16,51733005.92
2012-003,2879923.05,49893042.1,52772965.15
2012-004,2537201.32,50757019.01,53294220.33
2012-005,2499023.55,51518179.4,54017202.95
2012-006,3132483.41,52267886.47,55400369.88
2012-007,2512017.94,53207631.5,55719649.44
2012-008,2473975.65,53961236.89,56435212.54
2012-009,3125478.62,54703429.58,57828908.2
2012-010,2494111.51,55641073.17,58135184.68
2012-011,2452585.36,56389306.62,58841891.98
2012-012,3151028.4,57125082.24,60276110.64
2012-013,2480688.35,58070390.76,60551079.11
2012-014,2404504.85,58814597.27,61225245.88
2012-015,2937533.49,59535948.72,62479625.97
2012-016,2535153.8,60417208.77,62958506.33
2012-017,2513769.91,61177754.91,63697668.58
2012-018,3041582.99,61931885.88,64979612.63
2012-019,2591364.97,62844360.77,65441869.5
2012-020,2507612.45,63621770.26,66135526.47
2012-021,3174846.31,64374053.99,67555044.06
2012-022,2488154.47,65326507.88,67820806.11
2012-023,2469942.62,65824138.78,68300225.16
2012-024,3113668.68,66565121.57,69684934.01
2012-025,2490249.3,67499222.18,69995615.24
2012-026,2468037.5,68246296.96,70720744.96
2012-027,3168419.28,68986708.2,72161537.98
2012-028,2524110.44,69937233.99,72467754.93
2012-029,2494072.7,70694467.12,73194950.32
2012-030,3184090.22,71442688.92,74633189.64
2012-031,2496773.86,72397915.99,74901100.35
2012-032,2451334.74,73146948.15,75604693.39
2012-033,3149456.08,73882348.58,77038215.16
2012-034,2478580.19,74827185.41,77312176.1
2012-035,2421145.42,75570759.46,77998315.38
2012-036,3131248.04,76297103.09,79434761.63
2012-037,2385901.82,76923352.69,79315665.01
2012-038,2337284.61,77639123.24,79982818.35
2012-039,3012635.29,78340308.63,81359354.42
2012-040,2477163.26,79244099.22,81729361.56
2012-041,2429915.35,79987248.2,82425262.63
2012-042,3053761.94,80716222.81,83778083.83
2012-043,2219536.68,81632351.4,83859987.16
2012-044,2398096.36,82298212.41,84704407.85
2012-045,3039567.52,83017641.33,86065307.93
2012-046,2440774.03,83929511.58,86378384.69
2012-047,2424472.49,84661743.8,87094315.37
2012-048,3080532.03,85389085.55,88477716.66
2012-049,2490022.87,86005191.96,88503313.91
2012-050,2225661.75,86752198.83,88985959.66
2012-051,2915584.33,87419897.36,90343580.77
2012-052,2289976.4,88294572.66,90590315.3
2012-053,2076454.82,88981565.58,91063786.64
2012-054,2982465.71,89604502.03,92592733.98
2012-055,2397752.48,90499241.74,92902760.46
2012-056,2358269.0,91218567.49,93582602.73
2012-057,2923590.09,91926048.19,94855404.52
2012-058,2407548.16,92803125.22,95216439.62
2012-059,2386019.62,93525389.68,95917175.54
2012-060,2975913.6,94241195.57,97222875.41
2012-061,2193677.14,24708634.12,26908077.5
2012-062,2167001.47,25366737.27,27539504.98
2012-063,2653654.12,733659.22,3393079.58
2012-064,2074890.28,1529755.45,3610411.97
2012-065,2048261.74,1944733.51,3998761.49
2012-066,2359350.88,2559212.04,4924904.96
2012-067,1830307.28,3267017.31,5103666.63
2012-068,2031072.34,3816109.5,5853523.88
2012-069,2513789.49,4425431.21,6945562.74
2012-070,2047032.95,5179568.06,7232943.05
2012-071,1993586.5,5793677.95,7793606.49
2012-072,2471239.15,6391753.89,8869335.08
2012-073,1982225.77,7133125.64,9121693.45
2012-074,1955064.16,7727793.37,9689199.57
2012-075,2395449.94,8314312.63,10716104.61
2012-076,1935483.01,9032947.62,10974772.67
2012-077,1923321.74,9613592.53,11543256.31
2012-078,2346984.14,10190589.06,12543915.24
2012-079,1980067.71,10659985.89,12658408.54
2012-080,1960497.66,11254006.2,13232858.8
2012-081,2410674.79,11842155.5,14271185.23
2012-082,1976180.03,12565357.93,14559892.9
2012-083,1952034.54,13158211.95,15128601.43
2012-084,2403907.86,13743822.32,16166085.12
2012-085,1992575.47,14464994.68,16475925.09
2012-086,1949382.75,15062767.33,17030505.02
2012-087,2388249.22,15452643.88,17859248.04
2012-088,1993231.01,16169118.65,18180704.6
2012-089,1940530.71,16567764.86,18526650.51
2012-090,2362292.33,17149924.07,19530571.34
2012-091,1965215.16,17858611.77,19842181.87
2012-092,1959381.3,18448176.33,20412406.31
2012-093,2260806.77,5759844.65,8025500.1
2012-094,1865124.71,6212006.0,8081979.39
2012-095,1839337.07,6771543.41,8615729.16
2012-096,2180237.18,7323344.54,9508430.4
2012-097,1861727.47,7977415.69,9843991.84
2012-098,1627583.22,8535933.94,10168365.84
2012-099,2083398.27,9024208.91,11112455.86
2012-100,1832147.27,9649228.4,11486224.35
2012-101,1799126.68,10198872.59,12002847.95
2012-102,2153532.93,10738610.6,12896992.21
2012-103,1886456.97,11384670.48,13275976.13
2012-104,1854661.71,11950607.57,13810117.96
2012-105,2301575.52,2294271.44,4653725.14
2012-106,1944516.27,2984744.09,4987138.54
2012-107,1922051.37,3568098.98,5548028.53
2012-108,2353146.46,4144714.39,6555739.03
2012-109,1946218.87,4850658.33,6854755.38
2012-110,1941275.29,5434524.0,7433677.47
2012-111,2417847.97,6016906.59,8492632.74
2012-112,1966171.96,6742260.98,8766311.12
2012-113,1940867.66,7135495.38,9134241.22
2012-114,2422894.28,7717755.68,10198528.14
2012-115,1943254.39,8444623.97,10445756.54
2012-116,1906706.12,9027600.28,10992184.58
2012-117,2414261.21,9599612.11,12071751.5
2012-118,1986393.92,10323890.48,12320425.18
2012-119,1956194.73,10919808.65,12886144.16
2012-120,2453752.31,11506667.08,13970560.17
2012-121,1973080.08,12242792.76,14226013.62
2012-122,1966601.25,12637408.78,14614150.81
2012-123,2473560.04,13227389.15,15711089.97
2012-124,1979987.68,13969457.17,15959585.63
2012-125,1942014.68,14563453.48,16515608.94
2012-126,2436650.4,15146057.89,17592849.07
2012-127,1950745.45,15877053.01,17837939.24
2012-128,1931905.6,16462276.65,18404323.03
2012-129,2427740.32,17041848.34,19479729.44
2012-130,1930861.66,17770170.43,19711172.87
2012-131,2781167.42,18156342.77,20942813.21
2012-132,1198573.24,18990692.96,20194569.22
2012-133,1705365.72,19230407.6,20941076.34
2012-134,1915232.47,19742017.31,21662552.8
2012-135,2425566.16,20125063.81,22555932.99
2012-136,1959412.66,20852733.67,22817449.35
2012-137,1924007.43,21440557.47,23369867.92
2012-138,2453216.48,22017759.71,24476279.21
2012-139,1942000.82,22753724.66,24701028.5
2012-140,1916380.36,23336324.91,25258008.29
2012-141,2431220.71,23911239.03,26347762.76
2012-142,1912220.35,24640605.24,26558128.61
2012-143,1878398.19,25214271.35,27097972.56
2012-144,2454010.44,25777790.84,28237479.5
2012-145,1959167.52,26513993.98,28478839.72
2012-146,1938122.5,27101744.23,29045544.95
2012-147,2202035.97,27683180.97,29890895.16
2012-148,1706686.51,28343791.71,30056156.44
2012-149,1954541.84,28685129.01,30645349.07
2012-150,2379494.02,29076037.37,31461209.61
2012-151,1981177.67,29551936.18,31538792.07
2012-152,1962580.0,30146289.49,32114547.71
2012-153,2444852.8,30735063.49,33185594.51
2012-154,1651992.56,31468519.33,33126190.11
2012-155,1888009.02,31964117.11,33857804.35
2012-156,2469551.44,32530519.82,35005749.48
2013-001,1997331.26,33271385.25,35271709.65
2013-002,1745105.25,33870584.63,35618683.02
2013-003,2454094.97,34394116.2,36851204.31
2013-004,1946375.31,35130344.69,37079713.14
2013-005,1928606.26,35714257.28,37645856.68
2013-006,2442578.84,36292839.16,38738411.14
2013-007,1934938.52,37025612.81,38963544.47
2013-008,1912027.01,37606094.36,39521114.51
2013-009,2401877.67,38179702.5,40584573.31
2013-010,1911891.54,38900265.8,40815150.48
2013-011,1887155.98,39473833.27,41363982.39
2013-012,2395616.95,40039980.05,42438590.14
2013-013,1892085.19,40519103.44,42414181.77
2013-014,1885225.75,41086728.99,42974947.88
2013-015,2399525.06,41652296.72,44057695.92
2013-016,1921413.85,42372154.25,44299442.24
2013-017,1885715.67,42948578.38,44840168.19
2013-018,2381782.87,43514293.09,45901950.1
2013-019,1868792.37,44228827.96,46103494.47
2013-020,1887439.41,44789465.67,46682779.22
2013-021,2388555.34,45355697.5,47750126.98
2013-022,1888522.16,46072264.11,47966660.41
2013-023,1886877.07,46638820.77,48531571.98
2013-024,2369585.9,47204883.9,49580343.94
2013-025,1857801.85,47915759.66,49779435.65
2013-026,1875567.62,48473100.21,50354541.97
2013-027,2430320.03,49035770.5,51470994.61
2013-028,1925373.08,49764866.52,51695143.68
2013-029,1894983.66,50342478.45,52242366.19
2013-030,2398938.48,50910973.55,53314816.11
2013-031,1903746.66,51630655.1,53539305.84
2013-032,1898316.62,52201779.1,54104999.8
2013-033,2394738.44,52771274.09,55170916.61
2013-034,1813203.99,16089256.71,17907364.78
2013-035,1801926.93,16633217.9,18440048.91
2013-036,2295306.48,17173795.98,19474006.54
2013-037,1809150.52,17862387.93,19676442.53
2013-038,1793247.78,18405133.08,20203284.94
2013-039,2273755.08,18943107.41,21221766.57
2013-040,1663912.51,19625233.94,21296698.77
2013-041,1798372.74,20124407.69,21930332.75
2013-042,2267768.42,20663919.52,22939240.26
2013-043,1796594.6,21344250.05,23148396.97
2013-044,1769109.21,21883228.43,23659889.96
2013-045,2222958.34,22413961.2,24644471.86
2013-046,1756806.06,23080848.71,24845207.09
2013-047,1721186.7,23607890.53,25336629.55
2013-048,2184079.64,24124246.53,26315878.49
2013-049,1741944.66,24561062.45,26310559.43
2013-050,2448507.63,25083645.85,27539705.8
2013-051,1073565.16,25818198.15,26899315.63
2013-052,1506776.56,26140267.71,27654596.59
2013-053,1576568.54,26592300.69,28199471.11
2013-054,2144404.73,27065271.26,29240277.87
2013-055,1723310.44,27708592.68,29462505.0
2013-056,1677995.53,28225585.81,29934183.22
2013-057,2136783.91,28728984.47,30896370.26
2013-058,1702237.19,29370019.64,31102858.71
2013-059,1688672.32,29880690.79,31599964.99
2013-060,2142365.88,30387292.48,32560260.24
2013-061,1706465.28,31030002.25,32767069.41
2013-062,1678567.93,31541941.84,33251111.65
2013-063,2135153.89,32045512.22,34211267.99
2013-064,1691698.65,32686058.39,34408358.92
2013-065,1669302.36,33193567.98,34893472.22
2013-066,2149004.09,33694358.7,35848456.07
2013-067,1737537.96,34339059.93,36081691.17
2013-068,1716415.15,34860321.33,36581829.76
2013-069,2159008.35,35375245.88,37539347.51
2013-070,1733813.3,36022948.39,37761854.97
2013-071,1697435.14,36543092.37,38245620.79
2013-072,2115656.95,37052322.92,39173073.15
2013-073,1665659.98,37687020.01,39357773.27
2013-074,1636896.42,38186718.0,39828707.7
2013-075,2056184.52,38677786.93,40739064.73
2013-076,1663638.45,39294642.28,40963374.01
2013-077,1651976.97,39793733.81,41450804.06
2013-078,2085605.01,40289326.9,42380025.19
2013-079,1647709.72,8160558.47,9811891.47
2013-080,1631645.87,8654871.38,10290140.53
2013-081,2015383.55,8981200.56,11000207.39
2013-082,1634029.13,9585815.63,11223468.04
2013-083,1609983.25,10076024.37,11689630.9
2013-084,2010359.77,10559019.34,12573002.39
2013-085,1629542.91,11162127.27,12795293.46
2013-086,1606339.32,11650990.14,13260952.74
2013-087,1991582.28,12132891.93,14128097.49
2013-088,1610902.98,12730366.62,14344892.88
2013-089,1577705.34,13052547.21,14633875.83
2013-090,1930905.66,13525858.82,15460387.76
2013-091,1545503.15,1765354.07,3314480.5
2013-092,1551288.5,2229005.02,3799837.06
2013-093,1913300.84,2694391.56,4627235.94
2013-094,1544502.34,3268381.81,4832427.69
2013-095,1531803.67,3731732.52,5283079.73
2013-096,1860673.65,4191273.63,6071490.82
2013-097,1528661.45,4749475.72,6297680.71
2013-098,1964156.31,5208074.15,7191774.0
2013-099,970976.94,5797321.04,6787841.52
2013-100,1317815.89,6088614.13,7425973.56
2013-101,1493733.32,6483958.9,7997235.76
2013-102,1806807.45,6932078.89,8758429.88
2013-103,1569207.75,7474121.12,9062872.41
2013-104,1546079.17,7944883.45,9510506.16
2013-105,1917703.22,8254099.28,10191346.04
2013-106,1625939.0,8829410.24,10467318.28
2013-107,1593007.28,9154598.04,10759574.36
2013-108,1974480.03,9632500.23,11618949.3
2013-109,1620073.26,10224844.25,11856886.55
2013-110,1615334.63,10710866.23,12338169.9
2013-111,2015646.19,11195466.63,13223081.86
2013-112,1648439.06,11800160.49,13460568.59
2013-113,1615923.47,12294692.21,13922584.72
2013-114,2032158.04,12779469.25,14823596.33
2013-115,1622065.35,13389116.67,15023151.06
2013-116,1593154.02,13875736.28,15480859.34
2013-117,2024948.14,14194367.08,16231284.26
2013-118,1644769.32,14801851.53,16451048.61
2013-119,1626516.75,15295282.32,16926226.83
2013-120,2053670.63,15783237.35,17841335.74
2013-121,1646549.01,16399338.55,18050315.32
2013-122,1636047.72,16893303.25,18533778.73
2013-123,2084692.38,17384117.56,19473237.7
2013-124,1652035.7,18009525.28,19665988.74
2013-125,1602022.35,5455339.62,7061789.73
2013-126,2054027.34,5935946.33,7994401.43
2013-127,1617737.64,6552154.54,8174319.94
2013-128,1588169.9,7037475.84,8630073.5
2013-129,2035008.7,7513926.81,9553363.27
2013-130,1611904.3,8124429.42,9740761.48
2013-131,1609808.45,8608000.71,10222236.92
2013-132,1937101.94,9090943.25,11034768.91
2013-133,1636726.48,9672073.84,11315524.04
2013-134,1611152.44,10163091.79,11780967.95
2013-135,2065849.93,10646437.53,12719011.18
2013-136,1625886.85,11266192.52,12898803.09
2013-137,1611612.57,11753958.58,13372294.87
2013-138,2069605.42,12237442.35,14313771.49
2013-139,1613551.3,12858323.97,14478598.99
2013-140,1597565.06,13342389.36,14946678.14
2013-141,2023145.75,13661902.37,15691771.84
2013-142,1579954.34,14268846.1,15855524.16
2013-143,1557026.72,14742832.41,16306582.85
2013-144,2013456.09,15209940.42,17230120.23
2013-145,1644797.21,15813977.25,17474192.24
2013-146,1618374.82,16307416.41,17941209.01
2013-147,2051806.05,16792928.85,18860152.68
2013-148,1621791.98,17203290.06,18840499.82
2013-149,1604828.49,17527648.46,19147894.73
2013-150,2053023.24,18009097.01,20077538.03
2013-151,1655490.1,18625003.99,20295911.87
2013-152,1624708.65,19121651.02,20761777.45
2013-153,2062727.28,19609063.62,21687208.68
2013-154,1085590.79,20021609.08,21122617.65
2013-155,1484192.12,20347286.32,21846896.22
2013-156,2202596.05,20792543.95,23010557.78
2013-157,1935788.78,21233063.16,23184269.72
2014-001,1525478.33,21813799.8,23343866.59
2014-002,2063293.08,22271443.31,24339324.85
2014-003,1561810.75,22890431.24,24456830.45
2014-004,1631717.07,23358974.47,24995280.0
2014-005,2081248.02,23848489.59,25934326.07
2014-006,1634822.74,24472863.99,26112275.19
2014-007,1634070.19,24963310.82,26601969.47
2014-008,2065550.74,25290124.86,27360264.06
2014-009,1634824.3,25909790.09,27549202.85
2014-010,1612951.19,26400237.38,28017777.03
2014-011,1976712.92,6402132.26,8383433.64
2014-012,1576523.85,6995146.13,8576258.44
2014-013,1534163.89,7468103.29,9006855.64
2014-014,1997297.3,7928352.46,9931344.0
2014-015,1598662.01,8527541.65,10131897.9
2014-016,1582003.25,9007140.25,10594837.74
2014-017,2016522.26,9481741.23,11503957.73
2014-018,1586142.82,10086697.91,11678534.97
2014-019,1566527.72,10562540.75,12134762.71
2014-020,2010083.28,11032499.06,13048276.58
2014-021,1585433.92,11635524.05,13226652.21
2014-022,1515126.55,1903007.3,3423828.09
2014-023,1951834.79,2357545.27,4315074.3
2014-024,1528321.37,2943095.71,4477111.32
2014-025,1511701.77,3401592.12,4918988.13
2014-026,1957032.51,3855102.65,5828409.96
2014-027,1554732.51,4442212.4,6013219.71
2014-028,1539137.09,4908632.15,6464044.04
2014-029,1962383.55,5370373.28,7349031.63
2014-030,1547554.48,5959088.35,7522917.63
2014-031,1524393.68,6423354.7,7964023.18
2014-032,1955604.15,6880672.81,8852551.76
2014-033,1534814.93,7467354.06,9018443.79
2014-034,1508873.45,7927798.55,9452946.8
2014-035,1931551.16,8380460.59,10328286.55
2014-036,1514772.27,8959925.94,10490973.01
2014-037,1491036.49,9414357.62,10921668.91
2014-038,1916636.24,9861668.57,11794579.61
2014-039,1515277.1,10436659.45,11962420.09
2014-040,1501790.01,10891242.58,12403516.13
2014-041,1921031.16,11341779.58,13273294.28
2014-042,1496946.57,11918088.93,13425519.04
2014-043,1474425.02,12217478.24,13702386.8
2014-044,1888651.57,12659805.74,14558940.85
2014-045,1493461.5,13226401.21,14730346.25
2014-046,1494492.28,13674439.66,15179415.48
2014-047,1944444.2,14122787.35,16077715.09
2014-048,1379430.43,14706120.61,16096034.58
2014-049,1491018.99,14982006.7,16483509.23
2014-050,1753935.81,15429312.4,17193731.75
2014-051,1493251.53,15955493.14,17459228.21
2014-052,2127516.78,16403468.61,18534093.85
2014-053,937687.83,17041723.65,17982519.94
2014-054,1286349.1,17323030.01,18612487.57
2014-055,1444266.54,17708934.74,19156309.74
2014-056,1820971.38,17997788.05,19821867.89
2014-057,1469193.18,18361982.33,19834283.97
2014-058,1448146.94,18802740.29,20253995.69
2014-059,1844743.89,19237184.38,21085036.73
2014-060,1460570.5,19606133.16,21069812.12
2014-061,1433439.73,20044304.31,21480852.5
2014-062,1808834.87,20474336.24,22286279.57
2014-063,1400560.17,5997445.84,7401114.47
2014-064,1393135.1,6417613.89,7813857.45
2014-065,1787397.81,6835554.42,8626060.69
2014-066,1360972.4,7371773.76,8737892.86
2014-067,1421276.21,7780065.48,9206488.39
2014-068,1765142.01,8206448.34,9976737.05
2014-069,1398113.5,8559476.74,9962736.94
2014-070,1376376.38,8978910.79,10360433.87
2014-071,1735383.54,9391823.71,11132353.95
2014-072,1420593.81,9912438.78,11338179.29
2014-073,1393265.72,10338616.92,11737029.34
2014-074,1729119.53,10756596.63,12490862.86
2014-075,1374007.84,11275332.5,12654487.04
2014-076,1369317.89,11687534.86,13061999.45
2014-077,1710917.03,12098330.23,13814393.96
2014-078,1416637.88,12611605.35,14031895.83
2014-079,1390475.69,13036596.72,14430725.01
2014-080,1703603.7,13453739.43,15160995.73
2014-081,1390262.43,13964820.54,15358735.57
2014-082,1374132.23,14381899.28,15759684.11
2014-083,1722499.16,14794138.96,16520290.72
2014-084,1388497.12,15310888.71,16703038.43
2014-085,1354278.23,15727437.84,17085368.67
2014-086,1667417.33,16133721.32,17804791.25
2014-087,1371896.74,16633946.53,18009495.87
2014-088,1347870.26,17045515.56,18397038.42
2014-089,1681895.69,17449876.64,19135424.93
2014-090,1364583.42,17954445.35,19322681.37
2014-091,1348092.53,18363820.37,19715565.5
2014-092,1693414.59,18768248.14,20467072.67
2014-093,1366375.93,19276272.52,20648058.39
2014-094,1340373.82,19686185.31,21031969.07
2014-095,1615587.04,20088297.45,21709294.43
2014-096,1309467.63,20572973.57,21887851.14
2014-097,1328611.86,20965813.87,22299835.67
2014-098,1378246.68,21364397.43,22748054.05
2014-099,1333221.43,21777871.44,23116502.81
2014-100,1299257.73,22177837.88,23482505.55
2014-101,1578667.17,22567615.21,24151692.32
2014-102,1361771.56,23041215.36,24408396.86
2014-103,1333047.15,23449746.83,24788203.92
2014-104,1635794.45,23849660.98,25490865.37
2014-105,1413189.88,24176819.87,25603972.25
2014-106,1395676.88,24600776.84,26010416.22
2014-107,1732917.29,25019479.91,26766359.7
2014-108,1403448.08,25539355.1,26956765.68
2014-109,1396571.14,25960389.53,27370923.17
2014-110,1747231.77,26379360.88,28140555.15
2014-111,1417714.56,26903530.41,28335207.47
2014-112,1401015.09,27328844.78,28743822.37
2014-113,1760228.93,27609047.8,29383239.23
2014-114,1411150.5,28137116.49,29562229.49
2014-115,1392831.06,28560461.64,29967255.2
2014-116,1765951.74,28978310.96,30758225.2
2014-117,1419901.55,29331501.31,30765365.36
2014-118,1422522.49,29757471.78,31183056.95
2014-119,1802224.9,30184228.53,31989516.11
2014-120,1432748.68,30724896.0,32160707.36
2014-121,1415565.0,31154720.61,32573348.29
2014-122,1794876.41,31579390.11,33377329.2
2014-123,1426688.22,32117853.03,33547603.93
2014-124,1425333.31,32545859.49,33974255.48
2014-125,1803392.54,32973459.48,34779914.7
2014-126,1428061.5,33514477.25,34945601.43
2014-127,1399768.63,33942895.7,35345727.01
2014-128,1788822.02,34362826.3,36154711.0
2014-129,1426248.71,34899472.9,36339908.85
2014-130,1404791.9,35327347.51,36735202.09
2014-131,1648101.42,35748785.08,37401082.6
2014-132,1264156.53,36243215.5,37511568.13
2014-133,1399494.74,36622462.47,38026153.31
2014-134,1796786.03,37042310.9,38843293.03
2014-135,1441048.95,37581346.72,39026591.77
2014-136,1425640.64,38013661.41,39443498.15
2014-137,1785063.05,38441353.61,40230612.76
2014-138,1434433.09,38976872.53,40415501.72
2014-139,1414328.07,39407202.46,40825726.63
2014-140,1804336.7,39831500.88,41640033.68
2014-141,1362755.73,11201475.03,12568426.86
2014-142,1349068.73,11610301.76,12963566.59
2014-143,1746111.08,12015022.39,13765329.57
2014-144,1408291.87,12538855.72,13950268.55
2014-145,1384601.82,12961343.28,14349066.06
2014-146,1758622.65,13238263.64,15000007.25
2014-147,1323742.43,13765850.44,15092713.83
2014-148,1383316.38,14162973.18,15549410.52
2014-149,1761255.72,14577968.09,16342344.77
2014-150,1410873.49,15106344.8,16520339.25
2014-151,1404595.62,15529606.85,16937323.43
2014-152,1770176.71,15950985.54,17724283.21
2014-153,1502392.54,16482038.55,17987552.05
2014-154,1085016.85,16932756.32,18020894.13
2014-155,1597655.49,17258261.38,18859037.83
2014-156,1537063.06,17737558.03,19277742.05
2015-001,1906818.03,2420527.48,4347354.93
2015-002,1106729.71,2992572.9,4119312.03
2015-003,1036581.19,3324591.81,4381182.42
2015-004,1173986.85,3635566.16,4829562.43
2015-005,1698352.97,3987762.22,5706124.61
2015-006,1342954.05,676117.87,2039081.34
2015-007,1327190.6,1079004.08,2426204.1
2015-008,1698261.85,1477161.26,3195432.53
2015-009,1347645.74,1986639.82,3354294.98
2015-010,1316045.9,2390933.55,3726988.87
2015-011,1690440.06,2785747.33,4496196.81
2015-012,1338691.48,3292879.35,4651580.25
2015-013,1307897.73,3694486.79,5022393.94
2015-014,1675855.33,4086856.11,5782720.86
2015-015,1346701.58,4589612.71,5949669.01
2015-016,1275985.88,1439168.41,2728509.01
2015-017,1649851.49,1821964.18,3485170.39
2015-018,1318779.97,2316919.63,3649054.32
2015-019,1311351.44,2712553.62,4037259.78
2015-020,1666154.24,3105959.05,4785468.01
2015-021,1320264.99,3439189.89,4772809.6
2015-022,1300414.97,3835269.38,5149039.07
2015-023,1656953.98,4225393.87,5895702.57
2015-024,1308061.44,4722480.06,6043896.22
2015-025,1296540.46,4984092.34,6293987.52
2015-026,1673183.1,5373054.48,7059592.3
2015-027,1334773.49,5875009.4,7217314.97
2015-028,1298258.65,6275441.45,7581232.18
2015-029,1679986.41,6664919.04,8352437.53
2015-030,1325647.9,7168914.97,8502094.95
2015-031,1303943.7,7566609.35,8878085.13
2015-032,1674702.24,7957792.47,9640026.79
2015-033,1319822.18,8460203.14,9787557.4
2015-034,1298238.56,8856149.78,10161920.42
2015-035,1660017.9,9245621.36,10913171.34
2015-036,1282389.7,2704541.86,3994463.64
2015-037,1259156.48,3089258.78,4355947.34
2015-038,1619611.41,3467005.73,5094149.22
2015-039,1273197.24,3952889.16,5233618.48
2015-040,1291289.9,4334848.33,5629488.75
2015-041,1659038.4,4722235.29,6384624.21
2015-042,1194457.23,5219946.81,6417754.56
2015-043,1277256.25,5578283.99,6858890.76
2015-044,1625805.08,5833735.24,7462890.84
2015-045,1283933.61,6321476.77,7608760.9
2015-046,1268765.06,6706656.86,7978772.44
2015-047,1618595.35,7087286.38,8709232.25
2015-048,1272008.46,7572864.99,8848223.97
2015-049,1256896.74,7954467.53,9214714.79
2015-050,1440033.25,8331536.56,9774920.33
2015-051,1122853.85,8763546.54,9889750.91
2015-052,1263383.88,9100402.7,10367137.1
2015-053,1469865.69,9479417.86,10956485.43
2015-054,1277013.19,9920377.57,11204592.64
2015-055,1243900.1,10303481.52,11554583.5
2015-056,1576519.51,10676651.54,12260372.93
2015-057,1260667.13,11149607.39,12417476.4
2015-058,1237693.08,11527807.53,12772702.49
2015-059,1576012.27,11899115.45,13482329.6
2015-060,1253168.09,12214317.91,13474687.88
2015-061,1241937.98,12590268.34,13839408.2
2015-062,1583097.78,12962849.72,14553149.38
2015-063,1252404.62,13437779.04,14697385.54
2015-064,1236632.34,13688259.97,14932094.19
2015-065,1556798.91,14059249.67,15623250.46
2015-066,1218731.79,14526289.34,15749766.79
2015-067,1100510.22,14770035.69,15875291.57
2015-068,1534070.17,15100188.76,16639004.59
2015-069,1236182.78,15560409.81,16801338.25
2015-070,1221223.33,15931264.64,17157233.63
2015-071,1532454.36,16297631.64,17834831.66
2015-072,1239001.39,16604122.52,17847869.57
2015-073,1226815.86,16975822.93,18207384.45
2015-074,1536784.84,17343867.69,18885398.19
2015-075,1237101.12,17804903.14,19046749.92
2015-076,1214823.15,18176033.47,19395602.28
2015-077,1520089.01,18540480.42,20065315.09
2015-078,1228173.03,18996507.13,20229425.82
2015-079,1231767.41,19364959.05,20600033.7
2015-080,1516721.57,19734489.28,21254518.09
2015-081,1220671.21,20189505.75,21413484.2
2015-082,1209353.97,20555707.12,21768368.33
2015-083,1502961.98,20797577.93,22303847.15
2015-084,1226440.11,21248466.51,22478213.86
2015-085,1202405.83,21616398.54,22822111.61
2015-086,1433598.42,6052446.97,7489352.63
2015-087,1176627.72,6482526.5,7662461.46
2015-088,1153888.58,6835514.82,7992710.64
2015-089,1444235.01,7181681.39,8629223.64
2015-090,1187611.48,7614951.9,8805870.62
2015-091,1169889.55,7971235.35,9144432.14
2015-092,1469362.43,8322202.23,9795352.1
2015-093,1210500.99,8763010.97,9977299.4
2015-094,1178959.35,9126161.26,10308908.05
2015-095,1419302.31,9479849.07,10902938.82
2015-096,1181508.23,9905639.76,11090935.43
2015-097,1163025.26,10260092.23,11426904.93
2015-098,1236628.18,10492697.28,11733112.9
2015-099,1016215.45,10863685.73,11883688.62
2015-100,1139153.65,11168550.37,12311491.46
2015-101,1362079.23,11510296.46,12876163.13
2015-102,1191856.03,11918920.24,13114563.71
2015-103,1171155.58,12276477.06,13451420.08
2015-104,1425518.16,12627823.72,14057129.32
2015-105,1236558.71,13055479.18,14304896.93
2015-106,1226135.55,13426446.79,14665441.38
2015-107,1524669.13,13794287.46,15331815.63
2015-108,1249453.31,14251688.2,15514000.55
2015-109,1237871.87,14626524.19,15877255.1
2015-110,1544666.91,14997885.76,16555411.71
2015-111,1256511.8,15461285.83,16730656.67
2015-112,1235230.3,15838239.37,17086328.71
2015-113,1547955.01,16208808.45,17769622.5
2015-114,1253818.26,16673194.96,17939872.26
2015-115,1229147.85,17049340.44,18291347.33
2015-116,1558917.12,17418084.8,18989860.96
2015-117,1251361.37,17885759.93,19149980.34
2015-118,1251673.9,18261168.34,19515377.64
2015-119,1591922.46,18636670.52,20231128.38
2015-120,1273293.73,19114247.26,20390076.39
2015-121,1256559.27,19496235.38,20755330.05
2015-122,1575414.42,19873203.17,21451152.99
2015-123,1274545.22,20345827.51,21622908.13
2015-124,1258809.13,20728191.08,21989535.61
2015-125,1591897.86,21105833.82,22700267.08
2015-126,1263379.38,21583403.18,22849317.96
2015-127,1237928.17,21962416.99,23202880.56
2015-128,1573936.16,22333795.44,23910267.0
2015-129,1262118.19,22805976.3,24070629.89
2015-130,1235665.66,23184611.75,24422812.81
2015-131,1579005.51,23555311.45,25136852.36
2015-132,1284215.47,24029013.1,25317752.79
2015-133,1257266.78,24414277.75,25676068.75
2015-134,1596744.76,24791457.78,26392726.76
2015-135,1278065.28,25270481.22,26553070.72
2015-136,1267754.38,25653900.81,26926179.41
2015-137,1602777.15,26034227.12,27641528.49
2015-138,1274176.04,26515060.27,27793760.53
2015-139,1250360.57,26897313.08,28152197.87
2015-140,1574820.03,27272421.27,28851765.52
2015-141,1255591.37,27744867.29,29004982.88
2015-142,1225877.42,28121544.7,29351946.34
2015-143,1583558.95,28489307.93,30077391.1
2015-144,1297101.06,28964375.63,30264138.73
2015-145,1285501.61,29353505.95,30641669.6
2015-146,1626802.94,29739156.44,31368621.42
2015-147,1283271.84,30227197.33,31513131.21
2015-148,1143661.7,30612178.89,31758502.63
2015-149,1617303.68,30955277.39,32575243.11
2015-150,1309176.59,31440468.5,32752307.13
2015-151,1291924.65,31833221.47,33127808.16
2015-152,1624270.35,32220798.86,33847731.25
2015-153,1349186.54,32708079.98,34059928.56
2015-154,1465581.64,33112835.95,34581079.63
2015-155,1245628.69,33405952.27,34654243.0
2015-156,1192139.8,33779640.88,34974442.72
2015-157,1518615.26,34137282.82,35658560.12
2016-001,1414658.61,34592867.4,36010280.23
2016-002,1421161.0,35017264.99,36441180.21
2016-003,1229249.54,35443613.29,36675617.05
2016-004,1644497.85,35812388.16,37459640.23
2016-005,1335582.17,36305737.51,37644073.9
2016-006,1318819.47,36706412.16,38027985.85
2016-007,1657686.61,37102058.01,38762498.84
2016-008,1324986.64,37433595.34,38761336.2
2016-009,1311520.0,37831091.33,39145365.55
2016-010,1662099.38,38224547.33,39889400.93
2016-011,1331825.12,38723177.14,40057756.48
2016-012,1308161.4,39122724.67,40433640.29
2016-013,1682349.92,39515173.09,41200277.23
2016-014,3771130.8,40019878.06,43795067.34
2016-015,3610057.8,40921178.32,44535294.6
2016-016,4595253.6,41783982.14,46383294.22
2016-017,3647241.6,42882247.76,46533547.84
2016-018,3613881.0,43753938.51,47371877.99
2016-019,4496503.8,44382753.8,48883316.08
2016-020,3634387.2,45457418.21,49095863.89
2016-021,3580390.2,46326036.75,49910485.43
2016-022,4471671.0,47181750.01,51657479.49
2016-023,3619702.2,48250479.38,51874240.06
2016-024,3555604.8,49115588.21,52675251.49
2016-025,4466692.2,49965377.76,54436128.44
2016-026,3743492.4,51032917.2,54778994.64
2016-027,3708543.0,51927611.89,55638739.93
2016-028,4591620.6,52813953.67,57408159.31
2016-029,3767275.8,53911350.99,57681211.83
2016-030,3708806.4,54811729.91,58523121.35
2016-031,4622750.4,55698134.64,60323470.08
2016-032,3762246.0,56802971.99,60567803.03
2016-033,3682884.0,57702148.78,61387617.82
2016-034,4524521.4,58582358.06,63109464.5
2016-035,3701863.8,59663718.67,63368167.51
2016-036,3677076.0,60548464.12,64228125.16
2016-037,4632861.0,61188275.34,65823721.38
2016-038,3346441.2,62295529.12,65644555.36
2016-039,3620416.2,63095328.57,66718329.81
2016-040,4608486.0,63960608.05,68571729.39
2016-041,3796162.2,65062036.2,68860833.74
2016-042,3735027.6,65969318.97,69706981.91
2016-043,4676872.2,66861990.57,71541498.11
2016-044,3782606.4,67979763.03,71765004.77
2016-045,3692961.0,68883805.96,72579402.3
2016-046,4577379.0,69766423.64,74346437.98
2016-047,3748798.2,70860417.23,74611850.77
2016-048,3684180.0,71756380.01,75443195.35
2016-049,4569951.0,72636899.03,77209485.37
2016-050,3533004.0,73729117.32,77264756.66
2016-051,3701919.6,74573505.28,78278060.22
2016-052,4595942.4,75458264.07,80056841.81
2016-053,3874393.8,76556694.31,80433658.95
2016-054,3808491.6,77482674.43,81293736.87
2016-055,4658295.0,78392903.93,83053769.77
2016-056,3858526.8,79506236.44,83367334.08
2016-057,3860376.6,80428424.34,84291371.78
2016-058,4770045.0,81351054.35,86123670.19
2016-059,3948502.8,82491095.11,86442168.75
2016-060,3879632.4,83434787.28,87316990.52
2016-061,4750522.2,84362019.43,89115112.47
2016-062,3956737.8,85497394.24,89456702.88
2016-063,3863335.2,86443054.58,90308960.62
2016-064,4707107.4,87366391.69,92076069.93
2016-065,3954032.4,88491390.36,92447993.6
2016-066,5489592.6,89436404.11,94930723.45
2016-067,2554478.4,90748416.74,93307621.88
2016-068,3347270.4,91358937.08,94710934.22
2016-069,3880781.4,91941362.13,95826870.27
2016-070,4766382.6,92868868.88,97639978.22
2016-071,3999913.2,93698219.45,97702859.39
2016-072,3917750.4,94654198.71,98576675.85
2016-073,4746987.6,95590541.06,100342255.4
2016-074,3981949.2,96725071.1,100711747.04
2016-075,3899832.0,97676756.96,101581315.7
2016-076,4678892.4,98608816.81,103292435.95
2016-077,4178542.2,99422944.09,103606213.03
2016-078,4427394.6,100421615.68,104853737.02
2016-079,5406119.4,101479762.99,106890174.39
2016-080,4447623.0,102771825.53,107223740.53
2016-081,4312337.4,103834807.43,108151436.83
2016-082,5162354.4,104865456.07,110032102.47
2016-083,4377395.4,106099258.78,110480946.18
2016-084,4563115.8,107145456.28,111712864.08
2016-085,5485495.8,107939438.43,113429226.23
2016-086,4575855.0,109250471.93,113830618.93
2016-087,4477805.4,110046670.7,114528768.1
2016-088,5356965.0,111116866.19,116478123.19
2016-089,4618477.2,112397180.83,117019950.03
2016-090,4540636.2,113500996.88,118045925.08
2016-091,5567058.6,114586208.94,120157559.54
2016-092,4927839.0,115916735.95,120848586.77
2016-093,4974882.0,117094489.48,122073383.3
2016-094,5822329.2,118283486.28,124109827.3
2016-095,4980770.4,119675022.96,124659805.18
2016-096,4906965.0,120865427.09,125776403.91
2016-097,5666544.0,122038191.73,127708747.55
2016-098,4480096.8,123024170.39,127508279.01
2016-099,4818028.8,124094913.52,128916954.14
2016-100,5764486.2,125246422.4,131014920.42
2016-101,5188224.0,126624134.61,131816370.43
2016-102,5021845.8,127864120.15,132889977.77
2016-103,5813919.0,128737921.32,134555852.14
2016-104,5152786.8,130127447.97,135284246.59
2016-105,5191980.0,131358964.01,136554529.73
2016-106,6109202.4,132599847.23,138712635.35
2016-107,5252416.8,134059946.61,139315949.13
2016-108,5162715.6,135315274.22,140481575.54
2016-109,6107815.8,136549163.25,142660564.77
2016-110,5237499.6,138008931.23,143250016.55
2016-111,5126247.6,139260693.64,144390526.96
2016-112,6150477.0,140485866.82,146639929.54
2016-113,5197915.2,141955830.83,147157331.75
2016-114,5081694.0,143198132.56,148283412.28
2016-115,6116324.4,144412657.43,150532567.55
2016-116,5131677.6,145874458.97,151009722.29
2016-117,5025675.6,147100929.92,152130191.24
2016-118,6211737.0,148302066.39,154518495.21
2016-119,5273040.6,149786671.54,155064403.96
2016-120,5152471.8,151046928.24,156204091.86
2016-121,6270141.0,152278369.0,158553201.82
2016-122,5221505.4,153776932.7,159003129.92
2016-123,5142371.4,155024872.49,160171935.71
2016-124,6272405.4,156253899.25,162530996.47
2016-125,5224878.0,157753004.14,162982573.96
2016-126,5097746.4,159001749.98,164104188.2
2016-127,6345118.2,159888757.85,166238567.87
2016-128,5212379.4,161405241.11,166622312.33
2016-129,5101759.8,162650999.79,167757451.41
2016-130,4996152.6,39739286.43,44740130.85
2016-131,2822839.8,40933366.9,43760898.52
2016-132,4556608.2,41608025.62,46169643.74
2016-133,5163034.2,42697054.99,47865099.11
2016-134,4270156.8,43931020.17,48206186.89
2016-135,4150597.2,44951587.64,49107194.76
2016-136,5090431.8,45943580.37,51039022.09
2016-137,4210345.2,47160193.57,51375548.69
2016-138,4111309.2,48166466.07,52282785.19
2016-139,5024431.8,49149068.97,54178510.69
2016-140,4103626.8,50349908.17,54458544.89
2016-141,3990793.2,51330674.97,55326478.09
2016-142,4950597.0,52284474.55,57240081.47
2016-143,4060927.2,53467667.24,57533604.36
2016-144,4097410.2,54438228.84,58609279.36
2016-145,5083867.8,55417509.88,60575018.0
2016-146,4162966.8,56632554.29,60869161.41
2016-147,5526100.8,57627503.35,63227244.47
2016-148,2681147.4,58948241.44,61703029.16
2016-149,3467749.8,59589035.67,63130425.79
2016-150,4018578.0,60417827.88,64510046.2
2016-151,5065788.0,61378268.02,66517696.34
2016-152,4123742.4,62588991.35,66786374.07
2016-153,4121680.2,63574565.79,67769886.31
2016-154,5087305.8,64559647.36,69720593.48
2016-155,3899168.4,65775513.45,69748322.17
2016-156,4166351.4,66707414.7,70947406.42
2016-157,5245981.2,67703172.68,73022794.2
2017-001,4209310.2,68956962.19,73169450.89
2017-002,4241776.2,69962987.33,74207942.03
2017-003,4454427.0,70976771.85,75434377.35
2017-004,4064092.8,72041379.91,76108651.21
2017-005,4006767.6,73012698.09,77022644.19
2017-006,4930576.8,73970315.55,78904070.85
2017-007,4061569.2,75148723.4,79213471.1
2017-008,3979267.8,76119438.44,80101884.74
2017-009,4886890.2,77070483.45,81960552.15
2017-010,4105752.0,78238450.21,82347380.71
2017-011,4063698.6,79219724.94,83286602.04
2017-012,5091426.0,80190948.91,85285553.41
2017-013,4166701.8,81407799.72,85577680.02
2017-014,4164122.4,82132805.83,86301843.57
2017-015,5126030.4,83128031.09,88258976.83
2017-016,4213811.4,84353152.36,88571879.1
2017-017,4172541.0,85360253.28,89537709.62
2017-018,5219350.2,86357490.58,91581756.12
2017-019,4255525.2,87604915.28,91865355.82
2017-020,4145154.6,88621985.8,92772055.74
2017-021,5165763.0,89612677.75,94783356.09
2017-022,4197455.4,90847295.11,95049665.85
2017-023,4116246.6,91850486.95,95971648.89
2017-024,5095250.4,92834269.89,97934435.63
2017-025,3939777.6,11112936.5,15057629.44
2017-026,3994143.6,12054543.35,16051985.15
2017-027,4925563.8,13009143.68,17938005.68
2017-028,4026642.0,14186353.43,18216293.63
2017-029,3939367.2,15148720.87,19091386.27
2017-030,4898065.2,16090229.63,20991593.03
2017-031,4004790.6,17260867.21,21268956.01
2017-032,3911019.6,18218012.16,22132329.96
2017-033,4876736.4,19152745.85,24032780.45
2017-034,3954619.2,20318285.85,24276203.25
2017-035,3876769.8,21263439.84,25143507.84
2017-036,4796479.2,22189987.83,26989765.23
2017-037,3861280.8,23336346.36,27200925.36
2017-038,3806251.2,24259192.47,28068741.87
2017-039,4799100.6,25168886.51,30014557.99
2017-040,3954255.0,26315871.55,30316697.43
2017-041,3870519.0,27260938.5,31178028.38
2017-042,4787998.2,28185992.55,33020561.63
2017-043,3938866.8,29330324.13,33315761.81
2017-044,3899513.4,30271713.29,34217797.57
2017-045,6561760.8,31203696.99,37812028.67
2017-046,3611473.8,32771957.82,36430002.5
2017-047,3857728.8,33635100.06,37539399.74
2017-048,4743047.4,34557097.24,39346715.52
2017-049,2798971.8,35690685.57,38536228.25
2017-050,4068173.4,36359639.83,40474384.11
2017-051,4770751.2,37331933.27,42149255.35
2017-052,3721842.0,38472142.81,42196552.41
2017-053,3890550.0,39119743.32,43012860.92
2017-054,4774980.6,40049584.77,44827132.97
2017-055,3937501.2,41190805.13,45130873.93
2017-056,3876307.8,42131867.92,46010743.32
2017-057,4786030.2,43058305.49,47846903.29
2017-058,3870118.2,44202166.71,48074852.51
2017-059,3794005.2,45127124.97,48923697.77
2017-060,4725591.6,46033892.21,50762051.41
2017-061,3822652.2,47163308.61,50988528.41
2017-062,3738924.0,48076922.49,51818414.09
2017-063,4617877.2,48970525.33,53590970.13
2017-064,3794461.8,50074197.98,53871227.38
2017-065,3873782.4,50981074.35,54871709.45
2017-066,4453623.6,51906908.35,56377384.65
2017-067,3916020.6,52971324.4,56904197.7
2017-068,3858093.0,53907253.32,57782199.02
2017-069,4771430.4,54829337.55,59617620.65
2017-070,3948872.4,55969709.42,59935434.52
2017-071,3894871.2,56913489.93,60825213.83
2017-072,4752297.6,57844364.15,62613514.45
2017-073,3958087.8,58980163.28,62955103.78
2017-074,3866485.8,59926146.27,63809484.77
2017-075,4691907.6,60850236.38,65558996.68
2017-076,3940789.2,61971602.3,65929244.2
2017-077,3860778.6,62913450.92,66791082.22
2017-078,4886993.4,63836177.01,68727031.09
2017-079,4063807.8,65004168.43,69071836.91
2017-080,3936171.0,65975418.5,69915450.18
2017-081,4765176.0,66916163.37,71685200.05
2017-082,3988669.2,68055040.43,72047570.31
2017-083,3894236.4,69008332.37,72906429.45
2017-084,4756598.4,69939054.87,74699513.95
2017-085,3976876.8,71075881.89,75056619.37
2017-086,3863136.0,72026355.44,75893352.12
2017-087,4667738.4,72949644.94,77621244.02
2017-088,3921089.4,74065234.42,77990184.5
2017-089,3858698.4,75002374.79,78864933.87
2017-090,4677438.0,75924603.71,80605902.39
2017-091,3982189.2,77042511.39,81026874.07
2017-092,3636879.6,15968529.88,19607582.96
2017-093,4373406.6,16837744.11,21213324.19
2017-094,3705811.8,17882988.29,21590973.57
2017-095,3620649.6,18768677.31,22391500.39
2017-096,4332048.0,19634012.57,23968234.05
2017-097,2660762.4,20669372.04,23332307.92
2017-098,3677297.4,21305294.26,24984765.14
2017-099,4127135.4,22184168.34,26313477.22
2017-100,3667240.2,23170553.7,26839967.38
2017-101,3597713.4,24047024.11,27646910.99
2017-102,4298202.0,24906877.61,29207253.09
2017-103,3762883.2,25934147.89,29699204.57
2017-104,3713084.4,26833476.98,30548734.86
2017-105,4626711.6,27720904.16,32349808.24
2017-106,3893521.2,28826688.24,32722401.92
2017-107,3798783.0,29757239.81,33558215.29
2017-108,4657092.6,30418228.05,35077513.13
2017-109,3882511.8,31531273.18,35415977.46
2017-110,3816343.8,32459193.5,36277729.78
2017-111,4710772.2,33371299.67,38084264.35
2017-112,3903471.0,34497174.23,38402837.71
2017-113,3820546.8,35430103.8,39252843.08
2017-114,4719630.6,36343214.48,41065037.56
2017-115,3892267.2,37471206.19,41365665.87
2017-116,3808944.0,38401458.05,42212594.53
2017-117,4761580.8,39311795.67,44075568.95
2017-118,3972924.0,40449813.48,44462152.28
2017-119,3881860.2,41399342.32,45320617.32
2017-120,4801405.8,42327106.91,47167927.51
2017-121,3938877.6,43474642.9,47452935.3
2017-122,3871402.2,44160007.6,48070824.6
2017-123,4792133.4,45085272.73,49916820.93
2017-124,3918568.2,46230592.61,50188575.61
2017-125,3830781.6,47167130.42,51037326.82
2017-126,4764811.8,48082687.23,52886913.83
2017-127,3859528.2,49221477.25,53120420.25
2017-128,3794313.6,50143904.5,53977632.9
2017-129,4732499.4,51050745.46,55822659.66
2017-130,4015198.8,52181812.82,56236426.42
2017-131,3735591.0,53141445.33,56883281.61
2017-132,4860710.4,54034251.58,58901207.26
2017-133,3949783.8,54880015.19,58836044.27
2017-134,3919495.2,55824013.52,59749754.0
2017-135,4935289.2,56760772.87,61702307.35
2017-136,3965614.2,57940306.99,61912166.47
2017-137,3953195.4,58630323.86,62589764.54
2017-138,4988529.6,59575137.56,64569912.44
2017-139,3997551.6,60767396.14,64771193.02
2017-140,3898933.2,61722810.98,65627989.46
2017-141,4867062.6,62654656.02,67527963.9
2017-142,3962631.0,63817883.98,67786760.26
2017-143,3897110.4,64764952.79,68668308.47
2017-144,5031030.0,65696362.18,70733646.94
2017-145,4115137.2,66898778.35,71020170.31
2017-146,4093386.6,67882296.14,71981937.5
2017-147,4712982.0,68860615.54,73579852.3
2017-148,4109230.2,69987018.24,74102503.2
2017-149,4065888.6,70969124.26,75041267.62
2017-150,5046660.6,71940871.64,76993787.0
2017-151,2082099.6,73147023.52,75235377.88
2017-152,3354527.4,73644645.33,77005427.49
2017-153,4115350.8,74228333.1,78349938.66
2017-154,6896779.8,74944404.14,81847438.7
2017-155,4788048.0,76592734.52,81387037.28
2017-156,5491962.0,77737077.99,83235294.75
2018-001,4082317.8,79049656.91,83137688.95
2018-002,4312936.2,80025330.87,84343981.31
2018-003,4837307.4,80775781.77,85618803.41
2018-004,3680755.2,81931898.24,85618367.68
2018-005,4166648.4,82811598.73,86983961.37
2018-006,5214998.4,83807427.7,89028140.34
2018-007,4282249.2,84714837.42,89002800.86
2018-008,4196484.6,85738294.98,89940493.82
2018-009,5245839.0,86741254.8,91992808.04
2018-010,4267791.0,87995010.33,92268515.57
2018-011,4182921.6,89015012.38,93203648.22
2018-012,5249019.0,90014730.65,95269463.89
2018-013,4297371.0,91269246.2,95572331.44
2018-014,4305939.0,92296317.87,96627299.83
2018-015,5360517.0,93325437.3,98710997.26
2018-016,4446702.0,94606600.87,99078345.83
2018-017,4446353.4,95380327.02,99851723.38
2018-018,5559472.8,96443005.48,102027521.24
2018-019,4479975.6,97771719.48,102276738.04
2018-020,4390588.2,98842433.65,103258064.81
2018-021,5613717.0,99891784.24,105530544.2
2018-022,4571052.6,101233462.61,105829558.17
2018-023,4441559.4,102325944.18,106792546.54
2018-024,5597446.2,103387476.88,109009966.04
2018-025,4473346.8,104725266.53,109223656.29
2018-026,4494575.4,105794396.41,110298645.23
2018-027,5777595.6,106868599.93,112655868.95
2018-028,4662167.4,108249445.28,112921286.1
2018-029,4596944.4,109363703.29,113970321.11
2018-030,5897385.0,110462373.01,116369431.43
2018-031,4765305.6,111871848.03,116646827.05
2018-032,4675572.6,112701011.2,117386257.22
2018-033,5971083.6,113818473.05,119799230.07
2018-034,4745610.0,115245562.04,120000845.46
2018-035,4757578.8,116379762.83,121147015.05
2018-036,5965629.6,117516824.16,123492127.18
2018-037,4763854.2,118554843.71,123328371.33
2018-038,4758905.4,119693404.87,124461983.69
2018-039,7511913.6,120830783.26,128352370.28
2018-040,4576390.8,122137856.23,126722683.87
2018-041,4846782.0,123231613.63,128086832.47
2018-042,6061217.4,124074953.7,130144607.94
2018-043,4920183.6,125523584.66,130452205.1
2018-044,4871365.2,126699508.55,131579310.59
2018-045,6118504.8,127863764.83,133990706.47
2018-046,4995141.6,129326087.48,134329665.92
2018-047,3987301.2,23138333.3,27134071.34
2018-048,4961858.4,24091298.29,29061593.53
2018-049,4083162.0,25277182.45,29368781.29
2018-050,3736806.0,25987652.64,29732895.48
2018-051,4896000.0,26880749.27,31785186.11
2018-052,2910765.6,27732653.27,30651855.71
2018-053,4263009.0,28428326.25,32707817.81
2018-054,5043412.8,29447185.41,34507080.77
2018-055,4051923.0,30652561.07,34720966.63
2018-056,3963729.0,31620970.67,35601182.23
2018-057,4929294.0,32568301.91,37514078.47
2018-058,4011163.2,33746403.18,37774048.94
2018-059,3940327.8,34705071.19,38661881.55
2018-060,4843672.2,35646809.54,40506964.3
2018-061,3939847.8,36804447.2,40760777.56
2018-062,3861736.8,37746070.83,41624290.19
2018-063,4725468.6,38669025.92,43410977.08
2018-064,3850181.4,39798412.92,43665076.88
2018-065,3790892.4,40718606.27,44525981.23
2018-066,5242271.4,41624629.56,46995887.32
2018-067,3385003.2,42877532.42,46391521.98
2018-068,3840794.4,43686548.19,47656328.95
2018-069,4761618.6,44604498.06,49495103.02
2018-070,3891492.6,45742524.91,49763003.87
2018-071,3817018.8,46672591.64,50618596.8
2018-072,4660177.8,47584859.13,52374023.29
2018-073,3829157.4,48698641.63,52656785.39
2018-074,3756042.0,49613810.25,53498838.61
2018-075,4623709.8,50511504.29,55264200.45
2018-076,3719940.0,5735719.26,9584645.62
2018-077,3653373.6,6624784.92,10407144.88
2018-078,4443409.2,7497941.22,12070336.78
2018-079,3787261.8,8559916.02,12362452.36
2018-080,3690730.2,9465071.59,13171076.33
2018-081,4496694.6,10347156.11,14859125.25
2018-082,3743074.2,11421866.12,15180214.86
2018-083,3669485.4,12316460.86,16001220.8
2018-084,4465962.0,13193467.87,17674704.41
2018-085,3744103.8,14260832.79,18020211.13
2018-086,3624348.0,15155673.6,18795296.14
2018-087,4446933.0,16021892.77,20484100.31
2018-088,3688613.4,17084709.76,20788597.7
2018-089,3593708.4,17966288.36,21575271.3
2018-090,4395066.0,18825184.67,23235525.21
2018-091,3637596.6,19875605.44,23528476.58
2018-092,3646354.8,20744991.03,24447154.99
2018-093,4399417.8,21616469.83,26071696.79
2018-094,3632757.0,22667930.69,26356496.85
2018-095,3567549.6,23536159.62,27159518.38
2018-096,4234814.4,24388803.98,28679427.54
2018-097,3626554.2,25400924.63,29083287.99
2018-098,3183615.6,26267671.09,29507095.85
2018-099,4062999.6,26821620.2,30940428.96
2018-100,3585043.8,27792677.11,31433530.07
2018-101,3512493.6,28649502.58,32217805.34
2018-102,4225105.2,29488988.56,33769902.92
2018-103,3691596.6,30498788.7,34246194.46
2018-104,3605629.2,31381080.29,35042518.65
2018-105,4476451.2,32242825.67,36728303.15
2018-106,3836142.6,33312697.51,37157866.39
2018-107,3741972.6,34229535.59,37980534.47
2018-108,4587645.0,35123867.04,39720538.32
2018-109,3811368.6,36220314.2,40040709.08
2018-110,3759558.0,37131231.3,40899815.58
2018-111,4607926.2,38029765.66,42646718.14
2018-112,3808276.2,39131060.03,42948362.51
2018-113,3719914.8,40041238.05,43770179.13
2018-114,4648410.6,40930297.69,45587734.57
2018-115,3820515.0,42041267.82,45870809.1
2018-116,3736630.8,42954370.91,46700027.99
2018-117,4646682.0,43847425.67,48503133.95
2018-118,3906591.6,44957982.67,48870354.41
2018-119,3828529.2,45891658.07,49725967.41
2018-120,4722738.0,46806676.55,51535194.69
2018-121,3885604.8,47935410.93,51826795.87
2018-122,3817300.8,48864070.48,52687151.42
2018-123,4783954.2,49776405.37,54566139.71
2018-124,3924910.2,50919770.43,54850460.77
2018-125,3866769.6,51857823.97,55730373.71
2018-126,4798074.0,52781981.91,57585836.05
2018-127,3909819.0,53616846.79,57532445.93
2018-128,3833121.0,54551293.54,58390194.68
2018-129,4823406.6,55467409.46,60296596.2
2018-130,3893164.2,56620203.64,60519147.98
2018-131,5422224.0,57550669.89,62978120.87
2018-132,2525908.2,58846581.43,61377716.61
2018-133,3315292.2,59450273.5,62770792.68
2018-134,3828328.8,60242628.34,64076184.12
2018-135,4847445.6,61157598.92,66010271.5
2018-136,3969343.8,62316138.42,66290709.2
2018-137,3894839.4,63264811.59,67164877.97
2018-138,4887623.4,64195678.21,69088528.59
2018-139,3911148.6,65363820.2,69280195.78
2018-140,3882718.8,66298584.72,70186530.5
2018-141,4835374.2,67226554.51,72067155.69
2018-142,3915031.2,68382208.95,72302467.13
2018-143,3841645.2,69317901.41,73164773.59
2018-144,4957502.4,70236054.61,75201111.71
2018-145,4135882.2,71420897.69,75564334.59
2018-146,4097739.6,72409373.54,76514667.84
2018-147,4736643.0,73388733.31,78132931.01
2018-148,3580267.2,74520790.99,78108612.89
2018-149,4021942.8,75143757.48,79173254.98
2018-150,5009580.6,76105001.81,81122137.11
2018-151,4163950.2,77302291.57,81473796.47
2018-152,4124607.6,78297475.67,82429637.97
2018-153,6775579.2,79283256.89,86066390.79
2018-154,3802029.0,80902620.32,84712204.02
2018-155,4076250.0,81811305.26,85895109.96
2018-156,5288011.2,82785529.01,88081094.91
2019-001,5224520.4,84049363.69,89277694.05
2019-002,5260881.6,85298024.07,90562715.63
2019-003,2479548.0,86555374.78,89038732.74
2019-004,3491254.8,87147986.75,90643051.51
2019-005,4144240.2,87982396.65,92130446.81
2019-006,5215023.6,88972870.06,94191703.62
2019-007,4288206.0,90219260.71,94511276.67
2019-008,4199487.6,91244141.94,95447439.5
2019-009,5233768.2,92247819.48,97485397.64
2019-010,4247856.0,93498690.09,97750356.05
2019-011,4146278.4,94513927.67,98664016.03
2019-012,5209459.8,95504888.21,100718157.97
2019-013,4255105.2,96749949.11,101008864.27
2019-014,4178652.0,97766919.25,101949381.21
2019-015,5282010.0,98765617.08,104063168.72
2019-016,4530830.4,100028017.47,104574389.51
2019-017,4443983.4,101110885.94,105570410.98
2019-018,5565727.2,102172997.97,107754266.81
2019-019,4551481.8,103503206.77,108070230.21
2019-020,4475323.8,104591010.92,109081876.36
2019-021,5569417.2,105369717.26,110954676.1
2019-022,4509754.2,106700807.97,111226103.81
2019-023,4434738.6,107778639.23,112228919.47
2019-024,5532016.8,108838541.76,114386100.2
2019-025,4587268.2,110160693.77,114763503.61
2019-026,4565472.0,111257050.88,115838064.52
2019-027,5916766.8,112348198.69,118272254.49
2019-028,4744703.4,113762305.95,118514298.35
2019-029,4769425.8,114896290.06,119673004.86
2019-030,5808886.2,116036182.83,121852358.03
2019-031,4740886.2,117424506.64,122172681.84
2019-032,4663806.0,118557578.45,123228673.45
2019-033,5819241.0,119672228.08,125498758.08
2019-034,4800538.8,121063026.68,125870854.48
2019-035,4662248.4,122210355.45,126879892.85
2019-036,5794074.0,123324632.82,129125995.82
2019-037,4721411.4,124709416.51,129438116.91
2019-038,4670855.4,125837833.83,130515978.23
2019-039,5884165.2,126954168.27,132845622.47
2019-040,4865002.2,128360483.75,133234911.23
2019-041,4763275.8,129523219.28,134295920.36
2019-042,5963109.0,130661642.2,136634176.48
2019-043,4946173.8,132086825.26,137042424.34
2019-044,4839686.4,133268960.8,138118072.48
2019-045,6029456.4,134425645.85,140464527.53
2019-046,4934382.6,135866685.93,140810493.81
2019-047,4822610.4,137046003.37,141878039.05
2019-048,7419870.6,138198607.26,145627903.14
2019-049,4547744.4,139971956.33,144529126.01
2019-050,6606622.8,141058867.25,147674915.33
2019-051,3294029.4,142637850.1,145941304.78
2019-052,4210653.0,143425123.13,147645201.41
2019-053,4575150.6,144431469.2,149012997.1
2019-054,6103267.2,145524930.19,151634574.69
2019-055,4999048.2,146983611.05,151989036.55
2019-056,4906679.4,148178383.58,153091440.28
2019-057,6061002.6,149351079.96,155418459.86
2019-058,5027509.2,150799659.58,155833546.08
2019-059,4915095.6,152001234.28,156922707.18
2019-060,6094041.0,153175942.13,159276360.43
2019-061,5001735.0,154632417.93,159640530.23
2019-062,4891201.2,155827832.6,160725411.1
2019-063,6048356.4,156996829.69,163051563.39
2019-064,4969287.6,158442386.87,163418051.77
2019-065,4880446.2,159630046.61,164516870.11
2019-066,6087400.2,160796473.26,166899248.0
2019-067,5059353.0,162251361.91,167326089.45
2019-068,4940274.6,163460547.28,168416196.42
2019-069,6000904.2,164641272.91,170657551.65
2019-070,4983636.6,166075489.02,171074500.16
2019-071,5695720.2,167266578.17,172977672.91
2019-072,6771477.0,168627855.3,175414706.84
2019-073,5542843.8,170246238.31,175804456.65
2019-074,5366814.6,171570977.98,176953167.12
2019-075,6557099.4,172853646.67,179426120.61
2019-076,5390647.2,174420793.43,179826815.17
2019-077,5244684.6,175709158.11,180969217.25
2019-078,6915511.2,176962637.73,183893523.47
2019-079,5965314.0,178615444.91,184588204.79
2019-080,5943526.8,180041154.96,185992127.64
2019-081,7323997.8,181461657.86,188793101.54
2019-082,6121571.4,183212093.34,189341110.62
2019-083,6008335.8,184675148.9,190690930.58
2019-084,7263036.0,186111141.16,193381623.04
2019-085,6163501.8,187847006.76,194017954.44
2019-086,6033025.2,189320083.69,195360554.77
2019-087,7206718.8,190761976.71,197976141.39
2019-088,6080196.6,192484382.5,198572024.98
2019-089,6542681.4,193937549.49,200487676.77
2019-090,7766018.4,195075976.05,202849440.33
2019-091,6709277.4,196932054.45,203648777.73
2019-092,7474627.8,198099468.72,205581347.64
2019-093,9045203.4,199885904.77,208938359.29
2019-094,7819829.4,202047708.38,209874788.9
2019-095,7711254.0,203916647.61,211635152.73
2019-096,8759582.4,205759637.32,214526470.84
2019-097,7513011.6,207853177.52,215373440.24
2019-098,6136009.8,49019769.0,55163029.92
2019-099,3267579.0,50486275.35,53761105.47
2019-100,3978427.8,51267226.74,55252905.66
2019-101,4675757.4,52218070.99,56901079.51
2019-102,5506494.0,53335577.01,58849322.13
2019-103,4807824.6,54651629.08,59466704.8
2019-104,4669503.0,55800699.16,60477453.28
2019-105,5601024.0,56916710.38,62524985.5
2019-106,4866598.8,58255355.12,63135274.84
2019-107,4714023.6,59418472.23,64145816.75
2019-108,5722903.8,60545123.88,66281348.6
2019-109,4788848.4,61912897.89,66715067.21
2019-110,4695213.0,63057432.66,67765966.58
2019-111,5708805.0,64179588.57,69901714.49
2019-112,4744780.8,65543992.97,70302094.69
2019-113,4410874.8,4889676.43,9313872.15
2019-114,5454039.0,5657168.65,11124528.57
2019-115,4493118.6,6606171.44,11112610.96
2019-116,4363140.0,7680026.79,12056487.71
2019-117,5405908.8,8722817.25,14142046.97
2019-118,4535283.0,10014829.45,14614060.49
2019-119,4401349.2,11098762.09,15564059.33
2019-120,5631255.0,12150684.55,17845887.59
2019-121,4457870.4,13496554.5,18018372.94
2019-122,4390647.6,14561985.53,19016581.17
2019-123,5577492.6,15611350.31,21252790.95
2019-124,4435368.0,16944371.04,21443687.08
2019-125,4382055.6,18004423.99,22450427.63
2019-126,5498532.0,19051735.28,24614215.32
2019-127,4381110.0,20365884.43,24810942.47
2019-128,4261669.8,21412969.72,25738587.56
2019-129,5445145.8,22431508.81,27940602.65
2019-130,4399200.6,23732898.66,28196047.3
2019-131,4376629.2,24784307.6,29224884.84
2019-132,5078116.2,25830321.98,31109995.68
2019-133,4450687.2,27043991.76,31696236.46
2019-134,4324269.6,27818411.33,32344238.43
2019-135,5361145.8,28851911.77,34414615.07
2019-136,4330718.4,30133225.62,34665501.52
2019-137,4299603.0,31168267.32,35669427.82
2019-138,5355599.4,32195872.44,37753029.34
2019-139,4302112.8,33475860.7,37979531.0
2019-140,4268208.0,34504065.66,38973831.16
2019-141,5249113.2,35524167.37,40974838.07
2019-142,4308743.4,36778705.43,41289006.33
2019-143,4219092.0,37808495.1,42229144.6
2019-144,5325054.6,38816858.09,44343470.19
2019-145,4488452.4,39743417.59,44242688.97
2019-146,4392585.6,40524408.31,44927812.89
2019-147,5434647.6,41574236.27,47019702.85
2019-148,4455001.8,42873117.05,47338937.83
2019-149,4347758.4,43937862.48,48296439.86
2019-150,5413433.4,44694372.44,50118624.82
2019-151,4492233.0,45988183.02,50491235.0
2019-152,4379899.8,47061826.71,51452545.49
2019-153,6377662.2,48108622.77,54497103.95
2019-154,3137133.0,49632884.04,52780836.02
2019-155,3851940.0,50382658.83,54245417.81
2019-156,5814114.6,51303272.49,57128206.07
2019-157,5320161.0,52692845.88,58023825.86
2020-001,4131122.4,53964364.36,58103536.78
2020-002,5530548.6,54951702.62,60490301.24
2020-003,4266398.4,56273503.74,60547952.16
2020-004,4373987.4,57293172.96,61675210.38
2020-005,5465334.0,58338555.95,63811939.97
2020-006,4474449.6,59644770.78,64127270.4
2020-007,4391806.8,60714164.24,65114021.06
2020-008,5449110.0,61763806.06,67220966.08
2020-009,4428681.0,63066143.35,67502874.37
2020-010,4332114.6,64124598.11,68464762.73
2020-011,5403706.8,65159973.5,70571730.32
2020-012,4406969.4,66451459.42,70866478.84
2020-013,4111393.8,13752132.16,17871575.98
2020-014,5293480.8,14734755.28,20042268.44
2020-015,4362742.2,15999897.19,20376671.75
2020-016,4226176.8,17042592.58,21282801.74
2020-017,5329180.2,18052648.83,23395861.39
2020-018,4327561.8,19326322.9,23667917.06
2020-019,4252458.6,20360610.17,24627101.13
2020-020,5304282.0,21100537.97,26418852.33
2020-021,4297732.2,22368261.37,26680025.93
2020-022,4213824.6,23395419.37,27623276.33
2020-023,5202703.8,24402523.45,29619259.61
2020-024,4109624.4,25645969.66,29769626.42
2020-025,4070436.0,26628169.9,30712638.26
2020-026,5173275.0,27601004.1,32788311.46
2020-027,4258434.0,28837416.83,33103094.43
2020-028,4164061.8,29578384.35,33749689.75
2020-029,5156262.0,30573595.12,35737100.72
2020-030,3720825.6,31470784.71,35198853.91
2020-031,3054135.6,32360062.03,35421441.23
2020-032,3383103.6,33090000.44,36480347.64
2020-033,2816094.0,33898562.21,36721899.81
2020-034,2632228.8,34571608.68,37211081.08
2020-035,2878858.2,35200711.36,38086813.16
2020-036,2306598.6,35888758.48,38270596.06
2020-037,2433820.2,36440035.55,38949094.73
2020-038,3072861.6,37021718.58,40169819.16
2020-039,2829133.2,37756132.51,40660504.69
2020-040,2849290.8,38432295.35,41356825.13
2020-041,3519103.2,39113275.85,42707618.03
2020-042,3157980.0,39954341.52,43187560.5
2020-043,3168642.6,40709098.74,43952980.32
2020-044,3979377.6,41466404.32,45521020.9
2020-045,3370944.0,42417475.57,45863658.55
2020-046,3373877.4,43223131.19,46672247.57
2020-047,4227772.8,44029487.89,48332499.67
2020-048,2534022.0,45039925.59,47577571.83
2020-049,3709551.0,45645556.85,49358732.09
2020-050,4399218.0,46532139.54,50934981.78
2020-051,3678865.8,47583552.64,51266042.68
2020-052,3630699.0,48462801.57,52097124.81
2020-053,4473157.2,49330538.64,53807320.08
2020-054,3723892.2,50399623.21,54127139.65
2020-055,3623491.2,51289633.45,54916748.89
2020-056,4433466.0,52155647.85,56592738.09
2020-057,3642234.0,53215246.22,56861104.46
2020-058,3588703.8,54085740.15,57678068.19
2020-059,4426396.8,54943440.36,59373461.4
2020-060,3665756.4,56001349.19,59670729.83
2020-061,3648015.0,56877464.97,60531204.35
2020-062,4499778.6,57749340.56,62254843.54
2020-063,3721654.2,58824787.65,62552166.23
2020-064,3475530.6,11015918.87,14497173.85
2020-065,4342722.6,11846570.68,16195017.66
2020-066,3678042.0,12602204.41,16285970.79
2020-067,3613776.0,13481256.45,17100756.83
2020-068,4477979.4,14344948.91,18828652.69
2020-069,3670498.8,15415185.99,19091409.17
2020-070,3588429.0,16292435.2,19886588.58
2020-071,4418402.4,17150069.74,21574196.52
2020-072,3693311.4,18206067.92,21905103.7
2020-073,3574288.2,19088769.34,22668781.92
2020-074,4397525.4,19943024.23,24401320.53
2020-075,3775308.0,20994032.8,24830111.7
2020-076,3719100.0,21896331.41,25676202.31
2020-077,4484497.8,22785196.31,27330465.01
2020-078,3707329.2,23856991.29,27625091.39
2020-079,3696288.6,24743042.97,28500102.47
2020-080,3890646.0,25626455.95,29577872.85
2020-081,3110725.8,26556320.34,29727817.04
2020-082,3567609.6,27299783.81,30928164.31
2020-083,4231072.8,28152442.51,32444286.21
2020-084,3770042.4,29163668.91,32994482.21
2020-085,3728833.8,30064709.05,33854313.75
2020-086,4511134.2,30955900.33,35527805.43
2020-087,3930366.6,32034061.41,35971231.49
2020-088,3860549.4,32973419.03,36840771.91
2020-089,4682050.2,33896090.34,38584944.02
2020-090,3922489.2,35015100.34,38944393.02
2020-091,3822536.4,35952575.26,39781915.14
2020-092,4697392.8,36866161.46,41570357.74
2020-093,3891198.6,37988838.34,41886840.42
2020-094,3838566.0,38918834.81,42764204.29
2020-095,4722957.0,39836252.08,44566012.56
2020-096,3889147.2,40965038.81,44860989.49
2020-097,3825610.2,41894544.99,45726958.67
2020-098,4787279.4,42808865.83,47602948.71
2020-099,3951836.4,43953025.61,47911665.49
2020-100,3931868.4,44897514.51,48835039.77
2020-101,4855866.6,45837231.06,50698754.52
2020-102,3996992.4,46997783.18,51000432.44
2020-103,3895155.0,47953064.37,51853876.23
2020-104,4873911.0,48884006.42,53763574.28
2020-105,3972564.0,50048871.15,54027092.01
2020-106,3841755.0,50998313.95,54845725.81
2020-107,4834644.6,51916493.4,56756794.86
2020-108,3924158.4,53071973.46,57001788.72
2020-109,3843029.4,54009847.32,57858533.58
2020-110,4779807.0,54928331.35,59713795.21
2020-111,3919764.0,56070705.23,59996126.09
2020-112,3866989.8,56752744.17,60625390.83
2020-113,4833124.8,57676954.74,62515736.4
2020-114,3980863.8,58832071.57,62820110.21
2020-115,3887233.2,59783498.02,63677906.06
2020-116,4568211.0,60712546.76,65287932.6
2020-117,3850438.2,61804349.19,65661962.23
2020-118,3802396.2,62724603.93,66534174.97
2020-119,4748961.0,63633376.63,68389512.47
2020-120,3857525.4,64768378.31,68633078.55
2020-121,3836489.4,65690326.88,69533991.12
2020-122,4718331.6,66607247.85,71332754.29
2020-123,3919573.8,67734929.11,71661677.75
2020-124,3939799.8,68671707.25,72618681.89
2020-125,4902874.8,69613319.41,74523369.05
2020-126,4126504.8,70466419.63,74598488.73
2020-127,4040658.0,71452654.28,75498876.58
2020-128,4973262.6,72418371.54,77397198.44
2020-129,3025882.2,73606981.3,76638427.8
2020-130,4384194.6,74330167.15,78719926.05
2020-131,5159399.4,75377989.66,80542953.36
2020-132,4296898.2,76275725.16,80578187.66
2020-133,4246958.4,77302683.84,81555206.54
2020-134,6847875.0,78317706.9,85171146.2
2020-135,4606222.8,79954349.03,84566136.13
2020-136,4767376.2,81055236.28,85828176.78
2020-137,3849337.2,82194639.2,86049540.7
2020-138,3880147.2,83114630.79,87000342.29
2020-139,5122131.6,84041985.97,89169681.87
2021-001,4431299.4,85266175.43,89704296.95
2021-002,4742343.0,86325255.99,91074421.11
2021-003,4146552.0,87458675.97,91612050.09
2021-004,5332997.4,88449701.9,93789521.42
2021-005,4505712.0,89724288.28,94236822.4
2021-006,4439538.6,90508282.17,94954642.89
2021-007,5442546.6,91569331.9,97018700.62
2021-008,4491076.8,92870100.54,97367999.46
2021-009,4414101.6,93943467.89,98364391.61
2021-010,5455716.0,94998438.18,100460976.3
2021-011,4567659.6,96302354.3,100876836.02
2021-012,4509127.8,97394024.95,101909974.87
2021-013,5605596.0,98471706.5,104084124.62
2021-014,4786089.6,99811443.94,104612815.22
2021-015,4664548.8,100955319.36,105635149.84
2021-016,5739889.2,102070146.52,107825317.4
2021-017,4767465.0,103441980.04,108224726.72
2021-018,4729090.2,104581404.18,109325776.06
2021-019,5702529.6,105711656.74,111429468.02
2021-020,4732476.0,107074561.32,111822319.0
2021-021,4660873.2,108205623.08,112881777.96
2021-022,5754571.8,109319571.78,115089425.26
2021-023,4754970.6,110694914.44,115465166.72
2021-024,4641970.2,111831352.41,116488604.29
2021-025,5808376.8,112940783.29,118764441.77
2021-026,4829758.8,114328985.34,119166797.54
2021-027,4710332.4,115483297.69,120201683.49
2021-028,5808097.8,116609067.14,122425218.34
2021-029,4731351.0,117997202.52,122736606.92
2021-030,4702618.8,119127995.41,123838667.61
2021-031,5814390.0,119946251.08,125768694.48
2021-032,4705252.2,121335890.29,126049195.89
2021-033,4655194.8,122460445.57,127123693.77
2021-034,5746921.2,123270449.47,129025424.07
2021-035,4757829.0,124643963.64,129409846.04
2021-036,4666765.2,125781084.78,130455903.38
2021-037,5843927.4,126593101.92,132445082.72
2021-038,4768386.0,127989800.57,132766239.97
2021-039,4786561.2,129129444.82,133922723.24
2021-040,6002290.8,130273432.95,136282440.97
2021-041,4438756.8,131707980.45,136153454.47
2021-042,4811166.0,132768843.32,137586726.54
2021-043,5959145.4,133918711.99,139884574.61
2021-044,4923906.6,135342947.74,140273571.56
2021-045,4814167.8,136519761.42,141340646.44
2021-046,5957295.6,137670347.53,143634360.35
2021-047,4883712.0,139094141.18,143984570.4
2021-048,4854928.8,140261348.35,145122994.37
2021-049,5959624.8,141421676.33,147388018.35
2021-050,5016471.0,142846026.66,147869214.88
2021-051,4879030.8,144044963.23,148930711.25
2021-052,5620321.2,145211051.59,150843054.03
2021-053,4293672.6,146554308.36,150859662.2
2021-054,4855971.0,147580496.11,152448148.35
2021-055,5883844.2,148741073.18,154636598.62
2021-056,4931241.0,149764862.07,154707784.31
2021-057,4885954.8,150622898.0,155520534.04
2021-058,5994634.8,151473054.14,157479370.18
2021-059,4963406.4,152905771.86,157880859.5
2021-060,4877815.2,154092025.99,158981522.43
2021-061,5955905.4,155257823.82,161225410.46
2021-062,4270123.2,30409005.49,34690809.93
2021-063,4228491.6,31429564.94,35669737.78
2021-064,5197789.8,32440174.44,37649645.48
2021-065,4398066.6,33682446.21,38088007.47
2021-066,4042034.4,34733584.13,38783113.19
2021-067,5171296.2,35699630.36,40878421.22
2021-068,4289665.8,36935570.16,41232730.62
2021-069,4184461.8,37960800.29,42152756.75
2021-070,5068521.6,38960886.66,44036902.92
2021-071,4185309.0,40172263.33,44365066.99
2021-072,4072044.6,41172552.19,45252091.45
2021-073,4941532.8,42145770.85,47094798.31
2021-074,4058803.8,43326797.19,47393095.65
2021-075,3957420.0,44296851.3,48261765.96
2021-076,5965340.4,45242674.68,51215509.74
2021-077,4040689.8,46668391.04,50716575.5
2021-078,4058463.6,47634115.91,51832977.03
2021-079,4907919.6,48604088.72,53652405.84
2021-080,4149743.4,49777081.51,54067222.43
2021-081,3992515.8,50768870.18,54901783.5
2021-082,4893507.6,51723081.46,56756986.58
2021-083,4083275.4,52892629.78,57116302.7
2021-084,4062740.4,53868532.6,58071670.52
2021-085,4968023.4,54839527.56,59947948.48
2021-086,4103854.2,56026885.15,60271136.87
2021-087,3980604.0,57007706.31,61128707.83
2021-088,4810608.6,57959070.67,62910076.79
2021-089,3992631.0,59108806.13,63241834.65
2021-090,3991076.4,60063044.94,64194518.86
2021-091,4801492.8,61016912.2,65958802.52
2021-092,4119679.2,62164468.98,66301540.46
2021-093,4022259.0,63149072.31,67188723.59
2021-094,4787763.6,64110392.22,68915548.1
2021-095,4005541.8,65254667.73,69277601.81
2021-096,3907656.6,65951632.0,69876680.88
2021-097,4562233.8,66885561.93,71465188.01
2021-098,3848767.8,67975935.81,71842095.89
2021-099,3840780.6,68895791.32,72753964.2
2021-100,4533400.8,69813737.88,74364530.96
2021-101,4044924.0,70602549.62,74664865.9
2021-102,3997344.0,71569286.46,75584022.74
2021-103,4835248.2,72524651.68,77377292.16
2021-104,4176708.0,73680276.01,77874376.29
2021-105,4164982.2,74407023.2,78577785.72
2021-106,5033770.2,75402453.95,80442004.47
2021-107,4263797.4,76605525.03,80875102.75
2021-108,4175130.6,77624572.61,81805483.53
2021-109,5070135.6,78622428.82,83698344.74
2021-110,4255915.8,79834191.23,84095887.35
2021-111,4169461.2,80851355.11,85026596.63
2021-112,5111049.6,81847856.34,86964686.26
2021-113,4221791.4,83069397.2,87296968.92
2021-114,4189666.8,84078405.34,88273852.46
2021-115,5122147.8,85079735.7,90207663.82
2021-116,4283343.0,86303929.03,90593052.35
2021-117,4221189.0,87327648.01,91554617.33
2021-118,5153496.0,88336512.19,93497766.87
2021-119,4326267.0,89568197.73,93902223.41
2021-120,4284817.8,90602175.55,94894752.03
2021-121,5397173.4,91626247.01,97031179.09
2021-122,4490320.2,92916171.45,97414250.33
2021-123,4384002.0,93989357.98,98381118.66
2021-124,5388109.8,95037134.46,100433002.94
2021-125,4467019.8,96324892.71,100799671.19
2021-126,4375804.8,97392510.45,101776073.93
2021-127,5426320.8,98438327.8,103872407.28
2021-128,4573377.0,99382507.62,103963643.3
2021-129,4476699.6,100178275.22,104662733.5
2021-130,5486071.2,101248206.43,106742036.31
2021-131,4358434.8,102559377.45,106927791.15
2021-132,4502975.4,103601043.37,108113997.67
2021-133,5545014.0,104677254.49,110232247.39
2021-134,4568653.2,106002512.84,110581144.94
2021-135,4510105.8,107094420.96,111614505.66
2021-136,5568049.2,108172336.25,113750364.35
2021-137,4566265.8,109503100.01,114079344.71
2021-138,4536270.0,110297630.26,114843879.16
2021-139,5553819.0,111381798.79,116945596.69
2021-140,5120027.4,112709161.54,117839167.84
2021-141,4895257.2,113932848.09,118838084.19
2021-142,5821119.0,115102814.56,120933912.46
2021-143,4643625.6,116494062.01,121147666.51
2021-144,4508427.0,117603888.53,122119379.67
2021-145,5681480.4,118681402.59,124369947.13
2021-146,4821494.4,120039276.41,124867834.95
2021-147,4431503.4,121191613.58,125630181.12
2021-148,5688909.6,122250742.89,127946716.63
2021-149,4772789.4,123610392.29,128390245.83
2021-150,4670800.8,124751088.96,129428953.9
2021-151,5738530.2,125867410.35,131613004.69
2021-152,4926511.8,127238919.07,132172495.01
2021-153,5208217.2,128416355.39,133631636.73
2021-154,5132298.6,129661119.3,134800482.04
2021-155,3567429.0,130887738.67,134462231.81
2021-156,5344684.2,131740354.21,137092102.55
2022-001,5137624.8,133017733.74,138174334.72
2022-002,4247154.6,134245626.07,138511756.85
2022-003,6326356.2,135260696.02,141606028.4
2022-004,3164774.4,136772695.16,139956445.74
2022-005,3994257.6,137529076.25,141542310.03
2022-006,4656052.8,138483703.82,143158732.8
2022-007,5721169.2,139596500.44,145336645.82
2022-008,4832079.6,140963859.88,145814915.66
2022-009,4716584.4,142118726.91,146854287.49
2022-010,5773980.0,142939412.6,148732368.78
2022-011,4822681.8,144319393.82,149161051.8
2022-012,4802292.6,145472014.77,150293283.55
2022-013,5861021.4,146619762.7,152499760.28
2022-014,4947574.2,148020546.81,152976609.89
2022-015,4871514.6,149203017.05,154083020.53
2022-016,5924352.6,150367309.04,156300150.52
2022-017,4954414.2,151783229.31,156746132.39
2022-018,4864300.8,152967334.31,157840123.99
2022-019,5957473.2,154129902.2,160095864.28
2022-020,4941574.8,155553738.3,160503801.98
2022-021,4871832.6,156734774.68,161615096.16
2022-022,5964844.8,157899142.67,163872476.35
2022-023,5084381.4,159324740.58,164417610.86
2022-024,4909071.0,160539907.73,165457467.61
2022-025,5932961.4,161713175.7,167654625.98
2022-026,5026030.8,163131153.47,168165870.59
2022-027,4932568.2,164332374.83,169273629.35
2022-028,5976147.6,165511258.64,171496092.56
2022-029,4974522.6,166939557.92,171922766.84
2022-030,4868896.8,168128468.82,173006051.94
2022-031,5923341.0,169292135.15,175224162.47
2022-032,4957051.8,170707813.65,175673551.77
2022-033,4885858.2,171892549.03,176787093.55
2022-034,5932242.6,173060269.15,179001198.07
2022-035,4942004.4,174478075.13,179428765.85
2022-036,4820259.6,175659214.19,180488160.11
2022-037,5902635.0,176811256.24,182722577.56
2022-038,4866369.0,178221986.01,183097041.33
2022-039,4818865.2,179385048.21,184212599.73
2022-040,6061262.4,180536756.99,186605522.41
2022-041,5013347.4,181985398.71,187006249.13
2022-042,4925572.8,183183588.74,188116664.56
2022-043,5966642.4,184360800.64,190334946.06
2022-044,5043917.4,185786828.18,190838248.6
2022-045,4947744.0,186992324.44,191947571.46
2022-046,6101705.4,187853231.9,193962440.32
2022-047,4622667.6,188914928.64,193545099.26
2022-048,4984707.6,190019746.2,195011956.82
2022-049,6100357.8,191211091.32,197318952.14
2022-050,4791155.4,192669076.84,197467735.26
2022-051,4997697.6,193814162.98,198819363.6
2022-052,6048614.4,195008612.71,201064730.13
2022-053,5191514.4,196454231.56,201652964.2
2022-054,5106494.4,197695003.51,202808716.15
2022-055,6534238.8,198915455.68,205456912.72
2022-056,5362413.6,200477138.75,205846770.59
2022-057,5234360.4,201758755.61,207000334.25
2022-058,6370282.2,203009767.75,209387268.19
2022-059,5263180.2,204118196.85,209388595.29
2022-060,5176263.0,205376096.92,210559578.16
2022-061,6335457.6,206613223.78,212955899.62
2022-062,5340185.4,208127398.15,213474801.79
2022-063,5433258.0,209403702.46,214844178.7
2022-064,6547861.2,210702251.12,217257330.56
2022-065,5581831.8,212267189.95,217856239.99
2022-066,7301295.6,213601247.75,220913093.07
2022-067,3696198.6,215346257.4,219053005.72
2022-068,4578033.0,215989395.96,220577978.68
2022-069,5372943.0,217083545.85,222467038.57
2022-070,6493327.2,218367679.23,224871556.15
2022-071,5492911.2,219919584.43,225423045.35
2022-072,5266402.8,221232390.21,226509342.73
2022-073,6454294.2,222491060.48,228955904.4
2022-074,5495643.0,224033636.8,229539829.52
2022-075,5344254.6,225347095.48,230701899.8
2022-076,6381099.6,226624372.33,233016021.65
2022-077,5385998.4,228149455.14,233546003.26
2022-078,5305355.4,229436708.76,234752613.88
2022-079,6498435.6,230704688.7,237211748.96
2022-080,5497345.2,232004375.82,237510345.68
2022-081,5402257.2,232960913.88,238371795.74
2022-082,6512772.0,234041365.32,240562761.98
2022-083,6226409.4,235343919.72,241578953.78
2022-084,5986844.4,236589201.6,242584670.66
2022-085,6857280.6,237786570.48,244652475.74
2022-086,5558400.6,239158026.6,244725051.86
2022-087,5376465.6,240269706.72,245654796.98
2022-088,6424964.4,241344999.84,247778588.9
2022-089,5517840.6,242629992.72,248156457.98
2022-090,5419212.6,243733560.84,249161398.1
2022-091,6491727.6,244676503.83,251176856.09
2022-092,5758137.0,245974849.35,251752231.21
2022-093,5609824.8,246976765.19,252605834.85
2022-094,6488551.2,248098730.15,254606526.21
2022-095,6924251.4,249396440.39,256339936.65
2022-096,6462916.8,250781290.67,257263452.33
2022-097,7393074.0,252073874.03,259486192.89
2022-098,5747066.4,253552488.83,259318800.09
2022-099,6015967.8,254701902.11,260737114.77
2022-100,6946218.0,255905095.67,262870558.53
2022-101,6284833.2,257294339.27,263598417.33
2022-102,6122152.8,258551305.91,264692703.57
2022-103,7033535.4,259775736.47,266828516.73
2022-104,6345984.6,261182443.55,267547673.01
2022-105,6296100.0,262451640.47,268758015.67
2022-106,7472741.4,263710860.47,271193877.07
2022-107,6356635.8,265205408.75,271572319.75
2022-108,6184645.2,266476735.91,272671656.31
2022-109,7363647.0,267713664.95,275087587.15
2022-110,6361791.6,269186394.35,275558461.15
2022-111,6251376.0,270458752.67,276720403.87
2022-112,7455226.8,271709027.87,279174529.87
2022-113,6380961.0,273200073.23,279591309.43
2022-114,6231703.8,274476265.43,280718244.43
2022-115,7537777.8,275722606.19,283270659.19
2022-116,6366438.0,277230161.75,283606874.95
2022-117,6227771.4,278503449.35,284741495.95
2022-118,7599778.8,279749003.63,287359461.57
2022-119,6466698.0,281268959.39,287746336.53
2022-120,6293844.0,282562298.99,288866822.13
2022-121,7547875.8,283821067.79,291379622.73
2022-122,6352047.0,285330642.95,291693369.09
2022-123,6211196.4,286601052.35,292822927.89
2022-124,7536198.0,287843291.63,295390168.77
2022-125,6344819.4,289350531.23,295706029.77
2022-126,6239076.6,290619495.11,296869250.85
2022-127,7552274.4,291867310.43,299430263.97
2022-128,6348993.0,293377765.31,299737437.45
2022-129,6195603.0,294647563.91,300853846.05
2022-130,7522705.8,295886684.51,303420069.45
2022-131,4742385.6,297391225.67,302144290.41
2022-132,6882583.8,298339702.79,305232143.57
2022-133,9607324.2,299716219.55,309333400.73
2022-134,7727216.4,301637684.39,309374757.77
2022-135,7482844.8,303183127.67,310675829.45
2022-136,9088407.6,304679696.63,313777961.21
2022-137,7574112.6,306497378.15,314081347.73
2022-138,7395489.0,308012200.67,315417546.65
2022-139,8983659.6,309491298.47,318484815.05
2022-140,7249379.4,311288030.39,318547266.77
2022-141,7209365.4,312737906.27,319957128.65
2022-142,8653612.8,314179779.35,322843249.13
2022-143,7283601.0,315910501.91,323203959.89
2022-144,7266328.2,317367222.11,324643811.35
2022-145,8853445.2,318820487.75,327684193.99
2022-146,7774746.6,320360987.21,328145994.85
2022-147,9856338.0,321915936.53,331782535.57
2022-148,5225281.2,323887204.13,329122746.37
2022-149,6182526.0,324932260.37,331125047.41
2022-150,7170324.0,326168765.57,333349350.61
2022-151,8822425.8,327602830.37,336435517.21
2022-152,7679320.2,329137932.46,336827513.7
2022-153,7657967.4,330673796.5,338342024.94
2022-154,9011550.6,332205389.98,341227201.62
2022-155,8015118.0,334007700.1,342033079.14
2022-156,8440299.6,335610723.7,344061284.34
2022-157,10174147.8,337298783.62,347483192.46
2023-001,8185164.6,339333613.18,347532425.56
2023-002,8183005.8,340757831.82,348954485.4
2023-003,8655166.2,342394432.98,351063246.96
2023-004,7862290.2,344125466.22,352001404.2
2023-005,7709613.0,345697924.26,353421185.04
2023-006,9269698.2,347239846.86,356523192.84
2023-007,7740873.6,349093786.5,356848307.88
2023-008,7528839.0,350641961.22,358184448.0
2023-009,8960697.6,352147729.02,361122074.4
2023-010,7624684.2,353939868.54,361578200.52
2023-011,7479485.4,355464805.38,362957938.56
2023-012,8902496.4,356960702.46,365876846.64
2023-013,7622997.0,358741201.74,366377846.52
2023-014,7569843.0,360265801.14,367861861.7
2023-015,9036368.4,361779769.74,370842355.7
2023-016,7595474.4,363587043.42,371208735.38
2023-017,7309111.2,365106138.3,372441467.06
2023-018,8892787.2,366567960.54,375486965.3
2023-019,7570822.8,368346517.98,375943558.34
2023-020,7314609.0,369860682.54,377201509.1
2023-021,7160822.4,53808484.12,60995524.08
2023-022,6098483.4,55240648.6,61365349.56
2023-023,5944204.8,56460345.28,62430767.64
2023-024,7178413.2,57649186.24,64853817.0
2023-025,5991203.4,59084868.88,65102289.84
2023-026,6021171.6,60283109.56,66346237.82
2023-027,7241258.4,61487343.88,68770558.94
2023-028,6015475.2,62935595.56,68993027.42
2023-029,5805252.6,64138690.6,69985899.86
2023-030,7048803.6,65299741.12,72390501.38
2023-031,5820325.2,66709501.84,72571783.7
2023-032,5666968.2,67873566.88,73582491.74
2023-033,6904003.8,69006960.52,75952920.98
2023-034,5715170.4,70387761.28,76144888.34
2023-035,5526465.0,71530795.36,77099217.02
2023-036,6738534.0,72636088.36,79416579.02
2023-037,5299120.2,7009157.02,12350233.88
2023-038,5235531.6,8068981.06,13346469.32
2023-039,6494805.0,9116087.38,15893973.8
2023-040,5426495.4,10415048.38,16124625.2
2023-041,5336507.4,11500347.46,17119936.28
2023-042,6537757.2,12567648.94,19388487.56
2023-043,4903217.4,13875200.38,19061499.2
2023-044,5235396.6,14855843.86,20374321.88
2023-045,6393556.2,15902923.18,22579560.8
2023-046,5301961.8,17181634.42,22766677.64
2023-047,5114743.8,18242026.78,23639852.0
2023-048,6262504.8,19264975.54,25810561.76
2023-049,4006219.8,20517476.5,24806777.72
2023-050,5338971.6,21318720.46,26940773.48
2023-051,6208672.2,22386514.78,28878268.4
2023-052,4949580.6,23628249.22,28694519.0
2023-053,5140831.8,24618165.34,29875686.32
2023-054,6198097.2,25646331.7,31961118.08
2023-055,5181268.8,26885951.14,32183909.12
2023-056,5080312.8,27922204.9,33119206.88
2023-057,6212714.4,28938267.46,35267671.04
2023-058,5104725.0,30180810.34,35402224.52
2023-059,5025787.2,31201755.34,36344231.72
2023-060,6108624.0,32206912.78,38432225.96
2023-061,5018743.2,33428637.58,38564069.96
2023-062,4887990.6,34432386.22,39437066.0
2023-063,5933713.2,35409984.34,41460386.72
2023-064,4913446.8,36596726.98,41626862.96
2023-065,4977409.8,37579416.34,42567253.58
2023-066,5649223.8,38445485.65,44105136.89
2023-067,5015811.0,39575330.41,44601568.85
2023-068,4882776.6,40578492.61,45471696.65
2023-069,5948884.8,41555047.93,47514360.17
2023-070,4803770.4,10987240.92,15801438.76
2023-071,4715674.2,11947995.0,16674096.64
2023-072,5734538.4,12891129.84,18636095.68
2023-073,4932930.0,14038037.52,18981394.96
2023-074,4766260.2,15024623.52,19801311.16
2023-075,5806368.0,15977875.56,21794671.0
2023-076,4718957.4,17139149.16,21868534.0
2023-077,4596507.6,18082940.64,22689875.68
2023-078,5725951.8,19002242.16,24737737.46
2023-079,4828900.8,20147432.52,24985876.82
2023-080,4714609.2,21113212.68,25837365.38
2023-081,2693464.8,22056134.52,24759142.82
2023-082,4645141.2,22594827.48,27249512.18
2023-083,4634041.8,23523855.72,28167441.02
2023-084,4549041.6,24450664.08,29009249.18
2023-085,2728200.6,25360472.4,28098216.5
2023-086,4626886.2,25835179.3,30471609.0
2023-087,4540744.2,26760556.54,31310844.24
2023-088,4438898.4,27550646.03,31999087.93
2023-089,2729559.6,28438425.71,31177528.81
2023-090,4621771.8,28984337.63,33615652.93
2023-091,4484436.6,29908691.99,34402672.09
2023-092,4457390.4,30805579.31,35272513.21
2023-093,2769202.8,31697057.39,34475803.69
2023-094,4654216.2,32250897.95,36914657.65
2023-095,4645848.6,33181741.19,37865672.69
2023-096,4525778.4,34110910.91,38674772.21
2023-097,2884827.6,35016066.59,37938977.09
2023-098,4775729.4,35593032.11,40406844.41
2023-099,4630055.4,36548177.99,41216316.29
2023-100,4541105.4,37474189.07,42053377.37
2023-101,2897242.2,38382410.15,41317735.25
2023-102,4574962.8,38961858.59,43574904.29
2023-103,3533046.0,39876851.15,43447980.05
2023-104,4454241.6,40583460.35,45075784.85
2023-105,2813263.2,41474308.67,44325654.77
2023-106,4372940.4,42036961.31,46447984.61
2023-107,4417491.6,42911549.39,47367123.89
2023-108,4310136.6,43795047.71,48143267.21
2023-109,2762806.8,44545011.48,47345901.18
2023-110,4505371.8,45097572.84,49641027.54
2023-111,4525582.8,45998647.2,50562312.9
2023-112,4496453.4,46903763.76,51438300.06
2023-113,2959226.4,47803054.44,50768599.78
2023-114,4823035.2,48394899.72,53224253.86
2023-115,4689549.6,49359506.76,54055375.3
2023-116,4583332.2,50297416.68,54887067.82
2023-117,2926407.0,51094916.48,54027642.42
2023-118,4850260.2,51680197.88,56536777.02
2023-119,4631268.0,52650249.92,57287836.86
2023-120,4562932.2,53576503.52,58145754.66
2023-121,2971043.4,54489089.96,57466452.3
2023-122,4908036.0,55083298.64,59997653.58
2023-123,4629750.0,55937296.9,60573365.84
2023-124,4558026.6,56863246.9,61427592.44
2023-125,2942402.4,57774852.22,60723573.56
2023-126,4911895.8,58363332.7,63281547.44
2023-127,4612746.6,59345711.86,63964777.4
2023-128,4496079.0,60268261.18,64770659.12
2023-129,2978026.8,61167476.98,64151822.72
2023-130,4935049.2,61763082.34,66704450.48
2023-131,4710951.0,62750092.18,67470262.82
2023-132,4596537.0,63692282.38,68298039.02
2023-133,3025347.6,64611589.78,67646157.02
2023-134,4982623.2,65216659.3,70208502.14
2023-135,4661211.0,66213183.94,70883614.58
2023-136,4575910.2,67145426.14,71730555.98
2023-137,3082468.8,68060608.18,71152296.62
2023-138,5062159.8,68677101.94,73748481.38
2023-139,4670146.8,69689533.9,74368900.34
2023-140,4538119.2,70623563.26,75170902.1
2023-141,2989929.0,71531187.1,74530335.74
2023-142,5002264.2,72129172.9,77140656.74
2023-143,4529756.4,73129625.74,77668601.78
2023-144,4500712.2,74035577.02,78545508.86
2023-145,2994864.6,74935719.46,77939803.7
2023-146,5016944.4,75534692.38,80560856.42
2023-147,4683585.6,76538081.26,81230886.5
2023-148,4333166.4,77474798.38,81814388.96
2023-149,3061730.4,78341431.66,81409586.24
2023-150,5101602.0,78874172.75,83982198.93
2023-151,4676262.6,79894493.15,84577179.93
2023-152,4545634.8,80829745.67,85381804.65
2023-153,3054688.8,81738872.63,84799985.61
2023-154,5095849.2,82349810.39,87452083.77
2023-155,4666444.2,83368980.23,88041848.61
2023-156,4600822.8,84302269.07,88909516.05
2023-157,2976505.8,17698631.35,20681561.33
2023-158,4852357.8,18293932.51,23152714.49
2023-159,4464861.6,19264404.07,23735689.85
2023-160,4390042.2,20157376.39,24553842.77
2023-161,2974698.0,21035384.83,24016507.01
2023-162,4808736.0,21630324.43,26445484.61
2023-163,4461018.6,22592071.63,27059514.41
2023-164,4368045.6,23484275.35,27858745.13
2023-165,3083122.8,24357884.47,27446939.31
2023-166,5042652.6,24974509.03,30023093.67
2023-167,4588239.6,25983039.55,30577211.19
2023-168,4624925.4,26900687.47,31531544.91
2023-169,5294575.8,27825672.55,33126180.39
2023-170,2982331.2,28746928.74,31735191.98
2023-171,3877619.4,29343394.98,33226946.42
2023-172,4500564.6,30118918.86,34625415.5
2023-173,3016056.6,31019031.78,34041020.42
2023-174,4974723.0,31622243.1,36602898.14
2023-175,2527717.8,32487844.9,35021494.74
2023-176,3817410.6,32993388.46,36816731.1
2023-177,4616438.4,33657617.9,38279988.34
2023-178,3312456.0,34580905.58,37899293.62
2023-179,5159541.6,35243396.78,40408870.42
2023-180,5531868.0,36275305.1,41813105.14
2023-181,3776622.0,37381678.7,41164232.74
2023-182,5544583.2,38137003.1,43687518.34
2024-001,4422744.6,39245919.74,43739345.88
2024-002,4739267.4,40130468.66,44940417.6
2024-003,5250256.8,41078322.14,46399260.48
2024-004,4003255.8,41991866.82,46065804.16
2024-005,4578397.8,42792517.98,47441597.32
2024-006,2948019.0,43708197.54,46726898.08
2024-007,4997803.8,44297801.34,49366286.68
2024-008,4654312.2,45297362.1,50022355.84
2024-009,4577425.2,46228224.54,50876331.28
2024-010,2989153.2,47143709.58,50203544.32
2024-011,4990322.4,47741540.22,52802544.16
2024-012,4629913.2,48739604.7,53440199.44
2024-013,4542447.6,49665587.34,54278716.48
2024-014,3000388.2,50574076.86,53645146.6
2024-015,4981725.0,51174154.5,56226561.04
2024-016,4578195.0,52170499.5,56819376.04
2024-017,4595968.8,53086138.5,57694430.62
2024-018,3060643.2,54005332.26,57078298.78
2024-019,5071211.4,54617460.9,59700995.62
2024-020,4631113.8,55631703.18,60275140.3
2024-021,4549324.2,56557925.94,61119573.46
2024-022,3019791.0,57467790.78,60499905.1
2024-023,4933758.6,58071748.98,63017830.9
2024-024,4581501.6,59058500.7,63652325.62
2024-025,4503088.2,59974801.02,64490212.54
2024-026,3050934.0,60875418.66,63938675.98
2024-027,5002739.4,61485605.46,66500668.18
2024-028,4553687.4,62486153.34,67052164.06
2024-029,4466208.6,63396890.82,67875422.74
2024-030,3009516.6,64290132.54,67311972.46
2024-031,5012527.2,64892035.86,69916886.38
2024-032,4472341.2,65894541.3,70379205.82
2024-033,4489995.0,66789009.54,71291327.86
2024-034,3113220.6,67687008.54,70807932.54
2024-035,5108802.6,68309652.66,73426158.66
2024-036,4611776.4,69331413.18,73950892.98
2024-037,4502578.2,70253768.46,74764050.06
2024-038,3084040.8,71154284.1,74246028.3
2024-039,5038342.2,71771092.26,76817137.86
2024-040,4563060.0,72778760.7,77349524.1
2024-041,4464642.6,73691372.7,78163718.7
2024-042,3072649.8,74584301.22,77664654.42
2024-043,5009898.6,75198831.18,80216433.18
2024-044,4533787.8,76200810.9,80742302.1
2024-045,4426063.2,77107568.46,81541335.06
2024-046,3065306.4,77992781.1,81065790.9
2024-047,4984939.2,78605842.38,83598484.98
2024-048,4468342.2,79602830.22,84078875.82
2024-049,4458226.2,80496498.66,84962428.26
2024-050,3199008.6,81388143.9,84594855.9
2024-051,4966299.6,82027945.62,87001948.62
2024-052,4134915.0,83021205.54,87162979.0
2024-053,4477031.4,83848188.54,88332078.4
2024-054,3105499.2,84743594.82,87855952.48
2024-055,4952605.2,85364694.66,90324158.32
2024-056,4466184.6,86355215.7,90828258.76
2024-057,4422219.0,87248452.62,91677530.08
2024-058,3053925.6,88132896.42,91193680.48
2024-059,4900534.8,88743681.54,93651074.8
2024-060,4455553.2,89596374.6,94058786.26
2024-061,4444036.2,90487485.24,94938379.9
2024-062,3072626.4,91376292.48,94455777.34
2024-063,4953908.4,91990817.76,96951584.62
2024-064,4453326.6,92852797.82,97312982.88
2024-065,4455639.6,93627676.65,98090174.71
2024-066,4832259.6,94518804.57,99357922.63
2024-067,3013199.4,95485256.49,98505314.35
2024-068,3774588.0,96087896.37,99869342.83
2024-069,4139583.0,96842813.97,100987593.93
2024-070,3146697.0,97670730.57,100822624.53
2024-071,4977651.0,98300069.97,103282917.93
2024-072,4531541.4,99166181.24,103702919.6
2024-073,4468719.0,100072489.52,104546405.48
2024-074,3136321.2,100966233.32,104107751.48
2024-075,4583890.8,19203724.91,23792812.67
2024-076,4232505.6,20120503.07,24358205.63
2024-077,4133741.4,20967004.19,25105942.55
2024-078,3032839.2,21793752.47,24831788.63
2024-079,4681746.6,22400320.31,27087263.87
2024-080,4227681.6,23336669.63,27569548.19
2024-081,4143051.0,24182205.95,28330453.91
2024-082,2978541.0,25010816.15,27994554.11
2024-083,4656246.6,25606524.35,30267967.91
2024-084,4180718.4,26537773.67,30723689.03
2024-085,4101655.2,27373917.35,31480769.51
2024-086,2945229.6,28194248.39,31144674.95
2024-087,4673175.0,28783294.31,33537503.61
2024-088,4239549.0,29717929.31,34038512.61
2024-089,4133299.2,30455610.84,34669944.34
2024-090,2944212.6,31282270.68,34307517.58
2024-091,4570347.6,31871113.2,36522495.1
2024-092,4149261.0,32785182.72,37015478.02
2024-093,4096188.0,33615034.92,37792257.22
2024-094,2939497.2,34434272.52,37454804.02
2024-095,4541011.2,35022171.96,39644217.46
2024-096,4079505.6,35930374.2,40090914.1
2024-097,3990955.8,36746275.32,40818265.42
2024-098,2836653.6,37544466.48,40462154.38
2024-099,4440412.2,38111797.2,42633243.7
2024-100,4170196.2,38999879.64,43251110.14
2024-101,4090062.6,39833918.88,44005015.78
2024-102,2995776.0,40651931.4,43728741.7
2024-103,4423896.6,41251086.6,45756017.5
2024-104,4135843.2,42135865.92,46277448.94
2024-105,4102039.8,42855502.64,46963282.26
2024-106,2934770.4,43675910.6,46616420.82
2024-107,4489845.6,44262864.68,48758450.1
2024-108,4082574.0,45160833.8,49249147.62
2024-109,4004968.8,45977348.6,49988057.22
2024-110,2914193.4,46778342.36,49698275.58
2024-111,4428795.0,47361181.04,51795715.86
2024-112,4056036.6,48246940.04,52308716.46
2024-113,3970095.6,49058147.36,53033982.78
2024-114,2791104.0,49852166.48,52649010.3
2024-115,4399727.4,50410387.28,54815854.5
2024-116,4045650.6,51290332.76,55341723.18
2024-117,3965977.8,52099462.88,56071180.5
2024-118,2891592.0,52892658.44,55789990.26
2024-119,4352813.4,53470976.84,57829530.06
2024-120,4012512.6,54341539.52,58359791.94
2024-121,4029064.8,55144042.04,59183841.26
2024-122,2950530.0,55949855.0,58911119.42
2024-123,4428623.4,56539961.0,60979318.82
2024-124,4056780.6,57425685.68,61493200.7
2024-125,4004358.0,58237041.8,62252134.22
2024-126,2930244.6,59037913.4,61978892.42
2024-127,4272837.6,59623962.32,63907534.34
2024-128,3989898.6,60478529.84,64479162.86
2024-129,3734249.4,61276509.56,65021493.38
2024-130,3965951.4,61926268.96,65902954.78
2024-131,2793828.0,62719459.24,65524021.66
2024-132,3342229.8,63278224.84,66631189.06
2024-133,3861567.6,63946670.8,67818972.82
2024-134,2841683.4,64718984.32,67571402.14
2024-135,4184089.2,65287321.0,69482144.62
2024-136,4038499.8,66124138.84,70173373.06
2024-137,3958591.2,66931838.8,70901164.42
2024-138,2893259.4,67723557.04,70627550.86
2024-139,4345674.0,68302208.92,72658617.34
2024-140,4172671.8,69171343.72,73350676.44
2024-141,4072532.4,70005878.08,74085071.4
2024-142,3003487.2,70820384.56,73830532.68
2024-143,4530584.4,71421082.0,75958327.32
2024-144,4194211.2,72327198.88,76528071.0
2024-145,4138426.8,73166041.12,77311128.84
2024-146,3059035.2,73993726.48,77059422.6
2024-147,4648684.8,74605533.52,79260879.24
2024-148,4223559.6,75535270.48,79765491.0
2024-149,4150378.2,76379982.4,80537021.52
2024-150,3040743.6,77210058.04,80257462.56
2024-151,4631121.6,77818206.76,82455989.28
2024-152,4212960.6,78744431.08,82964052.6
2024-153,4121715.0,79587023.2,83715399.12
2024-154,3033304.8,80411366.2,83451331.92
2024-155,4650094.8,81018027.16,85674782.88
2024-156,4315407.6,81948046.12,86268653.88
2024-157,4152710.4,82811127.64,86969038.2
2024-158,3107320.2,83641669.72,86754190.08
2024-159,4752300.6,84263133.76,89020634.52
2024-160,4210437.0,85213593.88,89429231.04
2024-161,4226502.0,86055681.28,90287383.44
2024-162,3097185.6,86900981.68,90003367.44
2024-163,4772932.2,87520418.8,92298551.16
2024-164,4288879.2,88475005.24,92769084.6
2024-165,3988917.6,17703255.34,21697373.1
2024-166,2955924.6,18501038.86,21462163.62
2024-167,4537582.2,19092223.78,23635006.14
2024-168,4107445.2,19999740.22,24112385.58
2024-169,4016758.2,20821229.26,24843187.62
2024-170,2993873.4,21624580.9,24623654.46
2024-171,4579997.4,22223355.58,26808553.14
2024-172,4107714.6,23139355.06,27252269.82
2024-173,4128895.2,23960897.98,28094993.34
2024-174,4803883.8,24786677.02,29595462.06
2024-175,2813031.0,25747453.78,28565386.02
2024-176,3528223.8,26310059.98,29843185.02
2024-177,4063119.0,27015704.74,31083724.98
2024-178,2979030.6,27828328.54,30812260.38
2024-179,4656990.0,28424134.66,33086025.9
2024-180,4159312.2,29355532.66,33519746.1
2024-181,4072729.2,30187395.1,34265025.54
2024-182,2984344.8,31001940.94,33991186.98
2024-183,4645687.8,31598809.9,36249398.94
2024-184,4127878.8,32527947.46,36660727.5
2024-185,4025805.6,33353523.22,37384230.06
2024-186,2971137.6,34158684.34,37134723.18
2024-187,4596783.0,34752911.86,39354596.1
2024-188,4065561.6,35672268.46,39742731.3
2024-189,4013530.2,36485380.78,40503812.22
2024-190,2958912.0,37288086.82,40251900.06
2024-191,4605828.0,37802937.51,42413666.75
2024-192,4231494.0,38604351.58,42842403.64
2024-193,4168186.2,39450650.38,43625394.64
2024-194,3082237.8,40284287.62,43373083.48
2024-195,4712114.4,40900735.18,45619407.64
2024-196,4222495.8,41843158.06,46072211.92
2024-197,4170231.6,42687657.22,46864446.88
2024-198,3091594.2,43521703.54,46619855.8
2024-199,4748733.0,44140022.38,48895313.44
2024-200,4492258.8,45089768.98,49588585.84
2024-201,4401087.0,45871422.01,50279067.07
2024-202,3323145.0,46637211.15,49966914.21
2024-203,5026154.4,47301840.15,52334552.61
2024-204,4825263.6,48307071.03,53138892.69
2024-205,3955825.2,49146666.9,53109050.16
2024-206,4763972.4,49834980.48,54605510.94
2024-207,3578551.2,50787774.96,54372884.22
2024-208,4143133.8,51503485.2,55653177.06
2025-001,3909627.0,52332111.96,56251127.42
2025-002,3192400.8,53012387.06,56214176.32
2025-003,4744617.0,53650867.22,58404872.68
2025-004,4055004.0,54599790.62,58664183.08
2025-005,4223367.6,55410791.42,59643547.48
2025-006,3149604.0,56255464.94,59414457.4
2025-007,4779480.0,56885385.74,61674254.2
2025-008,4289599.2,57841281.74,62140269.4
2025-009,4207516.2,58699201.58,62916106.24
2025-010,3150966.0,59540704.82,62701059.28
2025-011,4787054.4,60088972.9,64885415.76
2025-012,4281669.0,61046383.78,65337441.24
2025-013,4170547.2,61791394.19,65971329.85
2025-014,3118222.8,62625503.63,65753114.89
2025-015,4768812.6,63249148.19,68027349.25
2025-016,4221828.0,64202910.71,68434127.17
2025-017,4154554.2,65047276.31,69211218.97
2025-018,3098094.0,65878187.15,68985669.61
2025-019,4841619.6,66497805.95,71351470.47
2025-020,4326685.8,67466129.87,71804860.59
2025-021,4223574.0,68331467.03,72567085.95
2025-022,3162757.8,69176181.83,72350984.55
2025-023,4797119.4,69808733.39,74617897.71
2025-024,4293645.6,70768157.27,75073847.79
2025-025,4202784.6,71626886.39,75841715.91
2025-026,3138724.2,72358170.91,75508940.03
2025-027,4771840.8,72985915.75,77769801.47
2025-028,4249568.4,73940283.91,78201897.23
2025-029,4170314.4,74790197.59,78972556.91
2025-030,3153391.8,75515832.3,78681269.02
2025-031,4798233.6,76146510.66,80956789.18
2025-032,4217841.0,77106157.38,81336043.3
2025-033,4151877.6,77949725.58,82113648.1
2025-034,3133542.6,78780101.1,81925688.62
2025-035,4806070.2,79406809.62,84219096.6
2025-036,4301736.6,80243065.83,84551019.21
2025-037,4233789.0,81103413.15,85343418.93
2025-038,3198237.0,81840092.44,85044546.22
2025-039,4851754.8,82479739.84,87337711.42
2025-040,4301038.8,83450090.8,87757346.38
2025-041,4227872.4,84310298.56,88544387.74
2025-042,3170658.6,85045948.36,88222823.74
2025-043,4845818.4,85680080.08,90532115.26
2025-044,4274655.0,86649243.76,90930115.54
2025-045,4187512.2,87504174.76,91697903.74
2025-046,2984130.0,8149653.5,11140000.28
2025-047,4525935.0,8746479.5,13278631.28
2025-048,4029981.0,9651666.5,13687864.28
2025-049,3971002.2,10457662.7,14434881.68
2025-050,3020281.8,11251863.14,14278361.72
2025-051,4616010.0,11855919.5,16478146.28
2025-052,4145518.2,12779121.5,16931433.42
2025-053,4088463.0,13608225.14,17703481.86
2025-054,3063585.0,14425917.74,17496296.46
2025-055,4625410.2,15038634.74,19670838.66
2025-056,4109290.8,15843456.11,19959540.63
2025-057,4038586.8,16665314.27,20710694.79
2025-058,3032249.4,17473031.63,20512074.75
2025-059,4604083.2,18079481.51,22690358.43
2025-060,4064574.0,19000298.15,23071665.87
2025-061,4015558.2,19813212.95,23835564.87
2025-062,3136830.6,20511920.08,23655544.4
2025-063,4608130.2,21139286.2,25754210.12
2025-064,3723655.2,22060912.24,25791361.16
2025-065,4069418.4,22805643.28,26881855.4
2025-066,4670324.4,23619526.96,28296645.08
2025-067,2747056.2,24432163.41,27186013.33
2025-068,3381807.6,24981574.65,28370175.97
2025-069,4010308.8,25657936.17,29728627.71
2025-070,4457785.8,26459997.93,30978166.47
2025-071,2662875.0,27351555.09,30074812.83
2025-072,3401637.0,27884130.09,31346149.83
2025-073,3920846.4,28564457.49,32545686.63
2025-074,2991522.6,29348626.77,32400532.11
2025-075,4513102.2,29946931.29,34520416.23
2025-076,4015254.6,30849551.73,34925189.07
2025-077,3930194.4,31652602.65,35643179.79
2025-078,2989920.0,32438641.53,35488944.27
2025-079,4487260.2,33036625.53,37584268.47
2025-080,3982882.2,33934077.57,37977342.51
2025-081,3936096.0,34730654.01,38727132.75
2025-082,2895383.4,3415997.64,6371763.78
2025-083,4296823.8,3995074.32,8352280.86
2025-084,3838525.8,4854439.08,8753347.62
2025-085,3770777.4,5622144.24,9453304.38
2025-086,2867517.0,6376299.72,9304199.46
2025-087,4254501.6,6949803.12,11264687.46
2025-088,3647199.0,7690086.4,11346701.52
2025-089,3827395.8,8419526.2,12256338.12
2025-090,2900874.0,9185005.36,12095295.48
2025-091,4295379.6,9765180.16,14069975.88
2025-092,3820598.4,10624256.08,14454270.6
2025-093,3757747.2,11388375.76,15155539.08
2025-094,2870718.6,12139925.2,15020059.92
2025-095,4210793.4,12714068.92,16934278.44
2025-096,3791178.0,13556227.6,17356821.72
2025-097,3710571.6,14314463.2,18034450.92
2025-098,2957321.4,15056577.52,18023315.04
2025-099,4301319.6,15648041.8,19958777.52
2025-100,3760698.0,16508305.72,20278419.84
2025-101,3668559.0,17162667.17,20840642.29
2025-102,2930686.2,17896378.97,20836481.29
2025-103,4249228.8,18482516.21,22741161.13
2025-104,3805957.8,19332361.97,23168915.09
2025-105,3751609.8,20093553.53,23875758.65
2025-106,2861741.4,20843875.49,23736212.21
2025-107,4204213.2,21416223.77,25651032.29
2025-108,3805041.0,22257066.41,26092702.73
2025-109,3813255.6,23018074.61,26861925.53
2025-110,2905688.4,23780725.73,26717009.45
2025-111,4258133.4,24361863.41,28650592.13
2025-112,3834646.2,25213490.09,29078731.61
2025-113,3767417.4,25980419.33,29778432.05
2025-114,2886681.0,26733902.81,29651179.13
2025-115,4225728.6,27311239.01,31567562.93
2025-116,3789265.8,28156384.73,31976245.85
2025-117,3725574.6,28914237.89,32670407.81
2025-118,2879122.2,29562487.87,32472205.39
2025-119,4214220.6,30138312.31,34383128.23
2025-120,3839143.8,30871586.69,34741325.81
2025-121,3772936.8,31539597.71,35343129.83
2025-122,2985973.2,32294185.07,35289845.63
2025-123,4317513.6,32813744.41,37140945.37
2025-124,3923550.6,33677247.13,37610485.09
2025-125,3834284.4,34461957.25,38305929.01
2025-126,2954257.2,35228814.13,38192758.69
2025-127,4168354.2,35742854.88,39920896.44
2025-128,3785914.2,36576525.72,40372127.28
2025-129,3845286.0,37333708.56,41188681.92
2025-130,3820817.4,38102765.76,41933270.52
2025-131,2672733.6,38866929.24,41549350.2
2025-132,3151141.2,39401475.96,42562304.52
2025-133,3676279.2,40031704.2,43717670.76
2025-134,2827251.0,40766960.04,43603898.4
2025-135,4032279.0,41258901.71,45300868.07
2025-136,3812619.0,42065357.51,45887663.87
2025-137,3731042.4,42827881.31,46568611.07
2025-138,2872542.0,43574089.79,46456319.15
2025-139,4209627.6,44148598.19,48367913.15
2025-140,3971820.6,44990523.71,48970093.43
2025-141,3884642.4,45784887.83,49677279.35
2025-142,2973773.4,46561816.31,49543338.83
2025-143,4348429.2,47156570.99,51512749.31
2025-144,3965772.0,48026256.83,51999777.95
2025-145,3898866.0,48819411.23,52726026.35
2025-146,3000957.0,49599184.43,52607890.55
2025-147,4410385.2,50199375.83,54617510.15
2025-148,3960106.8,51081452.87,55049308.79
2025-149,3877233.6,51873474.23,55758456.95
2025-150,2964826.2,52648920.95,55621496.27
2025-151,4370469.6,53241886.19,57620104.91
2025-152,3925820.4,54115980.11,58049549.63
2025-153,3873365.4,54901144.19,58782258.71
2025-154,2970234.6,55675817.27,58653800.99
2025-155,4412641.2,56269864.19,60690254.51
2025-156,3964731.6,57152392.43,61124873.15
2025-157,3966964.8,57945338.75,61917612.17
2025-158,3045093.6,58738731.71,61789133.93
2025-159,4516675.2,59347750.43,63869734.25
2025-160,4011783.6,60251085.47,64268177.69
2025-161,3942396.0,61053442.19,65001146.81
2025-162,3039747.6,61841921.39,64886977.61
2025-163,4516917.6,62449870.91,66972097.13
2025-164,3995821.2,63353254.43,67354384.25
2025-165,3919664.4,64152418.67,68077391.69
2025-166,3058550.4,64936351.55,68000210.57
2025-167,4879170.0,65468539.32,70353017.94
2025-168,3980946.6,66444373.32,70430628.54
2025-169,3902949.6,67240562.64,71148820.86
2025-170,3024258.6,68021152.56,71050719.78
2025-171,4482502.2,68626004.28,73113815.1
2025-172,3973194.0,69522504.72,73501007.34
2025-173,3883679.4,70317143.52,74206131.54
2025-174,3263706.6,71093879.4,74362894.62
2025-175,4089780.0,71746620.72,75843830.1
2025-176,3498436.2,72564576.72,76070442.3
2025-177,3982368.0,73264263.96,77254061.34
2025-178,3078225.6,74060737.56,77146392.54
2025-179,4565413.2,74676382.68,79249225.26
2025-180,4080393.6,75589465.32,79677288.3
2025-181,3979909.8,76405544.04,80392883.22
2025-182,3097722.0,77201526.0,80306677.38
2025-183,4566304.8,77821070.4,82394804.58
2025-184,4026453.6,78734331.36,82768214.34
2025-185,3975120.6,79539622.08,83522172.06
2025-186,3068761.8,80334646.2,83410837.38
2025-187,4540212.6,80948398.56,85496040.54
2025-188,3951785.4,81856441.08,85815655.86
2025-189,3952319.4,82646798.16,86606546.94
2025-190,3057322.8,83437262.04,86502014.22
2025-191,4551658.8,84048726.6,88607814.78
2025-192,4146114.6,84959058.36,89110952.92
2025-193,4080037.2,85788281.28,89874098.44
2025-194,3179488.2,86604288.72,89789556.88
2025-195,4672314.0,87240186.36,91918280.32
2025-196,3918562.2,88174649.16,92098991.32
2025-197,4073758.2,88958361.6,93037899.76
2025-198,3178488.0,89773113.24,92957381.2
2025-199,4680724.8,90408810.84,95095315.6
2025-200,4157240.4,91344955.8,95507976.16
2025-201,4140858.0,92176403.88,96323041.84
2025-202,3230418.0,93004575.48,96240773.44
2025-203,5520151.2,93650659.08,99176590.24
2025-204,2800695.6,94754689.32,97561164.88
2025-205,3791529.6,95314828.44,99112138.0
2025-206,5406208.8,96073134.36,101485123.12
2025-207,3437578.8,97154376.12,100597734.88
2025-208,4062185.4,97841891.88,101909857.24
2026-001,4344255.0,98654328.96,103004401.92
2026-002,4705818.0,99523179.96,104234815.92
2026-003,3675808.2,100464343.56,104145969.72
2026-004,4574910.6,101199505.2,105780233.76
2026-005,3396530.4,102114487.32,105516835.68
2026-006,4859050.2,102793793.4,107658661.56
2026-007,2709595.8,103765603.44,106481017.2
2026-008,3626736.0,104307522.6,107940076.56
2026-009,4280109.0,105032869.8,109318796.76
2026-010,3321019.2,105888891.6,109215728.76
2026-011,4891554.6,106553095.44,111450468.0
2026-012,4314807.0,107531406.36,111852031.32
2026-013,4257946.2,108394367.76,112658131.92
2026-014,3291375.6,109245957.0,112543150.56
2026-015,4882583.4,109904232.12,114792633.48
2026-016,4404529.8,110880748.8,115291096.56
2026-017,4266641.4,111761654.76,116034114.12
2026-018,3320836.8,112614983.04,115941637.8
2026-019,4908456.6,113279150.4,118193424.96
2026-020,4471851.0,114260841.72,118751820.18
2026-021,4374172.2,115155211.92,119548511.58
2026-022,3412024.2,116030046.36,119461198.02
2026-023,4978271.4,116712451.2,121709850.06
2026-024,4475455.2,117708105.48,122202688.14
2026-025,4316946.6,118603196.52,122939270.58
2026-026,3425157.6,119466585.84,122910870.9
2026-027,4936193.4,120151617.36,125106938.22
2026-028,4423051.2,121138856.04,125581034.7
2026-029,4277457.6,122023466.28,126320051.34
2026-030,3391514.4,122878957.8,126289599.66
2026-031,4953045.6,123557260.68,128529433.74
2026-032,4410612.0,124547869.8,128977609.26
2026-033,4303255.2,125429992.2,129752374.86
2026-034,3381125.4,126290643.24,129690896.1
2026-035,4950499.8,126966868.32,131936495.58
2026-036,4503647.4,127956968.28,132467155.34
2026-037,4376078.4,128857697.76,133240315.82
2026-038,3437910.6,129732913.44,133177363.7
2026-039,5024262.6,130420495.56,135451297.82
2026-040,4449295.2,131294717.25,135750552.11
2026-041,4354867.8,132184576.29,136545983.75
2026-042,3444560.4,133055549.85,136506649.91
2026-043,4990905.6,133744461.93,138741907.19
2026-044,4418540.4,134742643.05,139167723.11
2026-045,4321917.0,135626351.13,139954807.79
2026-046,3365523.0,136490734.53,139862797.19
2026-047,4971927.6,137163839.13,142142306.39
2026-048,4357138.8,138158224.65,142521903.11
2026-049,4225864.2,139029652.41,143262056.27
2026-050,3371791.2,139874825.25,143253156.11
2026-051,4962312.6,140549183.49,145518035.75
2026-052,4338555.0,141541646.01,145886740.67
2026-053,4392333.6,142409357.01,146808663.73
2026-054,3529647.0,143287823.73,146824443.85
2026-055,5709616.8,143993753.13,149710343.05
2026-056,3997527.6,145135676.49,149140177.21
2026-057,4383543.0,145935182.01,150325698.13
2026-058,3434421.6,146811890.61,150253285.33
2026-059,5018675.4,147498774.93,152524423.45
2026-060,4452489.6,148502510.01,152961972.73
2026-061,4434379.8,149277243.2,153718596.12
2026-062,3520098.6,150164119.16,153691190.88
2026-063,5026165.8,150868138.88,155901277.8
2026-064,4463106.0,151873372.04,156343451.16
2026-065,4393645.2,152765993.24,157166611.56
2026-066,3713054.4,153644722.28,157364749.8
2026-067,4370704.8,154387333.16,158765011.08
2026-068,3780701.4,155261474.12,159049148.64
2026-069,4968032.4,156017614.4,160992619.92
2026-070,5340203.4,157011220.88,162358795.62
2026-071,3275913.0,158079261.56,161362545.9
2026-072,3948153.0,158734444.16,162689968.5
2026-073,4620631.2,159524074.76,164152077.3
2026-074,3579591.0,160448201.0,164035163.34
2026-075,5144715.6,161164119.2,166316206.14
2026-076,4641238.2,162193062.32,166841671.86
2026-077,4590769.8,163121309.96,167719451.1
2026-078,3590103.0,163920103.91,167517578.25
2026-079,5215584.0,164638124.51,169861079.85
2026-080,4656004.8,165681241.31,170344617.45
2026-081,4541629.2,166612442.27,171161442.81
2026-082,3558381.6,167402685.75,170968438.69
2026-083,5090493.0,168114362.07,173212226.41
2026-084,4473621.0,169132460.67,173613453.01
2026-085,4411899.6,170027184.87,174446455.81
2026-086,3488312.4,170909564.79,174405248.53
2026-087,4925653.8,171607227.27,176540252.41
2026-088,5325797.4,172464291.03,177798329.65
2026-089,3656401.2,173529450.51,177194092.93
2026-090,5069260.8,174260730.75,179338232.77
2026-091,2817190.2,175274582.91,178100014.33
2026-092,3722453.4,175838020.95,179568715.57
2026-093,4405691.4,176582511.63,180996444.25
2026-094,3466222.2,177463649.91,180938113.33
2026-095,4935121.2,178156894.35,183100256.77
2026-096,4484923.2,179143918.59,183637083.01
2026-097,4357882.8,180040903.23,184407027.25
2026-098,3434470.8,180912479.79,184355191.81
2026-099,4850057.4,181599373.95,186457672.57
2026-100,4366007.4,182569385.43,186943634.05
2026-101,4268941.8,183442586.91,187719769.93
2026-102,3377728.8,184296375.27,187682345.29
2026-103,4761685.8,184971921.03,189741848.05
2026-104,4336343.4,185924258.19,190268842.81
2026-105,4409427.0,186791526.87,191207089.59
2026-106,3510073.2,187673412.27,191189621.19
2026-107,4910013.6,188375426.91,193291576.23
2026-108,4484705.4,189357429.63,193848270.75
2026-109,4399995.0,190254370.71,194660501.43
2026-110,3487309.8,191134369.71,194627815.23
2026-111,4920783.6,191831831.67,196758750.99
2026-112,4489791.6,192815988.39,197311915.71
2026-113,4383090.0,193713946.71,198103172.43
2026-114,3507406.8,194590564.71,198104107.23
2026-115,4859416.8,195292046.07,200157598.59
2026-116,4465117.2,196263929.43,200735182.35
2026-117,4440013.2,197156952.87,201603101.79
2026-118,3518987.4,198044955.51,201570078.63
2026-119,4954574.4,198748752.99,203709463.11
2026-120,4599141.6,199739667.87,204344945.19
2026-121,4486947.6,200659496.19,205152579.51
2026-122,3563622.0,201556885.71,205126643.43
2026-123,5044058.4,202269610.11,207321536.25
2026-124,4698970.2,203278421.79,207985259.73
2026-125,4599438.6,204218215.83,208825522.17
2026-126,3653409.0,205138103.55,208799380.29
2026-127,5001181.2,205868785.35,210877834.29
2026-128,4626609.0,206738990.88,211373467.62
2026-129,4585968.6,207664312.68,212258149.02
2026-130,4023765.6,208462271.22,212493904.56
2026-131,4162915.2,209267024.34,213437807.28
2026-132,3895780.2,210099607.38,214003255.32
2026-133,4459169.4,210878763.42,215345800.56
2026-134,3530119.2,211770597.3,215308584.24
2026-135,4764179.4,212476621.14,217248668.28
2026-136,4618801.8,213429457.02,218056126.56
2026-137,4521173.4,214353217.38,218882258.52
2026-138,3576683.4,215257452.06,218842003.2
2026-139,4923277.8,215972788.74,220903934.28
2026-140,4778956.2,216957444.3,221742674.48
2026-141,4692949.8,217913235.54,222612459.32
2026-142,3729741.0,218851825.5,222587840.48
2026-143,5118877.8,219597773.7,224722925.48
2026-144,4793208.0,220621549.26,225421031.24
2026-145,4688500.2,221580190.86,226274965.04
2026-146,3767390.4,222517890.9,226291555.28
2026-147,4505519.4,25588870.21,30100663.59
2026-148,4098015.0,26489974.09,30594263.07
2026-149,4028457.6,27309577.09,31344308.67
2026-150,3226112.4,28115268.61,31347654.99
2026-151,4541916.0,28760491.09,33308681.07
2026-152,4085729.4,29668874.29,33760877.67
2026-153,4023214.2,30379791.21,34409279.39
2026-154,3210159.6,31184434.05,34400867.63
